status,industry,region,title,source,published_date,direct_link,keyword,relevance_score,Date_Appended
Opening,Restaurants,USA,Rancho Cantina owners eye early-summer opening for new Danville restaurant,Danville San Ramon,2026-05-05 00:14:40,https://www.danvillesanramon.com/food/2026/05/04/rancho-cantina-owners-eye-early-summer-opening-for-new-danville-restaurant/,new location,4,2026-05-05
Opening,Specialty / Other,USA,TJ Maxx moving to new Kent location on East Hill,Kent Reporter,2026-05-04 23:37:23,https://www.kentreporter.com/2026/05/04/tj-maxx-moving-to-new-kent-location-on-east-hill/,new location,2,2026-05-05
Opening,Restaurants,Canada,Grand Openings: New Bars and Restaurants That Opened in April,Urban Milwaukee,2026-05-04 23:16:00,https://urbanmilwaukee.com/2026/05/04/grand-openings-new-bars-and-restaurants-that-opened-in-april-3/,grand opening,7,2026-05-05
Opening,Specialty / Other,USA,First Costco store in Milwaukee County to break ground this week,WISN,2026-05-04 22:28:00,https://www.wisn.com/article/first-costco-store-in-milwaukee-county-to-break-ground-this-week/71204434,under construction,2,2026-05-05
Opening,Furniture / Mattress,USA,Furniture retailer enters Ohio with Holland-area store; job fair set,Toledo Blade,2026-05-04 22:26:37,https://www.toledoblade.com/business/labor/2026/05/04/furniture-retailer-enters-ohio-with-holland-area-store-job-fair-set/stories/20260504109,soft opening,4,2026-05-05
Opening,Specialty / Other,USA,"As grocery prices soar, S.F. cult-favorite store to open a nonprofit market",San Francisco Chronicle,2026-05-04 22:20:06,https://www.sfchronicle.com/food/article/sunnydale-market-sf-22240299.php,new store,2,2026-05-05
Opening,Specialty / Other,USA,Bay Produce greenhouse open for 2nd Annual Flower Sale in Superior,fox21online.com,2026-05-04 21:47:00,https://www.fox21online.com/news/local/bay-produce-greenhouse-open-for-2nd-annual-flower-sale-in-superior/article_6424b5e5-cba9-47ed-9cc6-b4a7bf7eccb6.html,open for business,2,2026-05-05
Opening,Specialty / Other,USA,McDonald’s plan for new Phillip Island store sparks fierce backlash from locals,NT News,2026-05-04 21:44:48,https://www.ntnews.com.au/real-estate/commercial/mcdonalds-plan-for-new-phillip-island-store-sparks-fierce-backlash-from-locals/news-story/8b92d324bd2b7b38aa2bfcc3414f414a?campaignType=external&campaignChannel=syndication&campaignName=ncacont&campaignContent=&campaignSource=nt_news&campaignPlacement=spa,new store,2,2026-05-05
Opening,Specialty / Other,USA,"Houston Premium Outlets adding Sephora, Timberland stores this month",MSN,2026-05-04 21:42:50,https://www.msn.com/en-us/money/companies/houston-premium-outlets-adding-sephora-timberland-stores-this-month/ar-AA22gqux,new location,2,2026-05-05
Opening,Specialty / Other,USA,Oasis Fresh Market to open third location in south Tulsa alongside downtown store,Tulsa Flyer,2026-05-04 21:40:39,https://tulsaflyer.org/2026/05/04/business/post/oasis-fresh-market-open-third-location/,plans to open,2,2026-05-05
Opening,Specialty / Other,USA,9 businesses now open in Katy-Fulshear,Community Impact | News,2026-05-04 21:39:00,https://communityimpact.com/houston/katy-fulshear/business/2026/05/04/9-businesses-now-open-in-katy-fulshear/,now open,5,2026-05-05
Opening,Convenience Stores / Distributors,USA,From AI to Retail Media: The New C-Store Tech Playbook,CStore Decisions,2026-05-04 21:33:22,https://cstoredecisions.com/from-ai-to-retail-media-the-new-c-store-tech-playbook/,plans to open,4,2026-05-05
Opening,Specialty / Other,USA,Another Chick-fil-A location will open in fall in this Kansas City suburb,Kansas City Star,2026-05-04 21:26:37,https://www.kansascity.com/news/business/openings-closings/article315631809.html,new location,2,2026-05-05
Closing,Specialty / Other,USA,Chiapinnis store closing after 91 years in Melrose: ‘I’m ready to retire’,WCJB,2026-05-04 21:21:00,https://www.wcjb.com/2026/05/04/chiapinnis-store-closing-after-91-years-melrose-im-ready-retire/,store closing,5,2026-05-05
Opening,Grocery,USA,These 2 Grocery Stores Were Just Named the Most Trustworthy in the U.S.—Here's Why They Earned the Title,inc.com,2026-05-04 21:20:24,https://www.inc.com/lucia-auerbach/grocery-stores-were-just-named-the-most-trustworthy-in-the-us-heres-why/91340059,plans to open,4,2026-05-05
Opening,Specialty / Other,Canada,Trial by Fire: Why Disney’s Refusal to Soft-Open Big Thunder Mountain Led to a Day-One Disaster,disneydining.com,2026-05-04 21:16:28,https://www.disneydining.com/could-the-lack-of-a-soft-opening-caused-big-thunder-mountains-problems-on-opening-day-at-magic-kingdom-rl1/,grand opening,2,2026-05-05
Closing,Specialty / Other,Canada,Acme Fresh Market in Stow closing permanently this week,Akron Beacon Journal,2026-05-04 21:15:00,https://www.beaconjournal.com/story/grocery/stores/2026/05/04/acme-stow-closing-tuesday-may-5-fishcreek-plaza/89932297007/,store closing,2,2026-05-05
Opening,Department Stores,USA,Lotte Department Store Debuts Chilbo Jewelry Brand Chloisu as Industry First,Seoul Economic Daily,2026-05-04 21:00:05,https://en.sedaily.com/finance/2026/05/05/lotte-department-store-debuts-chilbo-jewelry-brand-chloisu,new store,4,2026-05-05
Opening,Specialty / Other,Canada,Crumbl Expanding To Edgewood Retail District This Summer,WhatNow,2026-05-04 20:59:04,https://whatnow.com/atlanta/restaurants/crumbl-expanding-to-edgewood-retail-district-this-summer/,expanding to,5,2026-05-05
Opening,Specialty / Other,Canada,"Nordstrom Rack Expands to Exton, Media This Fall with Two Stores",WhatNow,2026-05-04 20:52:29,https://whatnow.com/philadelphia/retail/nordstrom-rack-expands-to-exton-media-this-fall-with-two-stores/,new store,2,2026-05-05
Opening,Specialty / Other,USA,"West Palm Beach to welcome Trader Joe's, new photos, video of store",The Palm Beach Post,2026-05-04 20:52:00,https://www.palmbeachpost.com/story/grocery/stores/2026/05/04/west-palm-beach-trader-joes-grocery-store-photos-video/89934902007/,new store,2,2026-05-05
Opening,Restaurants,Canada,"Every new restaurant, cafe and closure you need to know about in Canberra right now",HerCanberra,2026-05-04 20:28:05,https://hercanberra.com.au/food-drink/every-new-restaurant-cafe-and-closure-you-need-to-know-about-in-canberra-right-now/,opening soon,4,2026-05-05
Opening,Specialty / Other,USA,"Rainbow Cloudz expands into Sugar Land with new store, party venue",Community Impact | News,2026-05-04 20:27:00,https://communityimpact.com/houston/sugar-land-missouri-city/business/2026/05/04/rainbow-cloudz-expands-into-sugar-land-with-new-store-party-venue/,new store,5,2026-05-05
Opening,Restaurants,Canada,"Mr. Po' Boyz soft launched new restaurant, grand opening in May",Beaumont Enterprise,2026-05-04 20:21:43,https://www.beaumontenterprise.com/business/article/mr-po-boyz-burgers-wings-seafood-soft-launches-22233544.php,grand opening,7,2026-05-05
Opening,Specialty / Other,USA,NEW HAVEN SCOOP: Papa's Loca sets opening date in New Haven,The Connecticut Scoop,2026-05-04 20:20:51,https://www.theconnecticutscoop.com/all-new-haven-county-posts/new-haven-scoop-papas-loca-sets-opening-date-in-new-haven,grand opening,2,2026-05-05
Opening,Specialty / Other,Canada,Two new Taco Bells opening in San Antonio this week,kens5.com,2026-05-04 20:19:00,https://www.kens5.com/article/news/local/two-new-taco-bells-opening-in-san-antonio-this-week/273-7aa44227-45de-4c0e-ab8f-ed320d718104,grand opening,2,2026-05-05
Opening,Specialty / Other,Canada,"Citizens Live at the Wylie Unveils Grand Opening Lineup With Wiz Khalifa, Sting, GloRilla and More",TicketNews,2026-05-04 20:17:04,https://www.ticketnews.com/2026/03/citizens-live-at-the-wylie-unveils-grand-opening-lineup-with-wiz-khalifa-sting-glorilla-and-more/,grand opening,5,2026-05-05
Closing,Restaurants,Canada,Owners of longtime northwest Houston restaurant announce they're closed,MSN,2026-05-04 20:12:57,https://www.msn.com/en-ca/news/us/owners-of-longtime-northwest-houston-restaurant-announce-they-re-closed/ar-AA22iOhG?cvid=69f8fd37b4204e33a4faaf3272b48bc6&ocid=hpmsn,last day,4,2026-05-05
Opening,Specialty / Other,USA,Registration Now Open for the 2026 SEMA Show,Motor Sports Newswire,2026-05-04 20:11:41,https://motorsportsnewswire.com/2026/05/04/registration-now-open-for-the-2026-sema-show/,now open,5,2026-05-05
Opening,Hospitality,Canada,Campers Inn RV To Hold Largest Grand Opening in Company History,RV PRO,2026-05-04 20:03:30,https://rv-pro.com/news/campers-inn-rv-to-hold-largest-grand-opening-in-company-history/,grand opening,7,2026-05-05
Opening,Restaurants,Canada,Tex-Mex restaurant to open in downtown Opelika,Opelika-Auburn News,2026-05-04 20:00:00,https://oanow.com/life-entertainment/local/food-drink/article_fc1b37b4-bf5d-4539-a67c-1d455da7893b.html,grand opening,4,2026-05-05
Opening,Specialty / Other,USA,Boba Lounge to open fourth New Mexico location in Albuquerque,The Business Journals,2026-05-04 20:00:00,https://www.bizjournals.com/albuquerque/news/2026/05/04/local-tea-chain-fills-empty-storefront.html,new location,2,2026-05-05
Opening,Specialty / Other,Canada,Thai Cottage Pearland reopens in new location,Community Impact | News,2026-05-04 19:50:00,https://communityimpact.com/houston/pearland-friendswood-manvel/business/2026/05/04/thai-cottage-pearland-reopens-in-new-location/,grand opening,2,2026-05-05
Opening,Specialty / Other,Canada,Naujaat co-op plans new store and community space,Nunatsiaq News,2026-05-04 19:30:00,https://nunatsiaq.com/stories/article/naujaat-co-op-plans-new-store-and-community-space/,grand opening,2,2026-05-05
Opening,Specialty / Other,Canada,Cava plans to add an East Farmingdale location,Newsday,2026-05-04 19:27:50,https://www.newsday.com/long-island/towns/cava-east-farmingdale-taim-eg4pqcc6,plans to open,2,2026-05-05
Opening,Movie Theatres,USA,Tamil film 'Karuppu' to lead FST’s new era after cinema group unveils rebrand and expansion plans,MSN,2026-05-04 19:22:50,https://www.msn.com/en-my/news/other/tamil-film-karuppu-to-lead-fst-s-new-era-after-cinema-group-unveils-rebrand-and-expansion-plans/ar-AA228PPh?apiversion=v2&domshim=1&noservercache=1&noservertelemetry=1&batchservertelemetry=1&renderwebcomponents=1&wcseo=1,plans to open,4,2026-05-05
Opening,Grocery,USA,Community says farewell to grocery store,mainstreetnews.com,2026-05-04 19:22:00,https://www.mainstreetnews.com/jackson/news/community-says-farewell-to-grocery-store/image_327cd4c6-3d52-40f6-b669-6748f5ba9c25.html,plans to open,4,2026-05-05
Opening,Specialty / Other,USA,Walmart Planning New Store In Jarrell,WhatNow,2026-05-04 19:21:22,https://whatnow.com/austin/retail/walmart-planning-new-store-in-jarrell/,new store,5,2026-05-05
Opening,Specialty / Other,USA,"Why The ""New"" Bed Bath & Beyond Is Returning To Retail Stores--But Not To Its Old Real Estate",Substack,2026-05-04 19:14:48,https://jasonmiller15.substack.com/p/why-the-new-bed-bath-and-beyond-is,new store,2,2026-05-05
Opening,Specialty / Other,Canada,Mango plans ten new Türkiye stores in 2026,MSN,2026-05-04 19:11:39,https://www.msn.com/en-us/news/technology/mango-plans-ten-new-t%C3%BCrkiye-stores-in-2026/ar-AA221Ksb?apiversion=v2&domshim=1&noservercache=1&noservertelemetry=1&batchservertelemetry=1&renderwebcomponents=1&wcseo=1,new store,2,2026-05-05
Opening,Specialty / Other,USA,BLK Dot Coffee opens Alton location,Irvine Standard,2026-05-04 19:08:25,https://www.irvinestandard.com/2026/blk-dot-coffee-opens-alton-location/,now open,2,2026-05-05
Opening,Specialty / Other,Canada,Rolling Hills Library to celebrate grand opening of new location,KQ2,2026-05-04 19:03:26,https://www.kq2.com/news/local-news/2026/05/04/rolling-hills-library-to-celebrate-grand-opening-of-new-location/,grand opening,5,2026-05-05
Opening,Restaurants,USA,April recap: 6 notable restaurants & cafés now open in the Valley,mouth by southwest,2026-05-04 18:56:15,https://mouthbysouthwest.com/2026/05/04/april-recap-6-notable-restaurants-cafes-now-open-in-the-valley/,now open,7,2026-05-05
Opening,Grocery Wholesale,USA,BJ’s Wholesale Club eyes second Texas location,Drug Store News,2026-05-04 18:54:22,https://drugstorenews.com/bjs-wholesale-club-eyes-second-texas-location,grand opening,4,2026-05-05
Opening,Specialty / Other,USA,Here’s where new In-N-Out locations are opening next,MSN,2026-05-04 18:42:41,https://www.msn.com/en-us/money/companies/here-s-where-new-in-n-out-locations-are-opening-next/ar-AA1ZWf7h?apiversion=v2&domshim=1&noservercache=1&noservertelemetry=1&batchservertelemetry=1&renderwebcomponents=1&wcseo=1,new store,2,2026-05-05
Opening,Restaurants,USA,Colorado-born green chili restaurant opening new location,MSN,2026-05-04 18:42:20,https://www.msn.com/en-us/foodanddrink/foodnews/colorado-born-green-chili-restaurant-opening-new-location/ar-AA21yB7O?ocid=BingNewsVerp&apiversion=v2&domshim=1&noservercache=1&noservertelemetry=1&batchservertelemetry=1&renderwebcomponents=1&wcseo=1,new location,7,2026-05-05
Opening,Specialty / Other,Canada,"JPMorgan Chase snaps up vacant Rite Aid location and swings doors open to sprawling 25,000-square-foot branch",the-sun.com,2026-05-04 18:37:03,https://www.the-sun.com/money/16312231/jpmorgan-chase-bank-replacing-rite-aid-dayton-ohio/,new store,2,2026-05-05
Opening,Experiential,USA,Altitude Trampoline Park Charting Expansion In Southern California,WhatNow,2026-05-04 18:32:40,https://whatnow.com/los-angeles/retail/altitude-trampoline-park-charting-expansion-in-southern-california/,expanding to,4,2026-05-05
Opening,Specialty / Other,USA,Nordstrom Rack Opening New North County Store With Grand Opening Celebration,Patch,2026-05-04 18:31:57,https://patch.com/california/encinitas/nordstrom-rack-opening-new-north-county-store-grand-opening-celebration,grand opening,5,2026-05-05
Closing,Restaurants,USA,Positano closes Greensboro location after 25 years as restaurants continue to face challenges,The Business Journals,2026-05-04 18:31:00,https://www.bizjournals.com/triad/news/2026/05/04/positano-italian-restaurant-greensboro-nc-closes.html,permanent closure,4,2026-05-05
Opening,Specialty / Other,USA,Longtime Park Avenue shop to close in Winter Park. Here’s what may replace it.,The Business Journals,2026-05-04 18:28:00,https://www.bizjournals.com/orlando/news/2026/05/04/rocket-fizz-to-close-winter-park.html,permit filed,2,2026-05-05
Opening,Specialty / Other,Canada,McAlister’s Deli to open its first Rochester location on May 11,Post Bulletin,2026-05-04 18:21:19,https://www.postbulletin.com/business/mcalisters-deli-to-open-its-first-rochester-location-on-may-11,grand opening,2,2026-05-05
Opening,Specialty / Other,USA,Nassau Financial opens its first Suffolk County branch,Long Island Business News,2026-05-04 18:16:59,https://libn.com/2026/05/04/nassau-financial-opens-first-suffolk-county-branch/,ribbon cutting,2,2026-05-05
Opening,Specialty / Other,USA,H-E-B announces opening date for new Mid-Cities store,WFAA,2026-05-04 18:06:00,https://www.wfaa.com/article/news/local/h-e-b-announces-opening-date-for-new-mid-cities-store/287-b24ada5f-9078-4486-88ef-8e67d380fcd8,grand opening,2,2026-05-05
Opening,Specialty / Other,USA,HUGE NEWS: Bouldering Project opening a second location in Columbia Heights!!,PoPville,2026-05-04 18:05:22,https://www.popville.com/2026/05/dc-bouldering-project-opening-second-location-columbia-heights/,new location,2,2026-05-05
Opening,Specialty / Other,USA,Burn Boot Camp Expands D.C. Metro Presence with New Bethesda Location,PR Newswire,2026-05-04 18:05:00,https://www.prnewswire.com/news-releases/burn-boot-camp-expands-dc-metro-presence-with-new-bethesda-location-302761670.html,new location,2,2026-05-05
Closing,Specialty / Other,USA,Juice bar and market to close after 38 years,The Business Journals,2026-05-04 18:03:00,https://www.bizjournals.com/baltimore/news/2026/05/04/natural-market-timonium-closing-juice-bar.html,going out of business,2,2026-05-05
Opening,Restaurants,USA,Olive Garden sister restaurant issues major ‘hours’ update at ALL locations,the-sun.com,2026-05-04 17:57:33,https://www.the-sun.com/money/16311716/eddie-v-prime-seafood-mothers-day-special-hours/,plans to open,4,2026-05-05
Closing,Specialty / Other,Canada,Major Clothing Retailer In New Jersey Closing 150 U.S. Stores,Patch,2026-05-04 17:53:14,https://patch.com/new-jersey/across-nj/major-clothing-retailer-new-jersey-closing-150-u-s-stores,closing locations,2,2026-05-05
Opening,Furniture / Mattress,Canada,Berkeley Mills furniture store reopened soon after bankruptcy and closure,Berkeleyside,2026-05-04 17:41:07,https://www.berkeleyside.org/2026/05/04/berkeley-mills-furniture-store-reopens,open for business,4,2026-05-05
Opening,Specialty / Other,Canada,"Another Big Retailer To Open New Store In Duluth, Minnesota",KDHL Radio,2026-05-04 17:41:01,https://kdhlradio.com/ixp/150/p/new-carters-store-duluth-minnesota/,new store,5,2026-05-05
Opening,Specialty / Other,USA,Another Big Retailer To Open New Store In Minnesota,Duluth Country Radio,2026-05-04 17:41:01,https://b105country.com/new-carters-store-duluth-minnesota/,now open,2,2026-05-05
Opening,Grocery,USA,The hottest club in Raleigh might be inside this popular grocery store,The News & Observer,2026-05-04 17:40:59,https://www.newsobserver.com/living/food-drink/article315572929.html,new store,4,2026-05-05
Opening,Restaurants,Canada,Chicken restaurant bb.q to open in former Brew City on Shrewsbury Street,AOL.com,2026-05-04 17:34:07,https://www.aol.com/news/chicken-restaurant-bb-q-open-173407750.html,opening soon,4,2026-05-05
Opening,Specialty / Other,USA,Cobb Fire Station 12 holds ribbon-cutting and grand opening,East Cobb News,2026-05-04 17:32:20,https://eastcobbnews.com/cobb-fire-station-12-holds-ribbon-cutting-and-grand-opening/,ribbon cutting,2,2026-05-05
Opening,Restaurants,USA,Murry's Restaurant announces downtown Columbia location,KOMU 8,2026-05-04 17:30:00,https://www.komu.com/news/midmissourinews/murrys-restaurant-announces-downtown-columbia-location/article_4ae7bbcb-eaa6-468b-998d-2d941af17a8d.html,plans to open,4,2026-05-05
Closing,Hospitality,USA,Idaho Falls Shilo Inn closure didn't stop Cinco de Mayo Celebration,Post Register,2026-05-04 17:28:11,https://www.postregister.com/news/local/idaho-falls-shilo-inn-closure-didnt-stop-cinco-de-mayo-celebration/article_3667adff-9af4-4d00-a26a-fa8d8cfaaae1.amp.html,chapter 11,4,2026-05-05
Opening,Restaurants,USA,Murry's to move to Sycamore restaurant location in Columbia,KRCG,2026-05-04 17:23:33,https://krcgtv.com/news/local/murrys-to-move-to-sycamore-restaurant-location-in-columbia,new location,4,2026-05-05
Opening,Specialty / Other,Canada,"Bally’s Chicago tops off permanent casino, targets 2027 opening",Yogonet,2026-05-04 17:18:59,https://www.yogonet.com/international/news/2026/05/04/119423-ballys-chicago-tops-off-permanent-casino-targets-2027-opening,plans to open,2,2026-05-05
Opening,Specialty / Other,Canada,New Parkway Pizza Place To Hold Grand Opening,WNBF News Radio,2026-05-04 17:17:17,https://wnbf.com/piccolos-pizzeria-grand-opening/,grand opening,5,2026-05-05
Opening,Specialty / Other,Canada,Opening day for new Chick-fil-a in Lansing is Thursday,WKZO,2026-05-04 17:15:26,https://wkzo.com/2026/05/04/opening-day-for-new-chick-fil-a-is-thursday/,grand opening,2,2026-05-05
Opening,Specialty / Other,Canada,Parker John's BBQ & Pizza and TENDEEZ Hot Chicken will open in Wausau,Wausau Daily Herald,2026-05-04 17:14:00,https://www.wausaudailyherald.com/story/money/2026/05/04/parker-johns-bbq-pizza-and-tendeez-hot-chicken-to-open-at-former-2510-restaurant-in-wausau/89927705007/,grand opening,2,2026-05-05
Closing,Specialty / Other,USA,Bus Service To Replace Metro North Waterbury Branch Trains During Station Construction,News12 | New Jersey,2026-05-04 17:11:48,https://newjersey.news12.com/bus-service-to-replace-metro-north-waterbury-branch-trains-during-station-construction,going out of business,2,2026-05-05
Closing,Specialty / Other,USA,Popular Tex-Mex chain quietly shuts down Houston location,Chron,2026-05-04 17:04:39,https://www.chron.com/food/article/chachos-restaurant-closes-houston-22240259.php,shutters,2,2026-05-05
Opening,Restaurants,Canada,New Restaurant To Celebrate Grand Opening In Newtown,Patch,2026-05-04 17:02:40,https://patch.com/connecticut/newtown/new-restaurant-celebrate-grand-opening-newtown,grand opening,7,2026-05-05
Opening,Restaurants,Canada,Jonas Brothers restaurant to close on the Las Vegas Strip,Las Vegas Review-Journal,2026-05-04 16:59:35,https://neon.reviewjournal.com/dining-out/jonas-brothers-restaurant-to-close-on-the-las-vegas-strip-3334450/,grand opening,4,2026-05-05
Opening,Restaurants,Canada,KFC gives Bradenton the ‘Saucy!’ treatment with new restaurant opening soon,AOL.com,2026-05-04 16:57:04,https://www.aol.com/news/kfc-gives-bradenton-saucy-treatment-095000024.html,opening soon,7,2026-05-05
Opening,Specialty / Other,USA,Local developer invests $40 million in now-open Driving Park apartments,AOL.com,2026-05-04 16:47:48,https://www.aol.com/news/local-developer-invests-40-million-161702476.html,now open,2,2026-05-05
Opening,Restaurants,USA,New Restaurant Alert: Jersey Mike’s Subs Is Opening A New Location In Berkshire County,WUPE,2026-05-04 16:41:11,https://wupe.com/ixp/922/p/jersey-mikes-pittsfield-opening/,new location,7,2026-05-05
Opening,Specialty / Other,USA,"Pilot’s QSRs and mobile ordering now open, available around the clock",CSP Daily News,2026-05-04 16:36:26,https://www.cspdailynews.com/foodservice/pilots-qsrs-mobile-ordering-now-open-available-around-clock,now open,5,2026-05-05
Opening,Specialty / Other,USA,Parker John’s BBQ & Pizza and TENDEEZ Hot Chicken will open in Wausau,Wausau Pilot & Review,2026-05-04 16:34:45,https://wausaupilotandreview.com/2026/05/04/parker-johns-bbq-pizza-and-tendeez-hot-chicken-will-open-in-wausau/,grand opening,2,2026-05-05
Opening,Specialty / Other,USA,Sycamore plans closure by month's end. Murry's moving in,Columbia Daily Tribune,2026-05-04 16:34:00,https://www.columbiatribune.com/story/lifestyle/food/2026/05/04/downtown-columbia-restaurant-location-changing-hands/89927470007/,new location,2,2026-05-05
Opening,Specialty / Other,USA,Dutch Bros. Coffee proposes to open drive-up cafe in Plainfield,Shaw Local,2026-05-04 16:30:22,https://www.shawlocal.com/the-herald-news/2026/05/04/dutch-bros-coffee-proposes-to-open-drive-up-cafe-in-plainfield/,plans to open,2,2026-05-05
Opening,Furniture / Mattress,USA,Furniture retailer 7th Avenue to open showroom in Harbor East,Baltimore Fishbowl,2026-05-04 16:22:29,https://baltimorefishbowl.com/stories/furniture-retailer-7th-avenue-to-open-showroom-in-harbor-east/,plans to open,4,2026-05-05
Opening,Restaurants,USA,"What’s open, what's gone: A guide to Lincoln's shifting restaurant scene for March, April",Kearney Hub,2026-05-04 16:22:23,https://kearneyhub.com/news/state-regional/nebraska/collection_5ae4640e-721c-510a-b434-4a4f3627860d.html,grand opening,4,2026-05-05
Opening,Grocery,USA,America’s Hottest New Club Is … The Grocery Store?,Saveur,2026-05-04 16:21:54,https://www.saveur.com/culture/grocery-stores-nightlife/,expanding to,4,2026-05-05
Closing,Restaurants,USA,CLOSURE: Entire chain restaurant shutting down all locations in Canada,INsauga,2026-05-04 16:19:01,https://www.insauga.com/closure-entire-chain-restaurant-shutting-down-all-locations-in-canada/,last day,4,2026-05-05
Opening,Grocery,USA,New Discount Grocery Store Coming To Manassas,Patch,2026-05-04 16:18:57,https://patch.com/virginia/manassas/new-discount-grocery-store-coming-manassas,grand opening,4,2026-05-05
Closing,Hospitality,Canada,Plans to refurbish hotel following closure,AOL.com,2026-05-04 16:13:59,https://www.aol.com/articles/plans-refurbish-hotel-following-closure-104242328.html,last day,4,2026-05-05
Closing,Hospitality,Canada,AG Gaston Motel in Birmingham temporarily closing for renovations,MSN,2026-05-04 16:07:30,https://www.msn.com/en-us/money/realestate/ag-gaston-motel-in-birmingham-temporarily-closing-for-renovations/ar-AA221LY7?ocid=BingNewsVerp&apiversion=v2&domshim=1&noservercache=1&noservertelemetry=1&batchservertelemetry=1&renderwebcomponents=1&wcseo=1,last day,4,2026-05-05
Opening,Hospitality,Canada,New hotel to open Nov. 1,The Daily Gazette,2026-05-04 16:02:21,https://www.dailygazette.com/ade/news/business/new-hotel-to-open-nov-1/article_59a4e4f3-e25c-5a1a-b490-de05ba31e8c7.html,under construction,4,2026-05-05
Opening,Specialty / Other,USA,H-E-B reveals the opening date for its newest store in Tarrant County,Fort Worth Star-Telegram,2026-05-04 16:02:10,https://www.star-telegram.com/news/business/fort-worth/article315627320.html,grand opening,2,2026-05-05
Opening,Specialty / Other,USA,Celebrating excellence: Voting is now open to find Durham’s best businesses,DurhamRegion.com,2026-05-04 16:01:00,https://www.durhamregion.com/business/voting-is-now-open-to-find-best-durham-businesses/article_29541d74-4295-5bfc-b409-9106e4beb301.html,now open,5,2026-05-05
Opening,Specialty / Other,USA,Former Argos store back on the market,East Anglian Daily Times,2026-05-04 16:00:00,https://www.eadt.co.uk/news/26066158.former-felixstowe-argos-store-goes-back-market/,new store,2,2026-05-05
Opening,Specialty / Other,USA,Goodwill Offering 25% Off of $50+ Purchases at Upcoming Grand Opening,The MoCo Show -,2026-05-04 15:54:36,https://mocoshow.com/2026/05/04/goodwill-offering-25-off-of-50-purchases-at-upcoming-grand-opening/,grand opening,5,2026-05-05
Opening,Specialty / Other,USA,Popular iced tea chain HTeaO to open new store in D-FW suburb,MSN,2026-05-04 15:47:40,https://www.msn.com/en-us/money/companies/popular-iced-tea-chain-hteao-to-open-new-store-in-d-fw-suburb/ar-AA22dNFY?apiversion=v2&domshim=1&noservercache=1&noservertelemetry=1&batchservertelemetry=1&renderwebcomponents=1&wcseo=1,new store,5,2026-05-05
Opening,Specialty / Other,USA,Wild Fryz no longer opening at Adair Park in Woodstock,Cherokee Tribune,2026-05-04 15:45:00,https://www.tribuneledgernews.com/local_news/wild-fryz-no-longer-opening-at-adair-park-in-woodstock/article_c8495387-bca5-4eef-9057-c7c153d33b2b.amp.html,new location,2,2026-05-05
Opening,Specialty / Other,USA,"Century Communities Announces Model Grand Opening & Expanded Floor Plan Lineup in Forney, TX",Quantisnow,2026-05-04 15:44:34,https://quantisnow.com/insight/century-communities-announces-model-grand-opening-expanded-floor-plan-lineup-6528520,grand opening,5,2026-05-05
Opening,Hospitality,Canada,"Visit Detroit Reports 1,600 Hotels Rooms to Open in the Motor City in 2027",DBusiness Magazine,2026-05-04 15:42:40,https://www.dbusiness.com/daily-news/visit-detroit-reports-1600-hotels-rooms-to-open-in-the-motor-city-in-2027/,under construction,4,2026-05-05
Opening,Specialty / Other,Canada,Costco closes on land purchase in Franklin for new store,The Business Journals,2026-05-04 15:41:00,https://www.bizjournals.com/milwaukee/news/2026/05/04/costo-franklin-sale-closes-northwestern-mutual.html,new store,5,2026-05-05
Opening,Restaurants,Canada,A new restaurant with Rail Trail patio views is opening soon in Charlotte,AOL.com,2026-05-04 15:39:41,https://www.aol.com/news/restaurant-rail-trail-patio-views-115557091.html,opening soon,7,2026-05-05
Opening,Grocery,USA,"This Is the Most Trusted Grocery Store, According to 35,000 Shoppers",marthastewart.com,2026-05-04 15:38:26,https://www.marthastewart.com/most-trusted-grocery-store-11965082,new store,4,2026-05-05
Opening,Financial Services,USA,New Suncoast Credit Union branch aims to serve growing Polk County,WFTV,2026-05-04 15:36:26,https://www.wftv.com/news/local/new-suncoast-credit-union-branch-aims-serve-growing-polk-county/2W3L3Z7EYZALHDRHDPI4GSY2DI/,grand opening,4,2026-05-05
Opening,Specialty / Other,USA,Popular Soft-Serve Ice Cream Brand Opening New FL Location: Report,Patch,2026-05-04 15:34:24,https://patch.com/florida/sarasota/popular-soft-serve-ice-cream-brand-opening-new-fl-location-report,coming soon,2,2026-05-05
Opening,Specialty / Other,USA,Salt City Coffee’s newest Onondaga County location is open,Syracuse.com,2026-05-04 15:32:00,https://www.syracuse.com/business/2026/05/salt-city-coffees-newest-onondaga-county-location-is-open.html,now open,2,2026-05-05
Closing,Restaurants,USA,"Popular, Much-Loved Massachusetts Restaurant Closing It’s Doors After 100+ Years",Live 95.9,2026-05-04 15:28:25,https://live959.com/popular-massachusetts-restaurant-closing-100-years/,closing soon,4,2026-05-05
Closing,Specialty / Other,USA,"Spirit Airlines closure dents KCI flight schedule, hurting some travelers & staff",AOL.com,2026-05-04 15:26:18,https://www.aol.com/news/spirit-airlines-closure-dents-kci-212653262.html,going out of business,2,2026-05-05
Opening,Specialty / Other,USA,Popular mall store to close 150 locations,PennLive.com,2026-05-04 15:24:00,https://www.pennlive.com/life/2026/05/popular-mall-store-to-close-150-locations.html,coming soon,2,2026-05-05
Opening,Specialty / Other,USA,Milford Food Bank marks new warehouse completion with ribbon-cutting and open house,MSN,2026-05-04 15:19:21,https://www.msn.com/en-us/news/us/milford-food-bank-marks-new-warehouse-completion-with-ribbon-cutting-and-open-house/ar-AA22fG1x?apiversion=v2&domshim=1&noservercache=1&noservertelemetry=1&batchservertelemetry=1&renderwebcomponents=1&wcseo=1,ribbon cutting,2,2026-05-05
Opening,Apparel,Canada,Mall fashion retailer closes 150 stores in turnaround push,thestreet.com,2026-05-04 15:18:25,https://www.thestreet.com/retail/mall-fashion-retailer-carters-closes-150-stores-in-turnaround-push,new store,4,2026-05-05
Opening,Hospitality,USA,The Lawrence Hotel to host May hiring events ahead of opening in Lawrenceville,Gwinnett Daily Post,2026-05-04 15:16:00,https://www.gwinnettdailypost.com/local/the-lawrence-hotel-to-host-may-hiring-events-ahead-of-opening-in-lawrenceville/article_32da409f-8500-41a9-a723-4c037169525c.html,plans to open,4,2026-05-05
Opening,Specialty / Other,USA,Schnucks closing another small-format store,Grocery Dive,2026-05-04 15:14:46,https://www.grocerydive.com/news/schnucks-closing-fresh-store-jasper-indiana/819142/,plans to open,2,2026-05-05
Opening,Restaurants,USA,Olive Garden ‘sister restaurant’ sets May deadline for diners as new location confirmed,the-sun.com,2026-05-04 14:52:23,https://www.the-sun.com/money/16310544/cheddar-scratch-kitchen-replacing-bahama-breeze-gainesville-florida/,new store,5,2026-05-05
Opening,Convenience Stores / Distributors,USA,Refuel to open first Whataburger at Texas convenience store in late 2026,CSP Daily News,2026-05-04 14:51:26,https://cspdailynews.com/foodservice/refuel-open-first-whataburger-texas-convenience-store-late-2026,now open,4,2026-05-05
Opening,Specialty / Other,Canada,Modern Auto and Truck Parts opens Carrollton location at former Rite Aid,Your Ohio News,2026-05-04 14:46:05,https://www.yourohionews.com/carroll-county/modern-auto-opens-new-carrollton-location/1033830,new location,2,2026-05-05
Closing,Restaurants,USA,"Restaurant chain with 3,193 locations shut down after bankruptcy filing",MSN,2026-05-04 14:39:34,https://www.msn.com/en-us/money/companies/restaurant-chain-with-3-193-locations-shut-down-after-bankruptcy-filing/ss-AA1ZVfWR?ocid=delldhp17,bankruptcy,7,2026-05-05
Opening,Health / Beauty,Canada,Canal Lock Salon holds grand opening in Tipp City,Miami Valley Today,2026-05-04 14:38:00,https://miamivalleytoday.com/canal-lock-salon-holds-grand-opening-in-tipp-city/,grand opening,7,2026-05-05
Opening,Specialty / Other,USA,Whataburger opening in Odessa on Star Wars Day,CBS7,2026-05-04 14:37:00,https://www.firstalert7.com/2026/05/04/whataburger-opening-odessa-star-wars-day/?outputType=amp,now open,2,2026-05-05
Closing,Restaurants,USA,A Houston Neighborhood Restaurant Known for Loaded Fries Has Closed,WhatNow,2026-05-04 14:33:59,https://whatnow.com/houston/restaurants/a-houston-neighborhood-restaurant-known-for-loaded-fries-has-closed/,last day,4,2026-05-05
Opening,Specialty / Other,USA,How this unique location helps keep Clovis burger joint cooking after 20+ years,AOL.com,2026-05-04 14:33:29,https://www.aol.com/news/unique-location-helps-keep-clovis-204403629.html,new store,2,2026-05-05
Opening,Specialty / Other,USA,"Zannier Île de Bendor, now open, heralding a new era of Riviera Hospitality",Premier Construction News,2026-05-04 14:32:20,https://premierconstructionnews.com/2026/05/04/zannier-ile-de-bendor-now-open-heralding-a-new-era-of-riviera-hospitality/,now open,5,2026-05-05
Closing,Specialty / Other,Canada,All Smokey Bones locations close nationwide after parent company files for bankruptcy,MSN,2026-05-04 14:32:02,https://www.msn.com/en-us/money/companies/all-smokey-bones-locations-close-nationwide-after-parent-company-files-for-bankruptcy/ar-AA21Zk8u?apiversion=v2&domshim=1&noservercache=1&noservertelemetry=1&batchservertelemetry=1&renderwebcomponents=1&wcseo=1,bankruptcy,5,2026-05-05
Opening,Specialty / Other,USA,"Mimo owners open La Rosa, a dreamy gelato and mortadella sandwich shop in Houston's East End",MSN,2026-05-04 14:31:23,https://www.msn.com/en-us/foodanddrink/foodnews/mimo-owners-open-la-rosa-a-dreamy-gelato-and-mortadella-sandwich-shop-in-houston-s-east-end/ar-AA221MtO,now open,2,2026-05-05
Opening,Specialty / Other,USA,The Burnt Tongue announces plans to open here,BurlingtonToday.com,2026-05-04 14:29:53,https://www.burlingtontoday.com/local-news/the-burnt-tongue-announces-plans-to-open-here-12230846,plans to open,5,2026-05-05
Opening,Specialty / Other,USA,5 Green Bay-area businesses opened or closed in April,Green Bay Press-Gazette,2026-05-04 14:21:00,https://www.greenbaypressgazette.com/story/money/2026/05/04/green-bay-business-openings-closures-and-incoming-projects/89872794007/,under construction,2,2026-05-05
Closing,Specialty / Other,USA,Historic riverside pub back from the dead years after closing,Witney Gazette,2026-05-04 14:04:00,https://www.witneygazette.co.uk/news/26076535.historic-oxfordshire-pub-back-dead-years-closure/,permanent closure,2,2026-05-05
Opening,Specialty / Other,USA,Davios To Open Outdoor Plaza Bar At Reston Row,Patch,2026-05-04 13:55:39,https://patch.com/virginia/reston/davio-s-open-outdoor-plaza-bar-reston-row,coming soon,2,2026-05-05
Opening,Restaurants,Canada,"9 restaurants coming, 2 open and ice cream trucks hit the road",AOL.com,2026-05-04 13:53:33,https://www.aol.com/news/9-restaurants-coming-2-open-091526923.html,plans to open,4,2026-05-05
Closing,Specialty / Other,USA,Full list of seven chains closing stores for good in May,The Sun,2026-05-04 13:52:00,https://www.thesun.co.uk/money/39007941/seven-chains-closing-stores-may/,closing stores,5,2026-05-05
Opening,Specialty / Other,USA,"Walgreens 86th and Cottage Grove: Leaders speak out ahead of Chatham, Chicago Walgreens pharmacy closing",ABC7 Chicago,2026-05-04 13:46:58,https://abc7chicago.com/post/chicago-community-leaders-speak-ahead-chatham-walgreens-pharmacy-store-closure-month/19034714/,new store,2,2026-05-05
Opening,Retail REITs,USA,Rally House Relocates Topeka Store to Wanamaker Hills Shopping Center,The Manila Times,2026-05-04 13:45:56,https://www.manilatimes.net/2026/05/04/tmt-newswire/globenewswire/rally-house-relocates-topeka-store-to-wanamaker-hills-shopping-center/2335090,now open,4,2026-05-05
Opening,Specialty / Other,USA,Third Greggs to open in Inverness?,Ross-shire Journal,2026-05-04 13:43:00,http://www.north-star-news.co.uk/news/third-greggs-to-open-in-inverness-434089/,new store,2,2026-05-05
Closing,Specialty / Other,USA,Is Starbucks Open on Easter Sunday 2026? Most US Locations Serving Coffee with Varying Hours,International Business Times Australia,2026-05-04 13:37:00,https://www.ibtimes.com.au/starbucks-open-easter-sunday-2026-most-us-locations-serving-coffee-varying-hours-1865460,closing all locations,2,2026-05-05
Opening,Specialty / Other,Canada,Sleep Basil Mattress Co. Launches New Location Page for Cherry Hills Village Shoppers -,PRLog,2026-05-04 13:34:08,https://www.prlog.org/13143478-sleep-basil-mattress-co-launches-new-location-page-for-cherry-hills-village-shoppers.html,new location,5,2026-05-05
Closing,Specialty / Other,USA,The Natural Market in Timonium to close after nearly four decades,Baltimore Fishbowl,2026-05-04 13:30:00,https://baltimorefishbowl.com/stories/the-natural-market-in-timonium-to-close-after-nearly-four-decades/,going out of business,2,2026-05-05
Opening,Specialty / Other,Canada,Warehouse remake Ladybird Westside approaches grand opening,Urbanize Atlanta,2026-05-04 13:28:51,https://atlanta.urbanize.city/post/ladybird-westside-fum-rabbit-ears-stella-near-opening-images,grand opening,5,2026-05-05
Opening,Specialty / Other,USA,PURESEOUL To Open First South West Store In Bath,365retail.co.uk,2026-05-04 13:27:53,https://365retail.co.uk/pureseoul-to-open-first-south-west-store-in-bath/,new store,2,2026-05-05
Opening,Convenience Stores / Distributors,USA,C-Store Dive,C-Store Dive,2026-05-04 13:24:01,https://www.cstoredive.com/news/as-murphy-usa-grows-quickchek-stalls/819139/,under construction,4,2026-05-05
Opening,Specialty / Other,USA,Notoriously secretive Trader Joe’s confirms plans for new store near Daybreak,Building Salt Lake,2026-05-04 13:15:14,https://buildingsaltlake.com/notoriously-secretive-trader-joes-confirms-plans-for-new-store-near-daybreak/,plans to open,2,2026-05-05
Opening,Grocery,USA,Bi-Rite is bringing its first non-profit grocery store to the Sunnydale neighborhood,The San Francisco Standard,2026-05-04 13:00:00,https://sfstandard.com/2026/05/04/sunnydale-market-bi-rite-non-profit-grocery-store/,plans to open,4,2026-05-05
Opening,Restaurants,USA,White Castle to open new restaurant in Central Florida,The Business Journals,2026-05-04 13:00:00,https://www.bizjournals.com/orlando/news/2026/05/04/white-castle-kissimmee-restaurant-opens-new.html,plans to open,4,2026-05-05
Opening,Specialty / Other,USA,New Lego store opens this week at Oxford Westgate shopping centre,Yahoo News UK,2026-05-04 13:00:00,https://uk.news.yahoo.com/lego-store-opens-week-oxford-130000341.html,new store,2,2026-05-05
Opening,Specialty / Other,Canada,Update: Royal Farms Delays Opening of Second Montgomery County Location,The MoCo Show -,2026-05-04 12:56:30,https://mocoshow.com/2026/05/04/fried-chicken-famous-gas-station-opens-second-montgomery-county-location/,soft opening,2,2026-05-05
Opening,Specialty / Other,USA,"After fire shut down business, Silver Branch Brewing launches summer pop-up in Warrenton",InsideNoVa.com,2026-05-04 12:56:00,https://www.insidenova.com/news/business/after-fire-shut-down-business-silver-branch-brewing-launches-summer-pop-up-in-warrenton/article_f90be960-3341-5661-8a80-7a81ff2837d9.html,open for business,2,2026-05-05
Opening,Specialty / Other,USA,"Fantasy Claw Arcade Opens at AREA15 on May 7, Marking Fifth Store as Experiential Entertainment Brand Gains Momentum",Franchising.com,2026-05-04 12:51:15,https://www.franchising.com/amp/news/20260504_fantasy_claw_arcade_opens_at_area15_on_may_7_marking_fifth_store_as_experie.html,new location,2,2026-05-05
Closing,Specialty / Other,USA,Spirit Airlines Shutting Down Sucks For Me: Here's 10 Reasons Why,Cat Country 107.3,2026-05-04 12:46:58,https://catcountry1073.com/reasons-to-miss-spirit-airlines/,going out of business,2,2026-05-05
Opening,Restaurants,USA,"Downtown Columbia restaurant set to close, new one to replace it",ABC17NEWS,2026-05-04 12:44:56,https://abc17news.com/news/top-stories/2026/05/04/downtown-columbia-restaurant-set-to-close-new-one-to-replace-it/,new location,4,2026-05-05
Opening,Specialty / Other,USA,Aldi testing new store design in US. What NY shoppers should know,AOL.com,2026-05-04 12:29:04,https://www.aol.com/news/aldi-testing-store-design-us-090909664.html,new store,5,2026-05-05
Opening,Specialty / Other,USA,"New coffee stand in University Place, local pizza chains expand, more biz news",Tacoma News Tribune,2026-05-04 12:15:00,https://www.thenewstribune.com/news/business/article315607341.html,new location,2,2026-05-05
Opening,Specialty / Other,USA,Curry a la Flambé​ Now Open In Glen Ellyn,MSN,2026-05-04 12:08:58,http://www.msn.com/en-us/foodanddrink/foodnews/curry-a-la-flamb%C3%A9-now-open-in-glen-ellyn/ar-AA1OnOt9?apiversion=v2&domshim=1&noservercache=1&noservertelemetry=1&batchservertelemetry=1&renderwebcomponents=1&wcseo=1,now open,5,2026-05-05
Opening,Specialty / Other,USA,Franchise News: Blue Tokai Expands in Hyderabad with Second Origins Store,Indian Retailer,2026-05-04 12:05:50,https://indianretailer.com/franchisetv/archives/news/franchise-news-blue-tokai-expands-hyderabad-second-origins-store,new store,2,2026-05-05
Opening,Specialty / Other,USA,"3,200 Open Roles",chuckecheese.com,2026-05-04 12:00:00,https://www.chuckecheese.com/jacksonville-orange-park/blogs/chuckecheese-summer-hiring-2026/,now open,2,2026-05-05
Opening,Specialty / Other,USA,Waldorf Astoria enters Morocco with opening in twin cities,latteluxurynews.com,2026-05-04 11:56:33,https://latteluxurynews.com/2026/05/04/waldorf-astoria-morocco-opening/,plans to open,2,2026-05-05
Opening,Specialty / Other,USA,Opening Date Announced For Coushatta Casino's New Legacy Tower,107 JAMZ,2026-05-04 11:55:58,https://107jamz.com/ixp/149/p/coushatta-casino-legacy-tower-opening-date/,now open,2,2026-05-05
Closing,Specialty / Other,USA,Applebee’s franchisee files for bankruptcy and closes 10 locations (plus 53 more at risk),MSN,2026-05-04 11:40:52,https://www.msn.com/en-us/money/companies/applebee-s-franchisee-files-for-bankruptcy-and-closes-10-locations-plus-53-more-at-risk/ar-AA21UPCb?ocid=BingNewsVerp,bankruptcy,5,2026-05-05
Closing,Specialty / Other,USA,Beloved candy store Lammes abruptly closing all locations after 141 years,MSN,2026-05-04 11:36:32,https://www.msn.com/en-us/money/companies/beloved-candy-store-lammes-abruptly-closing-all-locations-after-141-years/ar-AA220bQU?gemSnapshotKey=GM60D23F01-snapshot-18&apiversion=v2&domshim=1&noservercache=1&noservertelemetry=1&batchservertelemetry=1&renderwebcomponents=1&wcseo=1,closing all locations,5,2026-05-05
Opening,Specialty / Other,Canada,"Two new coffee shops open, new mobile bar, concrete manufacturing facility, and more Quad-Cities business news",The Quad-City Times,2026-05-04 11:30:00,https://qctimes.com/exclusive/insight/article_8e20496f-24ce-48d7-8718-4e5d1951dc0c.html,grand opening,2,2026-05-05
Opening,Books / Toys / Gaming,USA,Popular Kansas City bar and bookstore plans reopening after Crossroads closure,MSN,2026-05-04 11:16:16,https://www.msn.com/en-us/travel/news/popular-kansas-city-bar-and-bookstore-plans-reopening-after-crossroads-closure/ar-AA2271OJ?apiversion=v2&domshim=1&noservercache=1&noservertelemetry=1&batchservertelemetry=1&renderwebcomponents=1&wcseo=1,new location,4,2026-05-05
Opening,Specialty / Other,USA,Pittsburgh mall officially sold; latest on possible Wegmans location there,MSN,2026-05-04 11:13:36,https://www.msn.com/en-us/money/companies/pittsburgh-mall-officially-sold-latest-on-possible-wegmans-location-there/ar-AA21Vv4L?apiversion=v2&domshim=1&noservercache=1&noservertelemetry=1&batchservertelemetry=1&renderwebcomponents=1&wcseo=1,plans to open,2,2026-05-05
Closing,Specialty / Other,USA,Ocean State Job Lot to open in former Big Lots Glassboro store,NJBIZ,2026-05-04 11:04:10,https://njbiz.com/ocean-state-job-lot-glassboro-store-big-lots-new-jersey/,chapter 11,2,2026-05-05
Opening,Specialty / Other,USA,"Dunkin’ to open at Mill Run this week, offer first guests free coffee",NBC4 WCMH-TV,2026-05-04 11:00:00,https://www.nbc4i.com/news/local-news/columbus/dunkin-to-open-at-mill-run-this-week-offer-first-guests-free-coffee-for-100-days/amp/,ribbon cutting,2,2026-05-05
Opening,Specialty / Other,USA,'The Busiest Trader Joe’s in The World' Is Shutting Down for Several Months for 'Major Renovations',AOL.com,2026-05-04 10:59:28,https://www.aol.com/articles/busiest-trader-joe-world-shutting-212958391.html,new location,2,2026-05-05
Opening,Restaurants,USA,Chinese buffet restaurant announces shock West Midlands closure after 20 years,Birmingham Live,2026-05-04 10:57:28,https://www.birminghammail.co.uk/black-country/chinese-buffet-restaurant-announces-shock-33883569,new store,4,2026-05-05
Opening,Specialty / Other,USA,Jersey Mike’s Subs opening third Berks location May 6,Reading Eagle,2026-05-04 10:51:34,https://www.readingeagle.com/2026/05/04/jersey-mikes-subs-opening-third-berks-location-may-6/,grand opening,2,2026-05-05
Opening,Restaurants,USA,TX-based burger chain open 24/7 welcomes third Tampa Bay restaurant,MSN,2026-05-04 10:48:16,https://www.msn.com/en-us/money/companies/tx-based-burger-chain-open-247-welcomes-third-tampa-bay-restaurant/ar-AA22aGBi?apiversion=v2&domshim=1&noservercache=1&noservertelemetry=1&batchservertelemetry=1&renderwebcomponents=1&wcseo=1,plans to open,4,2026-05-05
Opening,Specialty / Other,Canada,Line stretched down Sunset Road as new BBQ spot sold out before opening,Charlotte Observer,2026-05-04 10:45:00,https://www.charlotteobserver.com/charlottefive/c5-food-drink/article315559867.html,grand opening,2,2026-05-05
Opening,Specialty / Other,USA,Stout's Signature owner eyes fall opening for King William sibling concept,MSN,2026-05-04 10:44:47,https://www.msn.com/en-us/travel/tripideas/stouts-signature-owner-eyes-fall-opening-for-king-william-sibling-concept/ar-AA21LGZY?apiversion=v2&domshim=1&noservercache=1&noservertelemetry=1&batchservertelemetry=1&renderwebcomponents=1&wcseo=1,plans to open,2,2026-05-05
Opening,Specialty / Other,USA,"Mezcla's Chef Eyes August Opening for New Venture, Coldbar",AOL.com,2026-05-04 10:38:14,https://www.aol.com/news/mezclas-chef-eyes-august-opening-200038522.html,new store,2,2026-05-05
Opening,Hospitality,USA,Ramee Group Targets Tricity Hospitality Growth With High-End Boutique Hotel Opening In Mohali,Travel And Tour World,2026-05-04 10:23:01,https://www.travelandtourworld.com/news/article/ramee-group-targets-tricity-hospitality-growth-with-high-end-boutique-hotel-opening-in-mohali/,coming soon,4,2026-05-05
Opening,Grocery,USA,All supermarket opening times for the May Bank Holiday Monday,AOL.com,2026-05-04 10:07:01,https://www.aol.com/articles/supermarket-opening-times-may-bank-094002034.html,now open,4,2026-05-05
Opening,Specialty / Other,Canada,Metro Detroit furniture chain opens first Lansing area location,Lansing State Journal,2026-05-04 10:05:00,https://www.lansingstatejournal.com/story/money/business/2026/05/04/metro-detroit-furniture-chain-opens-first-lansing-area-location/89872709007/,grand opening,2,2026-05-05
Opening,Specialty / Other,USA,"Kendra Scott, OddFellows Ice Cream among 13 brands opening, expanding at FL outdoor mall",MSN,2026-05-04 10:04:35,https://www.msn.com/en-us/travel/news/kendra-scott-oddfellows-ice-cream-among-13-brands-opening-expanding-at-fl-outdoor-mall/ar-AA21riIb?ocid=BingNewsVerp,now open,2,2026-05-05
Opening,Restaurants,Canada,Manitowoc's top business news in April included new restaurant opening,Herald Times Reporter,2026-05-04 10:02:00,https://www.htrnews.com/story/money/2026/05/04/trattoria-tennie-five-below-petsmart-manitowoc-business-news/89896967007/,grand opening,4,2026-05-05
Opening,Specialty / Other,USA,4 Fox Valley businesses opened or announced closure in April,The Post-Crescent,2026-05-04 10:02:00,https://www.postcrescent.com/story/money/companies/buzz/2026/05/04/4-fox-valley-businesses-opened-or-announced-closure-in-april/89890560007/,plans to open,2,2026-05-05
Opening,Specialty / Other,USA,IHOP-Applebee's combo concept plans South Side location,The Business Journals,2026-05-04 10:00:00,https://www.bizjournals.com/sanantonio/news/2026/05/04/ihop-applebees-conversion-south-side-restaurant.html,plans to open,2,2026-05-05
Opening,Restaurants,Canada,Covington pizza restaurant expanding to downtown Cincinnati,Cincinnati Enquirer,2026-05-04 09:48:00,https://www.cincinnati.com/story/entertainment/dining/2026/05/04/mad-anthonys-pizza-opening-new-location-on-eight-street-in-cincinnati/89920160007/,grand opening,4,2026-05-05
Opening,Hospitality,Canada,Grand Opening of Centara Life Namba Hotel Osaka,Breaking Travel News,2026-05-04 09:27:17,https://www.breakingtravelnews.com/news/article/grand-opening-of-centara-life-namba-hotel-osaka/,grand opening,7,2026-05-05
Opening,Specialty / Other,USA,Franchise News: Tossin Pizza Opens Second Outlet in Hyderabad,Indian Retailer,2026-05-04 09:24:40,https://www.indianretailer.com/franchisetv/archives/news/franchise-news-tossin-pizza-opens-second-outlet-hyderabad,new store,2,2026-05-05
Opening,Specialty / Other,USA,Marks and Spencer confirms opening of 5 new stores,Surrey Live,2026-05-04 09:20:00,https://www.getsurrey.co.uk/news/surrey-news/marks-and-spencer-stores-surrey-33883477,new store,5,2026-05-05
Opening,Restaurants,USA,"On busy Middletown road, 13 new restaurants are open or planned",Delawareonline.com,2026-05-04 09:18:00,https://www.delawareonline.com/story/life/food/2026/05/04/on-busy-middletown-warwick-road-13-new-restaurants-are-open-or-planned/89822036007/,coming soon,4,2026-05-05
Opening,Restaurants,Canada,"Data center OK'd, restaurants closing highlight April business news",The State Journal-Register,2026-05-04 09:04:00,https://www.sj-r.com/story/business/2026/05/04/top-business-restaurant-news-around-springfield-in-april/89877153007/,grand opening,4,2026-05-05
Closing,Specialty / Other,Canada,The return of a 1970s Hallmark card store sign on a Yorkville street,Ephemeral New York,2026-05-04 09:00:40,https://ephemeralnewyork.wordpress.com/2026/05/04/the-return-of-a-1970s-hallmark-card-store-sign-on-a-yorkville-street/,going out of business,2,2026-05-05
Opening,Hospitality,Canada,"Ramee Group of Hotels Marks its Tricity Debut with the Grand Opening of Ramee Collection Airport Road, Mohali",HospiBuz,2026-05-04 08:59:54,https://hospibuz.com/hotel/Hotel-listicles/ramee-group-of-hotels-marks-its-tricity-debut-with-the-grand-opening-of-ramee-collection-airport-road-mohali-11798065,grand opening,7,2026-05-05
Opening,Specialty / Other,USA,"PURESEOUL opens 16th store, marking a key step toward doubling store count this year",Retail Times,2026-05-04 08:54:47,https://retailtimes.co.uk/pureseoul-opens-16th-store-marking-a-key-step-toward-doubling-store-count-this-year/,new store,2,2026-05-05
Opening,Grocery,USA,Here's why Oaks Village grocery store is for sale,Monroe Evening News,2026-05-04 08:47:00,https://www.monroenews.com/story/news/2026/05/04/oaks-village-grocery-store-monroe-michigan/89889571007/,under construction,4,2026-05-05
Opening,Specialty / Other,Canada,Why one H-E-B's North Texas expansion is a perfect fit,MSN,2026-05-04 08:45:21,https://www.msn.com/en-us/travel/news/why-one-h-e-bs-north-texas-expansion-is-a-perfect-fit/ar-AA21M2tS,new store,2,2026-05-05
Opening,Specialty / Other,USA,It’s Really Happening: Universal Confirms Closure of One of Its Oldest Attractions,disneydining.com,2026-05-04 08:36:35,https://www.disneydining.com/its-really-happening-universal-confirms-closure-of-one-of-its-oldest-attractions-ab1/,now open,2,2026-05-05
Opening,Retail REITs,USA,Massive Luxury Home Furnishing Store Opens At IKEA-Anchored Paramus Shopping Center,AOL.com,2026-05-04 07:25:57,https://www.aol.com/news/massive-luxury-home-furnishing-store-162128413.html,new store,4,2026-05-05
Closing,Restaurants,USA,Coronation Street star Jennie McAlpine confirms closure of her award-winning restaurant,MSN,2026-05-04 07:12:21,https://www.msn.com/en-ca/entertainment/celebrity/coronation-street-star-jennie-mcalpine-confirms-closure-of-her-award-winning-restaurant/ar-AA1HTPit?apiversion=v2&domshim=1&noservercache=1&noservertelemetry=1&batchservertelemetry=1&renderwebcomponents=1&wcseo=1,last day,4,2026-05-05
Closing,Specialty / Other,USA,"Retailers could close 40K doors, but footwear might be the exception",MSN,2026-05-04 07:09:58,https://www.msn.com/en-us/money/topstocks/retailers-could-close-40k-doors-but-footwear-might-be-the-exception/ar-AA21QUEI?apiversion=v2&domshim=1&noservercache=1&noservertelemetry=1&batchservertelemetry=1&renderwebcomponents=1&wcseo=1,chapter 11,2,2026-05-05
Opening,Specialty / Other,Canada,X2 Actor Still Close With Costars 2 Decades After Being ‘Bonded in Trauma’,ComingSoon.net,2026-05-04 07:04:57,https://www.comingsoon.net/movies/news/2127619-x-2-alan-cumming-close-to-costars-trauma-bond?amp,coming soon,2,2026-05-05
Opening,Grocery,USA,Your guide to every Korean grocery store in metro Phoenix,AOL.com,2026-05-04 06:48:45,https://www.aol.com/news/guide-every-korean-market-metro-120038865.html,new location,4,2026-05-05
Opening,Specialty / Other,USA,‘Neighbourhood renaissance’: once noble La Sanità in Naples is open for business again,The Guardian,2026-05-04 06:00:00,https://www.theguardian.com/travel/2026/may/04/naples-italy-rione-sanita-neighbourhood,open for business,5,2026-05-05
Opening,Specialty / Other,USA,McDonald’s Plans To Open 900 New Stores by 2027 (Will You Get One?),MSN,2026-05-04 05:48:01,https://www.msn.com/en-us/money/companies/mcdonald-s-plans-to-open-900-new-stores-by-2027-will-you-get-one/ar-AA1GSl0a?apiversion=v2&domshim=1&noservercache=1&noservertelemetry=1&batchservertelemetry=1&renderwebcomponents=1&wcseo=1,plans to open,5,2026-05-05
Opening,Department Stores,USA,Korean department stores ride on K-culture boom to target overseas markets,매일경제,2026-05-04 05:44:45,https://pulse.mk.co.kr/news/english/12035093,plans to open,4,2026-05-05
Opening,Restaurants,Canada,Award-winning Wexford restaurant to open second premises after double success at chef awards,The Irish Independent,2026-05-04 05:40:00,https://www.independent.ie/business/small-business/award-winning-wexford-restaurant-to-open-second-premises-after-double-success-at-chef-awards/a1977048103.html,expanding to,4,2026-05-05
Opening,Specialty / Other,USA,Deptford Town Center Stores Set to Open Summer 2026,Thesunpapers,2026-05-04 05:19:04,https://thesunpapers.com/2026/05/04/deptford-town-center-stores-set-to-open-for-summer/,under construction,2,2026-05-05
Opening,Specialty / Other,USA,Three More Deptford Town Center Stores Anticipate Summer 2026 Openings,Thesunpapers,2026-05-04 05:19:04,https://thesunpapers.com/2026/05/04/deptford-town-center-stores-set-to-open-this-summer/,grand opening,2,2026-05-05
Closing,Specialty / Other,USA,"Are shops open today? Tesco, Co-op, Aldi and Sainsbury’s Early May Bank Holiday opening times revealed",The Sun,2026-05-04 05:00:00,https://www.thesun.co.uk/money/38965991/supermarket-opening-times-early-may-bank-holiday-hours/,closing stores,2,2026-05-05
Opening,Specialty / Other,Canada,Sheetz set for May 8 grand opening,C&G Newspapers,2026-05-04 05:00:00,https://www.candgnews.com/news/sheetz-set-for-may-8-grand-opening-10912,grand opening,5,2026-05-05
Opening,Specialty / Other,USA,Lidl announces 23 Cheshire store target locations for 2026,Cheshire Live,2026-05-04 05:00:00,https://www.cheshire-live.co.uk/news/chester-cheshire-news/lidl-announces-23-cheshire-store-33849501,new store,2,2026-05-05
Opening,Gyms / Fitness,Canada,Haus of Innergy fitness center now open in Spring,Community Impact | News,2026-05-04 05:00:00,https://communityimpact.com/houston/spring-klein/business/2026/05/04/haus-of-innergy-fitness-center-now-open-in-spring/,grand opening,4,2026-05-05
Closing,Restaurants,USA,Brentwood's Crack'd Egg restaurant closing its doors,CBS News,2026-05-04 04:58:00,https://www.cbsnews.com/pittsburgh/news/the-crackg-egg-restaurant-closing-brentwood/,going out of business,4,2026-05-05
Opening,Specialty / Other,USA,The Official Jewellery Partner of Team Canada opens new store in Langley,Langley Advance Times,2026-05-04 04:48:02,https://langleyadvancetimes.com/sponsored-content/the-official-jewellery-partner-of-team-canada-opens-new-store-in-langley/,new store,5,2026-05-05
Closing,Specialty / Other,USA,Spirit Airlines shutting down after rescue talks collapse,MyJoyOnline,2026-05-04 04:31:50,https://www.myjoyonline.com/spirit-airlines-shutting-down-after-rescue-talks-collapse/,going out of business,2,2026-05-05
Opening,Specialty / Other,Canada,Gopichand #34 Movie Opening,Filmibeat,2026-05-04 04:30:51,https://www.filmibeat.com/photo-gallery/gopichand-34-movie-opening-107200.html,grand opening,2,2026-05-05
Opening,Restaurants,Canada,5 New Restaurants To Try That Opened In North NJ Last Month,Patch,2026-05-04 04:18:25,https://patch.com/new-jersey/ridgewood/5-new-restaurants-try-opened-north-nj-last-month-0,grand opening,4,2026-05-05
Opening,Specialty / Other,USA,Full list of 80 Midland areas Lidl want to put a new store as 'finder's fee' offered,Birmingham Live,2026-05-04 04:10:00,https://www.birminghammail.co.uk/news/midlands-news/full-list-80-midland-areas-33846051,plans to open,2,2026-05-05
Opening,Convenience Stores / Distributors,USA,Major US convenience chain 7-Eleven closes 645 stores,MSN,2026-05-04 04:03:30,https://www.msn.com/en-us/lifestyle/lifestyle-buzz/major-high-street-convenience-chain-closes-645-stores-75-off-sale-launched/ar-AA224kNn?ocid=up97dhp&apiversion=v2&domshim=1&noservercache=1&noservertelemetry=1&batchservertelemetry=1&renderwebcomponents=1&wcseo=1,plans to open,4,2026-05-05
Closing,Specialty / Other,USA,Macy's customers have 5 days to claim sales before first of 14 stores close,MSN,2026-05-04 03:45:57,https://www.msn.com/en-us/money/companies/macy-s-customers-have-5-days-to-claim-sales-before-first-of-14-stores-close/ar-AA21pld2?ocid=finance-verthp-feeds,closing stores,2,2026-05-05
Closing,Specialty / Other,USA,Spirit says rising oil prices from Iran war contributed to closure,MSN,2026-05-04 03:30:25,https://www.msn.com/en-us/travel/news/spirit-says-rising-oil-prices-from-iran-war-contributed-to-closure/ar-AA22ePXW?gemSnapshotKey=GMBD23263C-snapshot-1&apiversion=v2&domshim=1&noservercache=1&noservertelemetry=1&batchservertelemetry=1&renderwebcomponents=1&wcseo=1,going out of business,2,2026-05-05
Opening,Restaurants,Canada,"6 new Restaurants Opening Across North Carolina [May 3, 2026]",Business Debut,2026-05-04 03:29:39,https://www.businessdebut.com/6-new-restaurants-opening-across-north-carolina-may-3-2026/,soft opening,4,2026-05-05
Opening,Grocery,USA,"A traditional SC supermarket will be demolished to make way for a new R$30 million unit in Porto Belo, featuring 4,400 sq m, 140 parking spaces, and a promise to accelerate the chain's expansion on the Santa Catarina coast.",CPG Click Petróleo e Gás,2026-05-04 02:33:00,https://en.clickpetroleoegas.com.br/a-traditional-sc-supermarket-will-be-demolished-to-make-way-for-a-new-r30-million-unit-in-porto-belo-featuring-4400-sq-m-140-parking-spaces-ctl01/,new store,4,2026-05-05
Opening,Specialty / Other,USA,United flight hits truck on NJ Turnpike in too-close landing at Newark,94.5 PST,2026-05-04 02:29:01,https://wpst.com/ixp/385/p/newark-airport-incident/,now open,2,2026-05-05
Opening,Specialty / Other,Canada,CBRE and Meta team up to open training sites for AI data center workers,CoStar,2026-05-04 02:21:59,https://www.costar.com/article/2097436598/cbre-and-meta-team-up-to-open-centers-to-train-ai-data-center-workers,under construction,2,2026-05-05
Opening,Specialty / Other,USA,The Regent Theatre: Reborn and Re-Opened,Medianet News Hub,2026-05-04 02:00:22,https://newshub.medianet.com.au/2026/05/the-regent-theatre-reborn-and-re-opened/151238/,soft opening,2,2026-05-05
Opening,Restaurants,USA,Applebee’s and IHOP to debut a combo restaurant in first-ever location,MSN,2026-05-04 01:57:33,https://www.msn.com/en-us/foodanddrink/foodnews/applebee-s-and-ihop-to-debut-a-combo-restaurant-in-first-ever-location-here-s-where/ar-AA1XGiq9?ocid=UCPNC1&apiversion=v2&domshim=1&noservercache=1&noservertelemetry=1&batchservertelemetry=1&renderwebcomponents=1&wcseo=1,ribbon cutting,4,2026-05-05
Opening,Restaurants,USA,TX-based chain that serves massive burgers 24/7 to open 3rd Tampa Bay restaurant,MSN,2026-05-04 01:47:39,https://www.msn.com/en-us/money/companies/tx-based-chain-that-serves-massive-burgers-247-to-open-3rd-tampa-bay-restaurant/ar-AA21CY2h?apiversion=v2&domshim=1&noservercache=1&noservertelemetry=1&batchservertelemetry=1&renderwebcomponents=1&wcseo=1,grand opening,4,2026-05-05
Opening,Retail REITs,USA,Fire Impacts Shopping Center; LLBean Store Coming Soon: Delco Business News,Patch,2026-05-04 01:18:00,https://patch.com/pennsylvania/haverford/fire-impacts-shopping-center-llbean-store-coming-soon-delco-business-news,coming soon,7,2026-05-05
Opening,Retail REITs,USA,Fire Impacts Shopping Center; LLBean Store Coming Soon: Main Line Business News,Patch,2026-05-04 01:17:00,https://patch.com/pennsylvania/ardmore/amp/34053906/fire-impacts-shopping-center-llbean-store-coming-soon-main-line-business-news,coming soon,7,2026-05-05
Closing,Movie Theatres,Canada,Movie theater chain with locations in 8 states files for bankruptcy again,MSN,2026-05-04 01:08:50,https://www.msn.com/en-us/money/companies/movie-theater-chain-with-locations-in-8-states-files-for-bankruptcy-again/ar-AA1HVXbo?cvid=9E03F8833B0141E1B0B99DC687FDC754&ocid=hpmsn&apiversion=v2&domshim=1&noservercache=1&noservertelemetry=1&batchservertelemetry=1&renderwebcomponents=1&wcseo=1,bankruptcy,8,2026-05-05
Opening,Grocery,USA,Here's how much taxpayers will pay for Mamdani's first socialist grocery store due to open next year,MSN,2026-05-04 01:04:50,https://www.msn.com/en-us/news/us/here-s-how-much-taxpayers-will-pay-for-mamdani-s-first-socialist-grocery-store-due-to-open-next-year/ar-AA20TMzv?apiversion=v2&domshim=1&noservercache=1&noservertelemetry=1&batchservertelemetry=1&renderwebcomponents=1&wcseo=1,plans to open,4,2026-05-05
Closing,Specialty / Other,USA,Beloved barbecue chain closing locations nationwide following bankruptcy filing,MSN,2026-05-04 00:47:33,https://www.msn.com/en-us/money/companies/beloved-barbecue-chain-closing-locations-nationwide-following-bankruptcy-filing/ar-AA22iB8s?gemSnapshotKey=GM484D9F0D-snapshot-2&apiversion=v2&domshim=1&noservercache=1&noservertelemetry=1&batchservertelemetry=1&renderwebcomponents=1&wcseo=1,closing locations,5,2026-05-05
Closing,Specialty / Other,USA,Apple Store union workers at closing location accuse company of retaliation,MSN,2026-05-04 00:21:44,https://www.msn.com/en-us/money/companies/apple-store-union-workers-at-closing-location-accuse-company-of-retaliation/ar-AA21QBNO?ocid=finance-verthp-feeds,store closing,2,2026-05-05
Opening,Hospitality,USA,"Disney Announces Major Changes, Ride Closure Updates, and New Resort Perks",Mickey Visit,2026-05-04 00:03:51,https://mickeyvisit.com/disney-world-disneyland-news-may-3-2026/,opening soon,4,2026-05-05
Opening,Restaurants,USA,"Vegan, vegetarian-friendly restaurant closing its Kirkwood location",MSN,2026-05-03 23:52:57,https://www.msn.com/en-us/foodanddrink/foodnews/vegan-vegetarian-friendly-restaurant-closing-its-kirkwood-location/ar-AA2214ze?apiversion=v2&domshim=1&noservercache=1&noservertelemetry=1&batchservertelemetry=1&renderwebcomponents=1&wcseo=1,new location,4,2026-05-05
Opening,Specialty / Other,Canada,QuikTrip 'Gen 4' store opens in Joplin,MSN,2026-05-03 23:51:13,https://www.msn.com/en-us/foodanddrink/foodnews/quiktrip-gen-4-store-opens-in-joplin/ar-AA226Nm9,grand opening,2,2026-05-05
Opening,Grocery,USA,Opening date announced for new Edinburgh M&S supermarket on Lothian Road,MSN,2026-05-03 23:50:19,https://www.msn.com/en-gb/foodanddrink/other/opening-date-announced-for-new-edinburgh-m-s-supermarket-on-lothian-road/ar-AA21RClz?apiversion=v2&domshim=1&noservercache=1&noservertelemetry=1&batchservertelemetry=1&renderwebcomponents=1&wcseo=1,new store,4,2026-05-05
Closing,Specialty / Other,Canada,Smokey Bones barbecue chain closes its Indiana store,AOL.com,2026-05-03 23:46:39,https://www.aol.com/news/smokey-bones-barbecue-chain-closes-194359946.html,closing stores,2,2026-05-05
Closing,Specialty / Other,USA,Here’s Why Spirit Airlines Shut Down,djsaviation.net,2026-05-03 23:43:10,https://djsaviation.net/heres-why-spirit-airlines-shut-down/,chapter 11,2,2026-05-05
Opening,Restaurants,USA,These 2 popular restaurants are opening new Triangle locations. Here’s where,AOL.com,2026-05-03 23:41:43,https://www.aol.com/news/2-popular-restaurants-opening-triangle-182547713.html,new location,4,2026-05-05
Opening,Specialty / Other,Canada,Latest from TEKILA Group Nears Opening,WhatNow,2026-05-03 23:28:24,https://whatnow.com/memphis/restaurants/latest-from-tekila-group-nears-opening/,grand opening,2,2026-05-05
Opening,Hospitality,USA,"Minor Hotels Signs Anantara Somabay Resort & Residences, Expanding in Egypt’s Red Sea Destination: What You Need To Know",Travel And Tour World,2026-05-03 23:25:43,https://www.travelandtourworld.com/news/article/minor-hotels-signs-anantara-somabay-resort-residences-expanding-in-egypts-red-sea-destination/,coming soon,5,2026-05-05
Opening,Specialty / Other,USA,Opening date revealed for new Maidenhead High Street Hays Travel branch,Maidenhead Advertiser,2026-05-03 23:08:00,https://www.maidenhead-advertiser.co.uk/gallery/business/705820/opening-date-revealed-for-new-maidenhead-high-street-hays-travel-branch.html,opening soon,2,2026-05-05
Opening,Convenience Stores / Distributors,Canada,New Co-op convenience store due to open at One Maidenhead in July,Slough Express,2026-05-03 23:01:00,https://www.sloughexpress.co.uk/gallery/business/705819/new-co-op-convenience-store-due-to-open-at-one-maidenhead-in-july.html,new store,4,2026-05-05
Closing,Specialty / Other,USA,Price Attack sets sights on Bundaberg in expansion spree,Bundaberg Today,2026-05-03 23:00:50,https://bundabergtoday.com.au/news/2026/05/04/price-attack-sets-sights-on-bundaberg-in-expansion-spree/,closing stores,2,2026-05-05
Opening,Specialty / Other,USA,Fast-rising LA-based KBBQ chain opening first Bay Area locations,MSN,2026-05-03 22:52:33,https://www.msn.com/en-us/travel/tripideas/fast-rising-la-based-kbbq-chain-opening-first-bay-area-locations/ar-AA1HRriF?apiversion=v2&domshim=1&noservercache=1&noservertelemetry=1&batchservertelemetry=1&renderwebcomponents=1&wcseo=1,coming soon,2,2026-05-05
Opening,Specialty / Other,Canada,Playa Bowls Sets Grand Opening for Collierville Location,WhatNow,2026-05-03 22:32:45,https://whatnow.com/memphis/restaurants/playa-bowls-sets-grand-opening-for-collierville-location/,grand opening,5,2026-05-05
Opening,Specialty / Other,USA,Ritual Bistro Brewing up May Opening,WhatNow,2026-05-03 21:58:06,https://whatnow.com/memphis/restaurants/ritual-bistro-brewing-up-may-opening/,grand opening,2,2026-05-05
Opening,Specialty / Other,USA,North Staffordshire pub back open,MSN,2026-05-03 21:42:16,https://www.msn.com/en-gb/money/general/north-staffordshire-pub-back-open-with-new-landlords-too/ar-AA20GMsx?ocid=BingNewsVerp&apiversion=v2&domshim=1&noservercache=1&noservertelemetry=1&batchservertelemetry=1&renderwebcomponents=1&wcseo=1,now open,2,2026-05-05
Closing,Specialty / Other,USA,36-year-old retailer shuts down website as all stores face closure,MSN,2026-05-03 21:29:09,https://www.msn.com/en-us/money/companies/36-year-old-retailer-shuts-down-website-as-all-stores-face-closure/ar-AA20YQ9d,chapter 11,2,2026-05-05
Closing,Specialty / Other,USA,"Norco announces drop box locations, on-demand voting",facilitiesmanagement-now.com,2026-05-03 21:16:05,https://www.facilitiesmanagement-now.com/article/270353/norco-announces-drop-box-locations-ondemand-voting,last day,2,2026-05-05
Opening,Specialty / Other,USA,U Street partially closed as Ben's Chili Bowl reopens,MSN,2026-05-03 21:00:38,https://www.msn.com/en-us/sports/other/u-street-partially-closed-as-bens-chili-bowl-reopens/ar-AA22a7mX,ribbon cutting,2,2026-05-05
Opening,Restaurants,Canada,3 restaurants that opened in Mississauga and Brampton in April 2026,INsauga,2026-05-03 20:31:28,https://www.insauga.com/3-restaurants-that-opened-in-mississauga-and-brampton-in-april-2026/,grand opening,4,2026-05-05
Opening,Grocery,USA,New specialty grocery store to open doors in Mission Viejo,MSN,2026-05-03 20:26:15,https://www.msn.com/en-us/food-and-drink/general/new-specialty-grocery-store-to-open-doors-in-mission-viejo/ar-AA21QsCv?ocid=BingNewsVerp&apiversion=v2&domshim=1&noservercache=1&noservertelemetry=1&batchservertelemetry=1&renderwebcomponents=1&wcseo=1,expanding to,4,2026-05-05
Opening,Specialty / Other,USA,Sheetz Launches Massive Southeast Michigan Expansion,PhillyBite.com,2026-05-03 20:25:19,https://www.phillybite.com/index.php/local-news/12548-sheetz-launches-massive-southeast-michigan-expansion,plans to open,2,2026-05-05
Opening,Grocery,USA,Supermarket chain unveils new store plans for Wiltshire town,Rayo,2026-05-03 20:16:58,https://www.hellorayo.co.uk/greatest-hits/salisbury/news/melksham-lidl-relocation,new store,8,2026-05-05
Closing,Specialty / Other,USA,Historic candy store chain closing all locations after 141 years,MSN,2026-05-03 20:06:07,https://www.msn.com/en-us/health/healthtrending/historic-candy-store-chain-closing-all-locations-after-141-years/ar-AA220N3X?cvid=69f68bc35ecd4040bf542712f36d8baf&ocid=iehps&apiversion=v2&domshim=1&noservercache=1&noservertelemetry=1&batchservertelemetry=1&renderwebcomponents=1&wcseo=1,closing all locations,5,2026-05-05
Opening,Specialty / Other,Canada,Soo Locks Visitor Center now open for the season,SooLeader.com,2026-05-03 19:50:09,https://www.sooleader.com/local-news/soo-locks-visitor-center-now-open-for-the-season-12226367,now open,5,2026-05-05
Closing,Specialty / Other,USA,Bloomberg: Tops stores are close to bankruptcy,The Daily Gazette,2026-05-03 19:34:06,https://www.dailygazette.com/ade/news/business/bloomberg-tops-stores-are-close-to-bankruptcy/article_a4e3de5e-a9de-54a8-976e-6b834258cf3c.html,bankruptcy,5,2026-05-05
Opening,Specialty / Other,USA,Manhattan’s Redeye Grill to close after 30 years,New York Post,2026-05-03 19:32:00,https://nypost.com/2026/05/03/business/manhattans-redeye-grill-to-close-after-30-years/,new location,2,2026-05-05
Closing,Specialty / Other,USA,Rodney Scott’s BBQ to officially close,Live 5 News,2026-05-03 19:16:00,https://www.live5news.com/2026/05/03/rodney-scotts-bbq-officially-close/,last day,2,2026-05-05
Closing,Specialty / Other,USA,McDonald’s Rival Closes May 03: Burger Chain Shuts Locations,Meyka,2026-05-03 18:55:40,https://meyka.com/blog/mcdonalds-rival-closes-may-03-burger-chain-shuts-locations-0305/,closing locations,2,2026-05-05
Opening,Restaurants,USA,"Figs, the quaint BYOB in Fairmount, is closing after 25 years, and a new restaurant is moving in",MSN,2026-05-03 18:30:16,https://www.msn.com/en-us/travel/news/figs-the-quaint-byob-in-fairmount-is-closing-after-25-years-and-a-new-restaurant-is-moving-in/ar-AA22esRK?apiversion=v2&domshim=1&noservercache=1&noservertelemetry=1&batchservertelemetry=1&renderwebcomponents=1&wcseo=1,plans to open,4,2026-05-05
Opening,Hospitality,Canada,Casa Mani Resort’s Opening In Downtown Napa Valley A Game Changer For Local Tourism And The Hospitality Landscape: All You Need To Know,Travel And Tour World,2026-05-03 18:30:07,https://www.travelandtourworld.com/news/article/casa-mani-resorts-opening-in-downtown-napa-valley-a-game-changer-for-local-tourism-and-the-hospitality-landscape-all-you-need-to-know/,grand opening,4,2026-05-05
Closing,Restaurants,USA,McDonald's competitors have shut down hundreds of restaurants nationwide,mibolsillo.co,2026-05-03 18:26:00,https://www.mibolsillo.co/mcdonalds-competitors-have-shut-down-hundreds-of-restaurants-nationwide-t202605030023.html,closing locations,4,2026-05-05
Opening,Specialty / Other,USA,Charleston location of Rodney Scott’s BBQ now closed ‘until further notice.’ Here’s what we know.,Post and Courier,2026-05-03 18:25:00,https://www.postandcourier.com/news/rodney-scott-bbq-king-street-charleston-closing/article_ecb38562-ef13-497e-831b-a743d396964b.html,open for business,2,2026-05-05
Opening,Hospitality,Canada,Amoh Resort’s Grand Opening How It Enhances Rhodes’ Reputation As A Luxury Travel Destination And The Fusion Of Tradition And Modernity In Design: What You Need To Know,Travel And Tour World,2026-05-03 18:21:24,https://www.travelandtourworld.com/news/article/amoh-resorts-grand-opening-how-it-enhances-rhodes-reputation-as-a-luxury-travel-destination-and-the-fusion-of-tradition-and-modernity-in-design-what-you-need-to-know/,grand opening,7,2026-05-05
Opening,Specialty / Other,USA,Artfully Vino and Van Gogh opens new location in Greenville,FOX Carolina News,2026-05-03 18:15:00,https://www.foxcarolina.com/video/2026/05/03/artfully-vino-van-gogh-opens-new-location-greenville/?outputType=amp,new location,5,2026-05-05
Closing,Furniture / Mattress,USA,Historic family-owned furniture store closes its doors after 165 years,MSN,2026-05-03 18:14:43,https://www.msn.com/en-us/lifestyle/lifestyle-buzz/historic-family-owned-furniture-store-closes-its-doors-after-165-years/ar-AA227jbe?apiversion=v2&domshim=1&noservercache=1&noservertelemetry=1&batchservertelemetry=1&renderwebcomponents=1&wcseo=1,last day,4,2026-05-05
Opening,Apparel,USA,"Primark, the international fashion retailer, set to open New York flagship at Herald Square on May 8",MSN,2026-05-03 18:06:25,https://www.msn.com/en-us/money/companies/primark-the-international-fashion-retailer-set-to-open-new-york-flagship-at-herald-square-on-may-8/ar-AA21himw,grand opening,4,2026-05-05
Closing,Specialty / Other,USA,The Habit Burger & Grill quietly closes locations,MSN,2026-05-03 17:46:55,https://www.msn.com/en-us/money/companies/the-habit-burger-grill-quietly-closes-locations/ar-AA2276om?gemSnapshotKey=GM60E59BEC-snapshot-1&apiversion=v2&domshim=1&noservercache=1&noservertelemetry=1&batchservertelemetry=1&renderwebcomponents=1&wcseo=1,closing locations,2,2026-05-05
Opening,Restaurants,USA,"New brewery, restaurant to open in Kane Realty development near Boylan Heights",The Business Journals,2026-05-03 17:14:00,https://www.bizjournals.com/triangle/news/2026/05/03/basic-brewing-taproom-restaurant-raleigh-platform.html,plans to open,4,2026-05-05
Opening,Specialty / Other,USA,This bustling Lexington highway has a new location of a prolific national store,AOL.com,2026-05-03 17:05:20,https://www.aol.com/news/bustling-lexington-highway-location-prolific-151114428.html,new location,5,2026-05-05
Opening,Specialty / Other,USA,DeKalb elementary school ‘adopted’ with $5K donation from new Burlington store,Shaw Local,2026-05-03 17:00:00,https://www.shawlocal.com/daily-chronicle/2026/05/03/dekalb-elementary-school-adopted-with-5k-donation-from-new-burlington-store/,grand opening,2,2026-05-05
Opening,Specialty / Other,Canada,Tiger Woods-backed mini-golf chain sets opening for $5.8M Texas course,MSN,2026-05-03 16:57:20,https://www.msn.com/en-us/sports/golf/tiger-woods-backed-mini-golf-chain-sets-opening-for-5-8m-texas-course/ar-AA1ZRXY0?ocid=hpdhp17&apiversion=v2&domshim=1&noservercache=1&noservertelemetry=1&batchservertelemetry=1&renderwebcomponents=1&wcseo=1,grand opening,2,2026-05-05
Closing,Specialty / Other,USA,WMU To Permanently Close Dangerous Campus Intersection,wbxxfm.com,2026-05-03 16:50:51,https://wbxxfm.com/ixp/689/p/wmu-oakland-intersection-closure/,permanent closure,2,2026-05-05
Opening,Specialty / Other,USA,"Little Caesars opens Michigan's first self-service, self-checkout store in Dearborn Heights",FOX 2 Detroit,2026-05-03 16:22:10,https://www.fox2detroit.com/news/little-caesars-opens-michigans-first-self-service-self-checkout-store-dearborn-heights,grand opening,2,2026-05-05
Opening,Specialty / Other,USA,Aldi told plans for new Elgin store don’t have enough parking spaces,Press and Journal,2026-05-03 16:00:09,https://www.pressandjournal.co.uk/fp/news/moray/7007677/elgin-aldi-parking-concerns-moray-council/,new store,2,2026-05-05
Opening,Specialty / Other,USA,Suffolk stores offer brand new delivery service,Bury Mercury,2026-05-03 16:00:00,https://www.burymercury.co.uk/news/26068911.east-england-co-op-expands-snappy-shopper-service/,expanding to,2,2026-05-05
Closing,Specialty / Other,USA,Here's what to know about Spirit Airlines shutting down,WDSU,2026-05-03 15:55:00,http://www.wdsu.com/article/spirit-airlines-shuts-down-bankruptcy-what-to-know/71194343,going out of business,2,2026-05-05
Closing,Restaurants,USA,Applebee's is shutting down more restaurant locations in these 3 states,MSN,2026-05-03 15:03:33,https://www.msn.com/en-us/foodanddrink/foodnews/applebee-s-is-shutting-down-more-restaurant-locations-in-these-3-states/ar-AA1X9nqg?ocid=ob-fb-frfr&apiversion=v2&domshim=1&noservercache=1&noservertelemetry=1&batchservertelemetry=1&renderwebcomponents=1&wcseo=1,closing locations,4,2026-05-05
Closing,Specialty / Other,USA,Macy's shuttering 14 locations in 12 states with first closure date announced,MSN,2026-05-03 14:56:52,https://www.msn.com/en-us/money/companies/macy-s-shuttering-14-locations-in-12-states-with-first-closure-date-announced-full-list/ar-AA20Ypa1?ocid=OIE9HP&apiversion=v2&domshim=1&noservercache=1&noservertelemetry=1&batchservertelemetry=1&renderwebcomponents=1&wcseo=1,closing stores,2,2026-05-05
Closing,Restaurants,USA,Beloved Houston restaurant shocks fans with closure after 15 years,Chron,2026-05-03 14:44:19,https://www.chron.com/food/article/house-of-fries-houston-texas-22238906.php,last day,4,2026-05-05
Opening,Specialty / Other,USA,Two new Goodwill stores move into prime retail locations,the-sun.com,2026-05-03 14:26:50,https://www.the-sun.com/money/16307480/two-brand-new-goodwill-stores-maryland/,grand opening,2,2026-05-05
Closing,Specialty / Other,USA,3 McDonald’s rivals close hundreds of U.S. locations,Rolling Out,2026-05-03 14:19:52,https://rollingout.com/2026/05/03/mcdonalds-rivals-close-hundred-locations/,closing locations,2,2026-05-05
Opening,Restaurants,Canada,Little Caesars to open self-service restaurant in Dearborn Heights this weekend,MSN,2026-05-03 14:06:52,http://www.msn.com/en-us/foodanddrink/foodnews/little-caesars-to-open-self-service-restaurant-in-dearborn-heights-this-weekend/ar-AA226r1E?apiversion=v2&domshim=1&noservercache=1&noservertelemetry=1&batchservertelemetry=1&renderwebcomponents=1&wcseo=1,grand opening,4,2026-05-05
Opening,Convenience Stores / Distributors,USA,Popular convenience store chain announces expansion into Indiana,MSN,2026-05-03 14:02:53,https://www.msn.com/en-us/money/companies/popular-convenience-store-chain-announces-expansion-into-indiana/ar-AA20qXAO?apiversion=v2&domshim=1&noservercache=1&noservertelemetry=1&batchservertelemetry=1&renderwebcomponents=1&wcseo=1,plans to open,4,2026-05-05
Opening,Specialty / Other,USA,Costco rival rolls out hours change across all stores,the-sun.com,2026-05-03 13:56:11,https://www.the-sun.com/money/16307306/bj-wholsale-rolls-out-hours-change-cheaper-gas/,new store,2,2026-05-05
Opening,Specialty / Other,USA,Houston halal barbecue spot Levant BBQ to open new Texas locations in Sugar Land and Frisco,MSN,2026-05-03 13:47:37,https://www.msn.com/en-us/foodanddrink/foodnews/houston-halal-barbecue-spot-levant-bbq-to-open-new-texas-locations-in-sugar-land-and-frisco/ar-AA21qXMp?apiversion=v2&domshim=1&noservercache=1&noservertelemetry=1&batchservertelemetry=1&renderwebcomponents=1&wcseo=1,plans to open,2,2026-05-05
Opening,Specialty / Other,Canada,Buc-ee's expansion roundup: Every new location opening in 2027,MSN,2026-05-03 13:45:43,https://www.msn.com/en-us/news/us/buc-ees-expansion-roundup-every-new-location-opening-in-2027/ar-AA22bBlX?apiversion=v2&domshim=1&noservercache=1&noservertelemetry=1&batchservertelemetry=1&renderwebcomponents=1&wcseo=1,grand opening,2,2026-05-05
Opening,Specialty / Other,Canada,Royal Shore Beachclub Announces Grand Opening in Hoi An,Danang Fantasticity,2026-05-03 13:41:15,https://danangfantasticity.com/en/royal-shore-beachclub-announces-grand-opening-in-hoi-an,grand opening,5,2026-05-05
Closing,Specialty / Other,Canada,"After Chapter 11, BBQ chain shuts down all locations",thestreet.com,2026-05-03 13:33:21,https://www.thestreet.com/restaurants/after-chapter-11-smokey-bones-bbq-chain-shuts-down-all-locations,chapter 11,5,2026-05-05
Opening,Books / Toys / Gaming,Canada,National bookstore chain poised to reopen Arlington location,MSN,2026-05-03 12:54:07,https://www.msn.com/en-us/foodanddrink/foodnews/national-bookstore-chain-poised-to-reopen-arlington-location/ar-AA2225H8?ocid=BingNewsVerp&apiversion=v2&domshim=1&noservercache=1&noservertelemetry=1&batchservertelemetry=1&renderwebcomponents=1&wcseo=1,grand opening,4,2026-05-05
Opening,Specialty / Other,USA,Paris Baguette at Garden State Park in Cherry Hill now open,MSN,2026-05-03 12:48:09,https://www.msn.com/en-us/travel/tripideas/paris-baguette-at-garden-state-park-in-cherry-hill-now-open/ar-AA226hi2,now open,5,2026-05-05
Closing,Specialty / Other,Canada,Smokey Bones shutters last Illinois location amid nationwide closures,MSN,2026-05-03 12:31:46,https://www.msn.com/en-us/foodanddrink/foodnews/smokey-bones-shutters-last-illinois-location-amid-nationwide-closures/ar-AA225b1b?ocid=BingNewsVerp,shutters,5,2026-05-05
Opening,Books / Toys / Gaming,Canada,Barnes and Noble to open brand new bookstore with cafe in sprawling development in WEEKS,the-sun.com,2026-05-03 12:31:36,https://www.the-sun.com/money/16307228/barnes-noble-open-bookstore-texas/,grand opening,4,2026-05-05
Closing,Specialty / Other,USA,Popular barbecue chain abruptly closes all locations nationwide,MSN,2026-05-03 12:26:24,https://www.msn.com/en-us/health/healthtrending/popular-barbecue-chain-abruptly-closes-all-locations-nationwide/ar-AA226zkJ?apiversion=v2&domshim=1&noservercache=1&noservertelemetry=1&batchservertelemetry=1&renderwebcomponents=1&wcseo=1,closing all locations,2,2026-05-05
Opening,Specialty / Other,USA,"MSC Cruises 2028 Caribbean Cruises Now Open: New Ships, New Routes, and Exclusive Island Escape at Sandy Cay",Nbsla.ca,2026-05-03 12:14:50,https://nbsla.ca/msc-cruises-2028-caribbean-cruises/,now open,5,2026-05-05
Opening,Grocery,USA,"Arizona-based grocery store has best produce, according to readers",MSN,2026-05-03 12:13:31,https://www.msn.com/en-us/money/companies/arizona-based-grocery-store-has-best-produce-according-to-readers/ar-AA225BBo,opening soon,4,2026-05-05
Opening,Specialty / Other,USA,"New Chipotle sets opening date, body found in pond by fishermen and more Flint-area news",MLive.com,2026-05-03 12:00:00,https://www.mlive.com/news/flint/2026/05/new-chipotle-sets-opening-date-body-found-in-mt-morris-township-and-more-flint-area-news.html,coming soon,2,2026-05-05
Opening,Specialty / Other,USA,Fox in the Snow to open Clintonville café in former Hot Chicken Takeover space,MSN,2026-05-03 11:58:22,https://www.msn.com/en-us/money/companies/fox-in-the-snow-to-open-clintonville-caf%C3%A9-in-former-hot-chicken-takeover-space/ar-AA22aWxn,ribbon cutting,2,2026-05-05
Closing,Specialty / Other,USA,Once-booming cookie chain closes all stores after Chapter 11 filing,MSN,2026-05-03 11:38:14,https://www.msn.com/en-us/health/other/once-booming-cookie-chain-closes-all-stores-after-chapter-11-filing/ar-AA205iyb?ocid=iehp0130&apiversion=v2&domshim=1&noservercache=1&noservertelemetry=1&batchservertelemetry=1&renderwebcomponents=1&wcseo=1,chapter 11,5,2026-05-05
Closing,Restaurants,USA,Family-owned Chinese restaurant on Route 1 in Massachusetts closing after 55 years,MSN,2026-05-03 11:11:06,https://www.msn.com/en-us/foodanddrink/foodnews/family-owned-chinese-restaurant-on-route-1-in-massachusetts-closing-after-55-years/ar-AA21FdoC?ocid=BingNewsVerp,last day,4,2026-05-05
Opening,Specialty / Other,USA,Nordstrom closing two stores over next month,MSN,2026-05-03 11:04:27,https://www.msn.com/en-us/money/companies/nordstrom-closing-two-stores-over-next-month/ar-AA21RPrM?apiversion=v2&domshim=1&noservercache=1&noservertelemetry=1&batchservertelemetry=1&renderwebcomponents=1&wcseo=1,plans to open,2,2026-05-05
Opening,Specialty / Other,Canada,"North Jersey animal refuge expands, opens 2nd location",MSN,2026-05-03 10:50:57,https://www.msn.com/en-us/news/us/north-jersey-animal-refuge-expands-opens-2nd-location/ar-AA220Sfk?apiversion=v2&domshim=1&noservercache=1&noservertelemetry=1&batchservertelemetry=1&renderwebcomponents=1&wcseo=1,new location,2,2026-05-05
Opening,Specialty / Other,USA,Why this McDonald's open since the 1970s has never served a single customer,MSN,2026-05-03 10:44:50,https://www.msn.com/en-my/news/other/why-this-mcdonalds-open-since-the-1970s-has-never-served-a-single-customer/ar-AA21vRd5,open for business,2,2026-05-05
Opening,Grocery,USA,New grocery store coming to Willoughby Hills,MSN,2026-05-03 10:33:24,https://www.msn.com/en-us/money/companies/new-grocery-store-coming-to-willoughby-hills/ar-AA21plDn?ocid=BingNewsVerp,ribbon cutting,4,2026-05-05
Opening,Grocery,USA,"New grocery store opens, aims to boost food access on Buffalo's East Side",WGRZ,2026-05-03 10:33:00,https://www.wgrz.com/article/money/business/new-grocery-store-opens-buffalo-east-side/71-1299d291-4801-4904-8a2f-3f8491152529,grand opening,4,2026-05-05
Opening,Restaurants,USA,KFC expands Saucy's Florida footprint with a new location of concept restaurant,MSN,2026-05-03 10:30:47,https://www.msn.com/en-us/foodanddrink/foodnews/kfc-expands-saucy-s-florida-footprint-with-a-new-location-of-concept-restaurant/ar-AA22c1AB?apiversion=v2&domshim=1&noservercache=1&noservertelemetry=1&batchservertelemetry=1&renderwebcomponents=1&wcseo=1,new location,7,2026-05-05
Closing,Restaurants,USA,Popular BBQ Chain With Tyngsborough Location Shutters All Restaurants: What To Know,dailyvoice.com,2026-05-03 10:20:37,https://dailyvoice.com/ma/tyngsborough/smokey-bones-shutters-all-locations-nationwide-what-to-know/,shutters,7,2026-05-05
Closing,Hospitality,USA,Hotels in Kerala to close shutters on May 6 protesting LPG price hike,madhyamamonline.com,2026-05-03 10:13:58,https://madhyamamonline.com/amp/kerala/hotels-in-kerala-to-close-shutters-on-may-6-protesting-lpg-price-hike-1516610,shutters,7,2026-05-05
Closing,Specialty / Other,USA,National Cowboy Museum's Route 66 exhibit is closing soon,AOL.com,2026-05-03 09:59:46,https://www.aol.com/news/national-cowboy-museums-route-66-101544376.html,closing soon,5,2026-05-05
Opening,Department Stores,USA,Upscale department store quietly closes its last Oregon location,MSN,2026-05-03 09:55:16,https://www.msn.com/en-us/money/companies/upscale-department-store-quietly-closes-its-last-oregon-location/ar-AA1Q1Tb2?apiversion=v2&domshim=1&noservercache=1&noservertelemetry=1&batchservertelemetry=1&renderwebcomponents=1&wcseo=1,open for business,4,2026-05-05
Closing,Specialty / Other,USA,opened in 1999,Daily Express,2026-05-03 09:53:00,https://www.express.co.uk/news/world/2201229/worlds-most-famous-seven-star-hotel-closes-dubai,liquidation,2,2026-05-05
Opening,Specialty / Other,USA,"Greece Joins Athens, Crete, Paros, and Zakynthos in Taking the Center Stage As Marriott International Accelerates Mediterranean Expansion With Nearly Thousand New Rooms",Travel And Tour World,2026-05-03 09:28:53,https://www.travelandtourworld.com/news/article/greece-joins-athens-crete-paros-and-zakynthos-in-taking-the-center-stage-as-marriott-international-accelerates-mediterranean-expansion-with-nearly-thousand-new-rooms/,coming soon,2,2026-05-05
Opening,Specialty / Other,Canada,Express Oil Change & Tire Engineers has grand opening in Chillicothe,Chillicothe Gazette,2026-05-03 09:04:00,https://www.chillicothegazette.com/story/news/local/2026/05/03/express-oil-change-tire-engineers-opens-in-chillicothe/89833599007/,grand opening,5,2026-05-05
Opening,Restaurants,Canada,These 7 restaurants & sweet shops opened in the Pensacola area in April,Pensacola News Journal,2026-05-03 09:02:00,https://www.pnj.com/story/entertainment/dining/2026/05/03/new-pensacola-restaurants-include-insomnia-cookies-rames-tacos/89853484007/,grand opening,4,2026-05-05
Closing,Specialty / Other,USA,Beloved pizza chain shutters all of its locations: 'Decision did not come easily',MSN,2026-05-03 08:34:33,http://www.msn.com/en-us/money/companies/beloved-pizza-chain-shutters-all-of-its-locations-decision-did-not-come-easily/ar-AA22dDKo?apiversion=v2&domshim=1&noservercache=1&noservertelemetry=1&batchservertelemetry=1&renderwebcomponents=1&wcseo=1,shutters,5,2026-05-05
Opening,Specialty / Other,USA,What's that? Tamashii Ramen House to open new OKC location soon,AOL.com,2026-05-03 08:25:49,https://www.aol.com/news/whats-tamashii-ramen-house-open-100355222.html,coming soon,2,2026-05-05
Opening,Grocery,USA,Grocery store Aldi announces opening date for newest Central Georgia store. Here's when,MSN,2026-05-03 08:25:07,https://www.msn.com/en-us/money/companies/grocery-store-aldi-announces-opening-date-for-newest-central-georgia-store-heres-when/ar-AA21z8Al?apiversion=v2&domshim=1&noservercache=1&noservertelemetry=1&batchservertelemetry=1&renderwebcomponents=1&wcseo=1,grand opening,4,2026-05-05
Opening,Specialty / Other,USA,This Chicago-based sandwich shop is opening its first Delaware store,MSN,2026-05-03 08:06:34,https://www.msn.com/en-us/money/companies/this-chicago-based-sandwich-shop-is-opening-its-first-delaware-store/ar-AA21ChTz?apiversion=v2&domshim=1&noservercache=1&noservertelemetry=1&batchservertelemetry=1&renderwebcomponents=1&wcseo=1,plans to open,2,2026-05-05
Opening,Specialty / Other,USA,Popular ice cream chain opening first Sarasota shop soon,Sarasota Herald-Tribune,2026-05-03 08:02:00,https://www.heraldtribune.com/story/entertainment/dining/2026/05/03/popular-ice-cream-chain-opening-first-sarasota-shop-soon/89897500007/,plans to open,2,2026-05-05
Opening,Specialty / Other,USA,"Popular NJ ice cream shop comes to Bucks County, readies for summer open",PhillyBurbs,2026-05-03 08:01:00,https://www.phillyburbs.com/story/lifestyle/food/2026/05/03/humdoo-ice-cream-coming-to-buckingham-in-former-candlewyck-spot-bucks-county-flemington/89882619007/,new location,2,2026-05-05
Opening,Specialty / Other,USA,Wegmans officially purchases land to build first Pittsburgh area location,MSN,2026-05-03 07:52:30,https://www.msn.com/en-us/money/careersandeducation/wegmans-officially-purchases-land-to-build-first-pittsburgh-area-location/ar-AA22aPBP?apiversion=v2&domshim=1&noservercache=1&noservertelemetry=1&batchservertelemetry=1&renderwebcomponents=1&wcseo=1,expanding to,2,2026-05-05
Opening,Specialty / Other,Canada,Raising Cane's opening new locations in 7 states in May. See the list,MSN,2026-05-03 07:05:58,https://www.msn.com/en-us/money/companies/raising-canes-opening-new-locations-in-7-states-in-may-see-the-list/ar-AA229LBV,grand opening,2,2026-05-05
Closing,Specialty / Other,USA,not just store closures,Daily Express,2026-05-03 07:04:00,https://www.express.co.uk/finance/personalfinance/2200348/nationwide-uk-high-streets-won-t-survive-1-reason,liquidation,2,2026-05-05
Opening,Specialty / Other,USA,New Star Wars Day Merch Coming to Disney Store and Disney Parks,Disney Parks Blog,2026-05-03 07:00:00,https://disneyparksblog.com/products/new-star-wars-day-merch-coming-to-disney-store-and-disney-parks/,coming soon,2,2026-05-05
Opening,Gyms / Fitness,USA,Gyms across Valley shutting down basketball courts,The Foothills Focus,2026-05-03 07:00:00,https://www.thefoothillsfocus.com/city_news/gyms-across-valley-shutting-down-basketball-courts/article_5643e8f4-d6c8-40e9-ba7f-2d3b25849e3d.html,new location,4,2026-05-05
Opening,Grocery Wholesale,USA,New Texas BJ's Wholesale Club location offers $2 gas for members,MSN,2026-05-03 06:04:09,https://www.msn.com/en-us/money/companies/new-texas-bj-s-wholesale-club-location-offers-2-gas-for-members/ar-AA22fuGp,grand opening,4,2026-05-05
Opening,Specialty / Other,USA,Alton Towers extends opening hours for half term so you can ride for longer,Birmingham Live,2026-05-03 06:00:00,https://www.birminghammail.co.uk/whats-on/family-kids-news/alton-towers-extends-opening-hours-33865380,now open,2,2026-05-05
Opening,Grocery,USA,"Supermarket opening times for May Bank Holiday 2026 including Tesco, Asda and Aldi",Stoke-on-Trent Live,2026-05-03 05:55:16,https://www.stokesentinel.co.uk/whats-on/shopping/supermarket-opening-times-bank-holiday-10947804,now open,4,2026-05-05
Opening,Grocery,USA,Developer gets green light to start buying equipment for new KCK grocery store,MSN,2026-05-03 05:18:27,https://www.msn.com/en-us/money/companies/developer-gets-green-light-to-start-buying-equipment-for-new-kck-grocery-store/ar-AA20h8nn,new store,4,2026-05-05
Opening,Specialty / Other,USA,It’s official: Publix signs lease for Yorktown store,MSN,2026-05-03 05:06:29,https://www.msn.com/en-us/money/companies/it-s-official-publix-signs-lease-for-yorktown-store/ar-AA22cbKV?apiversion=v2&domshim=1&noservercache=1&noservertelemetry=1&batchservertelemetry=1&renderwebcomponents=1&wcseo=1,new store,2,2026-05-05
Closing,Specialty / Other,Canada,The all new Derby Bar and Grill is open,faribaultcountyregister.com,2026-05-03 05:01:07,https://www.faribaultcountyregister.com/news/local-news/2026/05/03/the-all-new-derby-bar-and-grill-is-open/,last day,2,2026-05-05
Opening,Specialty / Other,USA,O'Reilly Auto Parts to open its 52nd CT store at the Milford Plaza,MSN,2026-05-03 04:43:30,https://www.msn.com/en-us/money/companies/o-reilly-auto-parts-to-open-its-52nd-ct-store-at-the-milford-plaza/ar-AA21xDu3?ocid=finance-verthp-feeds&apiversion=v2&domshim=1&noservercache=1&noservertelemetry=1&batchservertelemetry=1&renderwebcomponents=1&wcseo=1,new store,2,2026-05-05
Closing,Specialty / Other,USA,Casino operator shuts down one WA location amid ongoing financial woes,MSN,2026-05-03 04:42:39,https://www.msn.com/en-us/money/companies/casino-operator-shuts-down-one-wa-location-amid-ongoing-financial-woes/ar-AA21FD2y?ocid=finance-verthp-feeds&apiversion=v2&domshim=1&noservercache=1&noservertelemetry=1&batchservertelemetry=1&renderwebcomponents=1&wcseo=1&bundles=feat-es2020-c,bankruptcy,2,2026-05-05
Opening,Department Stores,USA,Here's why residents may see smoke coming from a former city centre department store,The Argus,2026-05-03 04:00:00,https://www.theargus.co.uk/news/26072389.major-fire-exercise-chichester-house-fraser-building/,new store,4,2026-05-05
Opening,Hospitality,Canada,Wynn Al Marjan Island to open in 2027 as UAE’s 1st fully integrated resort,Khaleej Times,2026-05-03 04:00:00,https://www.khaleejtimes.com/business-technology-review/ras-al-khaimah-marjan-beach-wynn-al-marjan-island,under construction,4,2026-05-05
Opening,Specialty / Other,Canada,Grand opening,Indianola Independent Advocate,2026-05-03 03:13:19,https://www.indianola-ia.com/grand-opening/image_8ceaa1d6-08b4-4bf9-836e-ea322e7dbfc8.html,grand opening,5,2026-05-05
Opening,Specialty / Other,USA,Mane Attraction: Family-owned Las Vegas blow-dry bar plans to expand,Las Vegas Review-Journal,2026-05-03 03:00:00,https://www.reviewjournal.com/business/vegas-business/small-business/mane-attraction-family-owned-las-vegas-blow-dry-bar-plans-to-expand-3796233/,plans to open,2,2026-05-05
Opening,Specialty / Other,USA,Dan Murphy’s plans to open in Cowes sparks debate over Phillip Island's character,MSN,2026-05-03 02:56:39,https://www.msn.com/en-au/news/australia/dan-murphy-s-plans-to-open-in-cowes-sparks-debate-over-phillip-island-s-character/ar-AA228cJ5?ocid=BingNewsVerp,plans to open,5,2026-05-05
Closing,Specialty / Other,Canada,Major steakhouse chain faces threat amid closure as bankruptcy looms,MSN,2026-05-03 02:51:20,https://www.msn.com/en-us/money/companies/major-steakhouse-chain-faces-threat-amid-closure-as-bankruptcy-looms/ar-AA218j19?gemSnapshotKey=GMCEA5E6F3-snapshot-1&uxmode=ruby&apiversion=v2&domshim=1&noservercache=1&noservertelemetry=1&batchservertelemetry=1&renderwebcomponents=1&wcseo=1,chapter 11,2,2026-05-05
Opening,Specialty / Other,USA,Cure by Design expands retail presence with second Bengaluru store,MSN,2026-05-03 02:10:13,https://www.msn.com/en-in/money/topstories/cure-by-design-expands-retail-presence-with-second-bengaluru-store/ar-AA212qQT?uxmode=ruby&apiversion=v2&domshim=1&noservercache=1&noservertelemetry=1&batchservertelemetry=1&renderwebcomponents=1&wcseo=1,new store,2,2026-05-05
Opening,Grocery,USA,Supermarket giant is looking to open three new stores in Warrington,MSN,2026-05-03 02:02:15,https://www.msn.com/en-gb/money/other/supermarket-giant-is-looking-to-open-three-new-stores-in-warrington/ar-AA22cSit,new store,7,2026-05-05
Opening,Specialty / Other,USA,Farmfoods confirms North East branch to permanently close in just a few days,MSN,2026-05-03 01:55:52,http://www.msn.com/en-gb/money/other/farmfoods-confirms-north-east-branch-to-permanently-close-in-just-a-few-days/ar-AA21ZBlv?apiversion=v2&domshim=1&noservercache=1&noservertelemetry=1&batchservertelemetry=1&renderwebcomponents=1&wcseo=1,new store,2,2026-05-05
Opening,Grocery,USA,What Are City-Owned Grocery Stores (And How Do They Differ From Your Everyday Chains)?,Chowhound,2026-05-03 01:35:00,https://www.chowhound.com/2160071/city-owned-grocery-stores-private-owned-difference/,plans to open,4,2026-05-05
Closing,Grocery,USA,Darlington supermarket forced to close due to powercut,MSN,2026-05-03 01:29:49,https://www.msn.com/en-gb/money/other/darlington-supermarket-forced-to-close-due-to-powercut/ar-AA22ee8H,shutters,4,2026-05-05
Opening,Specialty / Other,Canada,Dave & Buster's preparing for Jack London Square grand opening Monday,MSN,2026-05-03 01:29:28,http://www.msn.com/en-us/travel/news/dave-busters-preparing-for-jack-london-square-grand-opening-monday/ar-AA21XYWO?apiversion=v2&domshim=1&noservercache=1&noservertelemetry=1&batchservertelemetry=1&renderwebcomponents=1&wcseo=1,grand opening,5,2026-05-05
Opening,Specialty / Other,USA,New shop set to open as part of plans to revitalise Chelmsford shopping centre,MSN,2026-05-03 01:05:25,https://www.msn.com/en-gb/lifestyle/lifestylegeneral/new-shop-set-to-open-as-part-of-plans-to-revitalise-chelmsford-shopping-centre/ar-AA21Ysdd,plans to open,2,2026-05-05
Opening,Specialty / Other,USA,"Ben’s Chili Bowl hosts grand reopening, ribbon cutting of historic U Street location",MSN,2026-05-03 00:45:00,https://www.msn.com/en-us/news/us/ben-s-chili-bowl-hosts-grand-reopening-ribbon-cutting-of-historic-u-street-location/ar-AA22aYvs?apiversion=v2&domshim=1&noservercache=1&noservertelemetry=1&batchservertelemetry=1&renderwebcomponents=1&wcseo=1,ribbon cutting,5,2026-05-05
Opening,Specialty / Other,USA,SEYMOUR SCOOP: Big Dipper celebrates grand opening in Seymour,The Connecticut Scoop,2026-05-03 00:44:37,https://www.theconnecticutscoop.com/all-new-haven-county-posts/seymour-scoop-big-dipper-celebrates-grand-opening-in-seymour,new location,2,2026-05-05
Opening,Restaurants,USA,New-to-Kentucky restaurant Firebirds is opening first location in Lexington,AOL.com,2026-05-03 00:38:25,https://www.aol.com/news/kentucky-restaurant-firebirds-opening-first-110047301.html,plans to open,4,2026-05-05
Closing,Specialty / Other,USA,List of stores closing in May,MSN,2026-05-03 00:33:37,http://www.msn.com/en-us/money/companies/list-of-stores-closing-in-may/ar-AA22e4GO?cvid=69f689acc47c47c5af9d3e7f4ca35b81&ocid=uxbnd&apiversion=v2&domshim=1&noservercache=1&noservertelemetry=1&batchservertelemetry=1&renderwebcomponents=1&wcseo=1,chapter 11,2,2026-05-05
Opening,Specialty / Other,Canada,Aldi Florida store openings to bring fourth to Martin County,AOL.com,2026-05-03 00:23:25,https://www.aol.com/news/aldi-florida-store-openings-bring-211655748.html,new store,2,2026-05-05
Opening,Specialty / Other,Canada,Evansville Toys & Games back open at new location,WFIE | 14 News,2026-05-03 00:07:00,https://www.14news.com/2026/05/03/evansville-toys-games-back-open-new-location/,grand opening,2,2026-05-05
Opening,Specialty / Other,USA,Aldi is introducing a new store format—here’s how it will affect the way you shop,MSN,2026-05-03 00:05:01,https://www.msn.com/en-us/money/companies/aldi-is-introducing-a-new-store-format-here-s-how-it-will-affect-the-way-you-shop/ar-AA22b4vL?ocid=BingNewsVerp&apiversion=v2&domshim=1&noservercache=1&noservertelemetry=1&batchservertelemetry=1&renderwebcomponents=1&wcseo=1,new store,5,2026-05-05
Opening,Books / Toys / Gaming,USA,Wildly popular toy store Pop Mart expanding with another Bay Area location,MSN,2026-05-02 23:45:20,https://www.msn.com/en-us/money/companies/wildly-popular-toy-store-pop-mart-expanding-with-another-bay-area-location/ar-AA1YAgge?apiversion=v2&domshim=1&noservercache=1&noservertelemetry=1&batchservertelemetry=1&renderwebcomponents=1&wcseo=1&bundles=feat-es2020-c,new store,4,2026-05-05
