store_name,location,event_type,event_date,status,short_description,article_link,published_date,source_batch,Date_Appended
Baisel’s African Restaurant,"1400 10th St Unit D, West Palm Beach, FL 33401",Opening,late June,targeting a late June opening,"Baisel's African Restaurant is opening to bring Ghanaian and West African food to West Palm Beach. The menu will include egusi, fufu, banku, okra soup, palm nut soup, pepper soup, peanut soup, jollof rice and grilled tilapia. It will start with about 14 seats focused on pickup with limited seating.",https://www.businessdebut.com/baisels-african-restaurant-bringing-ghanaian-cuisine-to-west-palm-beach/,,bizdbatch_1_output,2026-05-15
Mikey’s Pizzeria,"2320 Bale St #114, Raleigh, NC 27608",Opening,about two months,targeting an opening in about two months,"Mikey's Pizzeria is taking over the former Pizza and Pints location. The 2,700-square-foot space will have about 45 indoor seats and 20-30 outdoor seats with counter service, beer and wine, and arcade games. It will serve pizza by the slice, 18-inch pies, and build-your-own pizzas at night.",https://www.businessdebut.com/mikeys-pizzeria-opening-on-bale-street-in-raleigh/,,bizdbatch_1_output,2026-05-15
Matilde Coastal Mexican Kitchen,"300 W. Tyler St., Suite A, Tampa, FL 33602",Opening,late January or early February 2027,targeting a late January or early February 2027 opening,"Matilde Coastal Mexican Kitchen is coming to the AER Tampa building. The restaurant will seat about 330 guests with full-service dining, indoor and outdoor seating along the Riverwalk, and live music on weekends. The menu will focus on coastal Mexican cooking and steakhouse elements using live fire.",https://www.businessdebut.com/matilde-bringing-coastal-mexican-steakhouse-concept-to-downtown-tampa/,,bizdbatch_1_output,2026-05-15
Botanico,"1106 Crescent Ave NE, Atlanta, GA 30309",Opening,August,targeting an August opening,"Botanico is an upscale Latin concept returning to a new Midtown location in the former Lure space. It will have around 150 seats as an affordable luxury casual neighborhood restaurant. The menu will draw from Colombia, Venezuela, Mexico, Peru, Cuba and the Caribbean with seafood, steaks and tropical flavors.",https://www.businessdebut.com/botanico-hospitality-group-bringing-two-new-concepts-to-atlanta/,,bizdbatch_1_output,2026-05-15
Incognito,"1025 Howell Mill Rd NW, Atlanta, GA 30318",Opening,early June,targeting an early June opening,"Incognito is a modern chic dive bar with elevated mixology in West Midtown. It will offer food from El Santo Gallo taqueria truck along with pool tables, DJ, and screens. The cocktail program will be refined.",https://www.businessdebut.com/botanico-hospitality-group-bringing-two-new-concepts-to-atlanta/,,bizdbatch_1_output,2026-05-15
Knuckies Sandwiches and Sips,"4108 Medley Blvd., Johns Creek, GA 30097",Opening,October 29th at 10 a.m.,planned to open October 29th at 10 a.m.,"Knuckies Sandwiches and Sips will be the 10th location and an elevated version with chef-driven sandwiches and dirty sodas. The 1,100-square-foot spot at Medley will offer counter service for dine-in or takeout. The menu includes cheesesteaks, Italian, crab cake sandwich, lobster roll and Sparkraft dirty sodas.",https://www.businessdebut.com/knuckies-sandwiches-and-sips-opening-at-medley-in-johns-creek/,,bizdbatch_1_output,2026-05-15
Trap Wingz,"4725 S Atlanta Rd SE, Atlanta, GA 30339",Opening,next 60-70 days,expected to open in the next 60-70 days,"Trap Wingz is opening its third location in a former Bites space. The takeout-focused spot will serve crispy wings, burgers, fried fish, Philly cheesesteaks and fries.",https://www.businessdebut.com/trap-wingz-planning-two-new-locations/,,bizdbatch_1_output,2026-05-15
Trap Wingz,"3755 Carmia Dr SW #430, Atlanta, GA 30331",Opening,next 60-90 days,expected to open in the next 60-90 days,"Trap Wingz is opening its fourth location. The takeout-focused spot will serve crispy wings, burgers, fried fish, Philly cheesesteaks and fries.",https://www.businessdebut.com/trap-wingz-planning-two-new-locations/,,bizdbatch_1_output,2026-05-15
Piesanos Stone Fired Pizza,"2259 Dr. Randy McDaniel Way, Middleton, FL 34762",Opening,late fall,planning a late fall opening,"Piesanos Stone Fired Pizza is opening its 16th location and third in The Villages area. The new build will have about 150 seats with full-service dining, full bar, patio, and Express To-Go area. The menu centers on granite stone-fired pizzas, pastas and Italian dishes.",https://www.businessdebut.com/piesanos-stone-fired-pizza-opening-in-middleton/,,bizdbatch_1_output,2026-05-15
Halftime Hangout Sports Bar,"2080 Club Pond Rd, Raeford, NC 28376",Opening,Not specified,preparing to open,"Halftime Hangout Sports Bar is a neighborhood sports bar with pool table, dart boards, karaoke, trivia and possible live music. The menu will include smash burgers, salads, wings and Louisiana dishes like gumbo and po’boys. It plans family-and-friends event on the 15th with official opening to be announced.",https://www.businessdebut.com/halftime-hangout-sports-bar-preparing-to-open-in-raeford/,,bizdbatch_1_output,2026-05-15
Churp,"3121 Edwards Mill Rd, Raleigh, NC 27612",Opening,late summer or early fall,preparing to begin construction,"Churp is a simplified clean-eating bowl concept from the co-founder of Happy and Hale. The menu will feature healthy bowls with rice, chicken, vegetables, sauces and a kids menu. It will partner with influencers for special bowls.",https://www.businessdebut.com/churp-bringing-simplified-clean-eating-bowl-concept-to-raleigh/,,bizdbatch_1_output,2026-05-15
Topsail Steamer,"8111 Creedmoor Rd Suite 29, Raleigh, NC 27613",Opening,Not specified,coming to,"Topsail Steamer is a take-home seafood boil concept. Customers order buckets packed with fresh seafood and fixings to steam at home. It offers signature and custom buckets with clams, crab legs, shrimp and more.",https://www.businessdebut.com/topsail-steamer-to-debut-in-raleigh/,,bizdbatch_1_output,2026-05-15
Crooked Can Brewing Company,"1600 Crooked Can Loop, Minneola, FL 34715",Opening,late June,targeted late June opening,"Crooked Can Brewing Company is opening a large-scale destination brewery and venue. The 42,500-square-foot space will have brewing, expansive taproom, bars, beer garden and kids areas. It will feature 11 food vendors and core beers.",https://www.businessdebut.com/crooked-can-brewing-company-opening-large-scale-brewery-in-minneola/,,bizdbatch_1_output,2026-05-15
The Abigaile,"117 East Lake Avenue, Auburndale, FL 33823",Opening,mid-June,targeting a mid-June opening,The Abigaile is a Modern American Cuisine restaurant from Chef Tina Calhoon going into the former Craven Copper space. It will have about 80 indoor and 80 outdoor seats with craft bar and live music. The menu is flexible with items like confit wings and chicken shawarma salad.,https://www.businessdebut.com/the-abigaile-bringing-modern-american-cuisine-to-auburndale/,,bizdbatch_1_output,2026-05-15
Faraway Joes Family Friendly Subs & More,"320 East Tarpon Avenue, Tarpon Springs, FL 34689",Opening,about four weeks,targeting an opening in about four weeks,"Faraway Joes Family Friendly Subs & More is opening inside Tarpon Springs Castle Winery. The quick-service shop will offer sandwiches, hot dogs, mini donuts, cotton candy and family activities.",https://www.businessdebut.com/faraway-joes-bringing-family-friendly-sandwich-shop-to-tarpon-springs/,,bizdbatch_1_output,2026-05-15
Black Pizza Bankhead,"2079 Joseph E Boone Blvd NW Atlanta, GA 30314",Opening,end of May or early June,slated to open by the end of May or early June,"Black Pizza Bankhead is a family-friendly New York-style pizzeria. It will offer slices, full pies, wings, fries and family specials with in-house sauce.",https://www.businessdebut.com/black-pizza-bankhead-planning-to-open-soon-on-joseph-e-boone-blvd/,,bizdbatch_1_output,2026-05-15
Lenny's Grill & Subs,"96 E. Garden St., Pensacola, FL 32502",Opening,end of June or first week of July,targeting an end of June or first week of July opening,"Lenny's Grill & Subs is returning to Pensacola as a franchise. The neighborhood sub shop will offer fresh-sliced meats, cheesesteaks, hot/cold subs, salads and wraps with multiple ordering options.",https://www.businessdebut.com/lennys-grill-subs-opening-in-pensacola/,,bizdbatch_1_output,2026-05-15
Salty Neighbor Bar & Grill,"4187 S Tamiami Trl, Venice, FL 34293",Opening,Oct. 1,targeting an Oct. 1 opening,Salty Neighbor Bar & Grill is a veteran-owned sports bar in the former Rib City space. It will have 144 indoor seats and 20 outdoor with TVs and American bar food with Cuban influence.,https://www.businessdebut.com/salty-neighbor-bar-grill-opening-in-venice-village-shops/,,bizdbatch_1_output,2026-05-15
Early Bird Cafe,"736 N Main St Fuquay-Varina, NC 27526",Opening,early June,planning to open in early June,"Early Bird Cafe is a quick-service breakfast spot for commuters. The menu will include breakfast sandwiches, New York bagels, bowls, waffles and French toast sticks with curbside pickup.",https://www.businessdebut.com/early-bird-cafe-bringing-local-breakfast-option-to-fuquay-varina/,,bizdbatch_1_output,2026-05-15
Burger Monger,"1530 Pasadena Avenue South, South Pasadena, FL 33707",Opening,"May 12 (soft), May 18 (grand)",soft opening planned for May 12 and a grand opening scheduled for May 18,"Burger Monger is opening its first drive-through location. The corporate spot will seat about 90 with counter service and build-your-own burgers, signature items, fries and shakes.",https://www.businessdebut.com/burger-monger-bringing-first-drive-through-concept-to-south-pasadena/,,bizdbatch_1_output,2026-05-15
Pour Intentions Wine Bar,"675 W Peachtree St NE, Atlanta, GA 30308",Opening,mid-May 2026,Aiming for a mid-May 2026 debut,"Pour Intentions Wine Bar is a wine-focused lounge with charcuterie, small plates and desserts. It will feature a rotating by-the-glass wine list.",https://www.businessdebut.com/3-coming-soon-fulton-county-restaurants-may-2-2026/,,bizdbatch_1_output,2026-05-15
V’s Coffee Collab,"34 Webb St Unit 1, Roswell, GA 30075",Opening,late May,Targeting late May opening,"V’s Coffee Collab is a compact coffee shop with house-roasted coffee, pastries and retail bags. It will have limited seating and outdoor programming.",https://www.businessdebut.com/3-coming-soon-fulton-county-restaurants-may-2-2026/,,bizdbatch_1_output,2026-05-15
Juice Time,"900 Mansell Rd Ste 8, Roswell, GA 30076",Opening,late May,Aiming for late May,"Juice Time is a dessert and beverage spot with juices, smoothies, crepes and international desserts.",https://www.businessdebut.com/3-coming-soon-fulton-county-restaurants-may-2-2026/,,bizdbatch_1_output,2026-05-15
360 Wine and Spirits,"30 Concord Commons Pl SW, Concord, NC 28027",Opening,second week of June,targeting a second-week-of-June opening,360 Wine and Spirits is a wine bar with spirits and neighborhood bar atmosphere.,https://www.businessdebut.com/4-new-restaurants-opening-across-north-carolina-may-7-2026/,,bizdbatch_1_output,2026-05-15
Blush Room,"5044 Yadkin Rd, Fayetteville, NC 28303",Opening,June 13,targeting a June 13 opening,Blush Room is a new nightlife lounge concept.,https://www.businessdebut.com/4-new-restaurants-opening-across-north-carolina-may-7-2026/,,bizdbatch_1_output,2026-05-15
Three Rabbits Brewing,"214 Commerce Pl, Greensboro, NC 27401",Opening,toward the end of the month,targeting a soft opening toward the end of the month,Three Rabbits Brewing is finishing its taproom and will begin brewing.,https://www.businessdebut.com/4-new-restaurants-opening-across-north-carolina-may-7-2026/,,bizdbatch_1_output,2026-05-15
Sunset Restaurant,"498 Harrison Ave, Franklin, NC 28734",Opening,late May or early June,planned reopening in late May or early June,Sunset Restaurant is being revived as a longtime Franklin staple.,https://www.businessdebut.com/4-new-restaurants-opening-across-north-carolina-may-7-2026/,,bizdbatch_1_output,2026-05-15
Sonrisa,"137 Brevard Court, Charlotte, NC 28202",Opening,next week,targeting an opening next week,"Sonrisa is a Latin American restaurant and bar opening in Brevard Court. It will have about 70 indoor seats and 16-20 patio seats in a casual homey atmosphere. The menu draws from multiple Latin American cuisines with empanadas, ceviche, flank steak, chicken tinga, birria and regional cocktails.",https://www.businessdebut.com/sonrisa-opening-in-uptown-charlottes-brevard-court/,,bizdbatch_2_output,2026-05-15
Dish's Bagels,"1410 Lake Hearn Dr NE, Atlanta, GA 30319",Opening,July or August,planning a July or August opening,"Dish's Bagels is planning a new location with the space currently under construction. The menu will feature New York-style bagels, breakfast sandwiches, lox, and deli sandwiches.",https://www.businessdebut.com/7-new-restaurants-opening-across-georgia-may-6-2026/,,bizdbatch_2_output,2026-05-15
American Deli,"5250 Windward Pkwy Suite 111, Alpharetta GA 30004",Opening,Not specified,slated to open,A new American Deli franchise location is in the works. They are getting permits and preparing to start remodeling.,https://www.businessdebut.com/7-new-restaurants-opening-across-georgia-may-6-2026/,,bizdbatch_2_output,2026-05-15
Pollo Primo,"863 Ponce De Leon Ave NE, Atlanta, GA 30306",Opening,about a month to a month and a half,targeting an opening in about a month to a month and a half,Pollo Primo is planning a second location with buildout underway.,https://www.businessdebut.com/7-new-restaurants-opening-across-georgia-may-6-2026/,,bizdbatch_2_output,2026-05-15
Blue Polar,"2131 Pleasant Hill Rd. Suite B-1, Duluth, GA 30096",Opening,June,targeting a June opening,"Blue Polar is a dessert cafe serving gelato, coffee, smoothies, teas, lattes, cakes, cookies and small sandwiches.",https://www.businessdebut.com/7-new-restaurants-opening-across-georgia-may-6-2026/,,bizdbatch_2_output,2026-05-15
Pizzeria Fiamma / MackinMikes Mac & Cheeze Bar,Address not specified,Opening,Not specified,opening,Pizzeria Fiamma and MackinMikes Mac & Cheeze Bar are two food concepts opening inside Crooked Can Brewery.,https://www.businessdebut.com/7-new-restaurants-opening-across-georgia-may-6-2026/,,bizdbatch_2_output,2026-05-15
The Nest Cafe,"11650 Johns Creek Pkwy, Johns Creek, GA 30097",Opening,October 29 at 10 a.m.,grand opening is planned,"The Nest Cafe is opening its third metro Atlanta location in the Medley development. It will be the largest at 2,700 square feet with about 40 indoor and 20 outdoor seats. The menu includes breakfast, brunch, croissant sandwiches, paninis, salads and rotating seasonal specials.",https://www.businessdebut.com/the-nest-cafe-opening-in-medley-johns-creek/,,bizdbatch_2_output,2026-05-15
The Reserve Key West,"510 Southard St, Key West, FL 33040",Opening,by the end of June,planning to open by the end of June,"The Reserve Key West is a culinary collective with four restaurant concepts in a former bank building. Concepts include Spanish tapas, fresh seafood, Italian cuisine, and sushi/Thai. Guests can order from all menus via QR or directly with 125 seats and live music.",https://www.businessdebut.com/the-reserve-key-west-opening-with-four-restaurant-concepts/,,bizdbatch_2_output,2026-05-15
Diadem Pickleball Complex,"10570 West Forest Hill Boulevard, Wellington, FL 33414",Opening,September 15th,targeting a September 15th opening,"Diadem Pickleball Complex is an indoor facility with courts, pro shop, simulators and event space. It will include Cat 5 restaurant and bar.",https://www.businessdebut.com/diadem-pickleball-complex-to-open-in-wellington/,,bizdbatch_2_output,2026-05-15
Cat 5,"10570 West Forest Hill Boulevard, Wellington, FL 33414",Opening,September 15th,targeting a September 15th opening,"Cat 5 is a restaurant and bar inside Diadem Pickleball Complex serving pizza, salads, beer and wine with court service.",https://www.businessdebut.com/diadem-pickleball-complex-to-open-in-wellington/,,bizdbatch_2_output,2026-05-15
Pilar Coffee Bar and Iced Treats,"7100 Fairway Drive, Unit 23, Palm Beach Gardens, FL 33418",Opening,late 2026,planned for a late 2026 opening,"Pilar Coffee Bar and Iced Treats is a franchise location offering coffee, gelato, food and desserts in quick-service format. It will have around 40 indoor seats and an outside patio.",https://www.businessdebut.com/pilar-coffee-bar-and-iced-treats-to-open-in-palm-beach-gardens/,,bizdbatch_2_output,2026-05-15
Coconut Island Market,"7573 Raymary St, Units A-B, Bokeelia, FL 33922",Opening,mid-May,targeting mid-May for the launch of hot food service,"Coconut Island Market is already open as a convenience market and is adding hot food service. Planned items include tacos, hamburgers, burritos, fruit cups and aguas frescas.",https://www.businessdebut.com/2-coming-soon-lee-county-restaurants/,,bizdbatch_2_output,2026-05-15
Coffee Rush,"1189 SW Pine Island Rd., Cape Coral, FL 33991",Opening,late May or early June,targeting a late May or early June opening,Coffee Rush is a drive-thru coffee concept opening its second Florida location.,https://www.businessdebut.com/2-coming-soon-lee-county-restaurants/,,bizdbatch_2_output,2026-05-15
Southern Smokehouse,"12741 Yellow Bluff Rd., Suites 1 and 2, Jacksonville, FL 32226",Opening,early to mid-August,targeting an early to mid-August opening,"Southern Smokehouse is a full-service barbecue restaurant from South Atlantic Hospitality. It will have 120 seats and a full bar with traditional barbecue items, salads, and weekly specials.",https://www.businessdebut.com/southern-smokehouse-opening-on-yellow-bluff-road-in-jacksonville/,,bizdbatch_2_output,2026-05-15
Blackberry Creamery & Cafe,"5615 Normandy Blvd, Jacksonville, FL 32205",Opening,June 15,Targeting June 15 opening,"Blackberry Creamery & Cafe is an ice cream-focused concept in an outdoor food truck park. It will serve ice cream flavors, milkshakes, shaved ice and lemonades.",https://www.businessdebut.com/3-coming-soon-jacksonville-restaurants-april-25-2026/,,bizdbatch_2_output,2026-05-15
Supra Revolving Sushi Bar,"4521 Southside Boulevard, Jacksonville, FL 32216",Opening,October–November,Targeting October–November opening,"Supra Revolving Sushi Bar is a full-service restaurant with conveyor belt sushi, hibachi, ramen and appetizers.",https://www.businessdebut.com/3-coming-soon-jacksonville-restaurants-april-25-2026/,,bizdbatch_2_output,2026-05-15
Lucky Goat Coffee,"12553 Bartram Park Blvd., Suite 302, Jacksonville, FL 32258",Opening,June 18,Targeting June 18 opening,"Lucky Goat Coffee is a fast-casual shop with espresso drinks, cold brew, seasonal lattes and pastries.",https://www.businessdebut.com/3-coming-soon-jacksonville-restaurants-april-25-2026/,,bizdbatch_2_output,2026-05-15
Big Bone BBQ,"608 E Wright St, Pensacola, FL 32501",Opening,June 6,targeting a June 6 opening,"Big Bone BBQ will serve Texas-style barbecue focused on dino beef ribs, brisket and smoked beef cheeks in a self-serve historic home setting.",https://www.businessdebut.com/big-bone-bbq-bringing-beef-ribs-to-pensacola/,,bizdbatch_2_output,2026-05-15
Donatos Pizza,"840 W 23rd St, Panama City, FL 32405",Opening,around August 1st,targeting an opening around August 1st,"Donatos Pizza is opening with thin crust party-cut pizzas, subs, salads and wings in a fast-casual setup with limited seating.",https://www.businessdebut.com/donatos-pizza-set-to-open-in-panama-city/,,bizdbatch_2_output,2026-05-15
Cousin Vinny's Sandwich Co.,"2063 Central Avenue, St. Petersburg, FL 33713",Opening,November,"targeting a November opening, pending construction","Cousin Vinny's Sandwich Co. is planning a second location in St. Petersburg, with the team targeting a November opening pending construction. The quick-service sandwich shop focuses on Northeast-style sandwiches and scratch-made components, and will carry the same menu as the Tampa shop with indoor seating and outdoor patio dining.",https://www.businessdebut.com/michelin-recommended-cousin-vinnys-sandwich-co-expanding-to-st-petersburg/,,bizdbatch_1_output,2026-05-18
Golf Vault,"4900 S. University Drive, Suite 205, Davie, FL 33328",Opening,end of June or July 1,targeting an end of June or July 1 opening,"Golf Vault, a new golf simulator lounge from Chris Flores and Gil Martin, is targeting an end of June or July 1 opening in Davie. The roughly 4,000-square-foot second-floor venue will combine golf simulator bays, lounge seating, food from Pinza 104 downstairs, and event space.",https://www.businessdebut.com/golf-vault-plans-summer-opening-in-davie/,,bizdbatch_1_output,2026-05-18
The Artist's Realm,"9 N Georgia Ave, Brooksville, FL 34601",Opening,summer 2026,targeting a summer 2026 opening,"The Artist's Realm, a new art, music and photography lesson space from owner Kaitlyn Merryman, is targeting a summer 2026 opening in Brooksville. The space will open in phases, beginning with traditional art classes taught by Merryman, with future phases adding photography, digital art and music lessons.",https://www.businessdebut.com/the-artists-realm-bringing-art-music-and-photography-classes-to-brooksville/,,bizdbatch_1_output,2026-05-18
Kingston 10 Jerk Center & Lounge,"1031 W. 15th St., Panama City, FL 32401",Opening,June 19,targeting a June 19 opening,"Kingston 10 Jerk Center & Lounge is targeting a June 19 opening in the former Baked Chicken location in Panama City. The family and female operated business from Shericka Daley and her mother Ann Marie Bailey will seat about 85 guests and offer authentic Jamaican food including oxtails, curry goat and jerk wings.",https://www.businessdebut.com/kingston-10-jerk-center-lounge-to-debut-in-panama-city/,,bizdbatch_1_output,2026-05-18
Pepe's Cantina,"7700 N. Wickham Road, Suite 101, Melbourne, FL 32940",Opening,first week of August,targeting a first-week-of-August opening,"Pepe's Cantina is targeting a first-week-of-August opening in Melbourne, moving into the former Mi Jalisco space. The full-service restaurant will seat about 150 guests with a relaxed atmosphere featuring plants throughout, music, and a menu that will feature new dishes every few months.",https://www.businessdebut.com/pepes-cantina-to-debut-in-melbourne-this-summer/,,bizdbatch_1_output,2026-05-18
Mitch's Downtown Bagel Cafe,"271 Alhambra Circle, Coral Gables, FL 33134",Opening,early 2026 / January 2026,targeting an opening in early 2026,"Mitch's Downtown Bagel Cafe is planning its fifth location and first Miami-Dade restaurant in Coral Gables, targeting an opening in early 2026. The elevated New York-style bagel shop and deli will offer house-made bagels, deli sandwiches, and matzo ball soup with about 28 seats inside and 16 outside.",https://www.businessdebut.com/mitchs-downtown-bagel-cafe-opening-in-coral-gables/,,bizdbatch_1_output,2026-05-18
Boost Coffee & Energy,"7253 103rd St, Jacksonville, FL 32210",Opening,June 3,planning a June 3 grand opening,"Boost Coffee & Energy is planning a June 3 grand opening for its first location in Jacksonville. The drive-thru coffee and energy brand will roast all of its beans in house at each individual location and offer customizable drinks, an order-ahead app, a walk-up window and delivery platform pickup.",https://www.businessdebut.com/boost-coffee-energy-debuting-first-location-in-jacksonville/,,bizdbatch_1_output,2026-05-18
Willy Buck's Backyard Grill,"1317 S. 14 Street, Leesburg, FL 34748",Opening,mid-June / June 11,tentatively targeting June 11th,"Willy Buck's Backyard Grill is preparing to open its first brick-and-mortar location in mid-June in the former Dairy Ranch space in Leesburg. The quick-service restaurant centers on smash burgers and barbecue, with counter ordering, self-ordering kiosks, and 30 to 40 seats inside.",https://www.businessdebut.com/willy-bucks-backyard-grill-to-debut-first-brick-and-mortar-location/,,bizdbatch_1_output,2026-05-18
Black Pizza,"2079 Joseph E Boone Blvd NW, Atlanta, GA 30314",Opening,end of May or early June,slated to open by the end of May or early June,"A new, black-owned pizzeria is opening in Bankhead from founders Sela Afeworki and Natnael Tekeste along with additional partners. The family-friendly pizzeria is slated to open by the end of May or early June.",https://www.businessdebut.com/5-restaurants-opening-soon-across-georgia-may-15-2026/,,bizdbatch_1_output,2026-05-18
Botanico,"1106 Crescent Ave NE, Atlanta, GA 30309",Opening,August,targeting an August opening,Botanico Hospitality Group is planning a new Atlanta concept called Botanico in Midtown. The restaurant is targeting an August opening.,https://www.businessdebut.com/5-restaurants-opening-soon-across-georgia-may-15-2026/,,bizdbatch_1_output,2026-05-18
Incognito,"1025 Howell Mill Rd NW, Atlanta, GA 30318",Opening,early June,targeting an early June opening,Botanico Hospitality Group is planning a new Atlanta concept called Incognito in West Midtown. The restaurant is targeting an early June opening.,https://www.businessdebut.com/5-restaurants-opening-soon-across-georgia-may-15-2026/,,bizdbatch_1_output,2026-05-18
Knuckies Sandwiches and Sips,"4108 Medley Blvd., Johns Creek, GA 30097",Opening,October 29,opening planned for October 29th at 10 a.m.,"Knuckies Sandwiches and Sips is planned for the Medley development in Johns Creek, with an opening planned for October 29th at 10 a.m. The opening is planned in step with the broader Medley development, which will open all at once on October 29.",https://www.businessdebut.com/5-restaurants-opening-soon-across-georgia-may-15-2026/,,bizdbatch_1_output,2026-05-18
The Nest Cafe,"11650 Johns Creek Pkwy, Johns Creek, GA 30097",Opening,October 29,grand opening is planned across the entire development for October 29,The Nest Cafe is planning to open its third metro Atlanta location in the Medley development in Johns Creek. A grand opening is planned across the entire development for October 29 at 10 a.m.,https://www.businessdebut.com/5-restaurants-opening-soon-across-georgia-may-15-2026/,,bizdbatch_1_output,2026-05-18
Trap Wingz,"Atlanta, GA",Opening,Not specified,opening two new locations,"Trap Wingz is opening two new locations in Atlanta, founder Damico Green shared with Business Debut. The article notes the first location to open but the excerpt is cut off before further details.",https://www.businessdebut.com/5-restaurants-opening-soon-across-georgia-may-15-2026/,,bizdbatch_1_output,2026-05-18
Churp,"3121 Edwards Mill Rd, Raleigh, NC 27612",Opening,late summer or early fall,Targeting a late summer or early fall opening; construction preparations are underway,"Churp is a streamlined healthy bowl concept from the founder of Happy + Hale, focused on affordability, clean ingredients, and simplified operations. The menu features rice bowls with chicken, fresh vegetables, flavorful sauces, kids meals, and ingredient-focused options without seed oils or ultra-processed foods.",https://www.businessdebut.com/3-restaurants-with-plans-to-open-in-wake-county-may-15-2026/,,bizdbatch_1_output,2026-05-18
Topsail Steamer,"8111 Creedmoor Rd Suite 29, Raleigh, NC 27613",Opening,Not specified,In permitting and pre-construction phases,"Topsail Steamer is a take-home seafood boil concept featured on Shark Tank, designed for gatherings, tailgates, and family meals. Customers can build seafood boil buckets in-store or order online for pickup, with menu items including crab legs, lobster tail, shrimp, scallops, clams, corn, potatoes, kielbasa, and andouille sausage.",https://www.businessdebut.com/3-restaurants-with-plans-to-open-in-wake-county-may-15-2026/,,bizdbatch_1_output,2026-05-18
Mikey's Pizzeria,"2320 Bale St #114, Raleigh, NC 27608",Opening,approximately two months,Targeting an opening in approximately two months,"Mikey's Pizzeria is a counter-service pizza spot planned for Raleigh with indoor and patio seating, plus interactive build-your-own pizza experiences. Guests will find pizza by the slice, 18-inch pizzas, custom pizzas made by guests, beer, wine, and arcade-style games.",https://www.businessdebut.com/3-restaurants-with-plans-to-open-in-wake-county-may-15-2026/,,bizdbatch_1_output,2026-05-18
Fatbackzz Grill,"101 E Parker St, Graham, NC 27253",Opening,first week of June,targeting the first week of June,"Fatbackzz Grill is planning to open its first brick-and-mortar location in Graham, targeting the first week of June. The restaurant will operate inside Sam's Mini Mart and give customers a consistent place to order from the business while the Fatbackzz food truck continues operating.",https://www.businessdebut.com/8-new-restaurants-opening-soon-across-north-carolina/,,bizdbatch_1_output,2026-05-18
Halftime Hangout Sports Bar,"2080 Club Pond Rd, Raeford, NC 28376",Opening,Not specified,preparing to open,"Halftime Hangout Sports Bar is preparing to open in Raeford, with a family-and-friends event planned on the 15th and an official opening date to be announced.",https://www.businessdebut.com/8-new-restaurants-opening-soon-across-north-carolina/,,bizdbatch_1_output,2026-05-18
Kitchen Social,"282 S Sharon Amity Rd, Suite 104 and 106B, Charlotte, NC 28211",Opening,mid-January 2027,targeting a mid-January 2027 opening,"Kitchen Social is planning to open in Cotswold Village in Charlotte, with the team targeting a mid-January 2027 opening. The Charlotte restaurant will be similar to Kitchen Social's Sarasota location, with indoor-outdoor dining, a covered patio and an indoor-outdoor bar.",https://www.businessdebut.com/8-new-restaurants-opening-soon-across-north-carolina/,,bizdbatch_1_output,2026-05-18
Sonrisa,"137 Brevard Court, Charlotte, NC 28202",Opening,Not specified,now open,"Sonrisa, a Latin American restaurant and bar, is now open in Charlotte. The menu draws from Latin American, Caribbean, South American and Central American cuisines.",https://www.businessdebut.com/8-new-restaurants-opening-soon-across-north-carolina/,,bizdbatch_1_output,2026-05-18
Churp,"Raleigh, NC",Opening,Not specified,in the works,A new concept is in the works from the co-founder of Happy and Hale. Churp is a bowl concept focused on simplicity.,https://www.businessdebut.com/8-new-restaurants-opening-soon-across-north-carolina/,,bizdbatch_1_output,2026-05-18
Rose's Coffee & Cones,"2206 E. 7th Ave., Tampa, FL 33605",Opening,about two weeks (as of May 13),waiting on a final state inspection and targeting an opening in about two weeks,"Rose's Coffee & Cones is a small coffee and ice cream shop opening inside a historic cottage-style building in Ybor City. The 900-square-foot space is expected to seat 15–18 guests inside and will serve paninis, specialty coffees, island drinks, Turkish ice cream and Italian gelato.",https://www.businessdebut.com/4-coming-soon-hillsborough-county-restaurants-4/,,bizdbatch_1_output,2026-05-18
Smokin Oak Wood Fired Pizza & Taproom,"5607 Circa Fishhawk Blvd, Lithia, FL 33547",Opening,late May or early June,targeting a late May or early June opening,Smokin Oak Wood Fired Pizza & Taproom is targeting a late May or early June opening in Lithia. Details from the article excerpt are cut off after the opening estimate.,https://www.businessdebut.com/4-coming-soon-hillsborough-county-restaurants-4/,,bizdbatch_1_output,2026-05-18
Tiny Kitchen,"524 Park St, Naples, FL 34102",Opening,late May or early June,targeting a late May or early June opening,"Tiny Kitchen is targeting a late May or early June opening in Naples from owner Alejandro Veiga, his wife Samantha Skarl, and his mother Chef Marta Veiga. The restaurant will serve Argentinian street food from a 680-square-foot space near Fifth Avenue South.",https://www.businessdebut.com/15-new-restaurant-opening-across-florida-may-12-2026/,,bizdbatch_1_output,2026-05-18
Lenny's Grill & Subs,"96 E. Garden St., Pensacola, FL 32502",Opening,end of June or first week of July,targeting an end of June or first week of July opening,Will Morin and Kent Simmons are bringing Lenny's Grill & Subs back to Pensacola with their first franchise location for the brand. The restaurant is targeting an end of June or first week of July opening.,https://www.businessdebut.com/15-new-restaurant-opening-across-florida-may-12-2026/,,bizdbatch_1_output,2026-05-18
Matilde Coastal Mexican Kitchen,"300 W. Tyler St., Suite A, Tampa, FL 33602",Opening,late January or early February 2027,targeting a late January or early February 2027 opening,Matilde Coastal Mexican Kitchen is coming to the Arts and Entertainment Residences (AER Tampa) building in downtown Tampa. Next Level Brands founder Jeff Gigante told Business Debut the team is targeting a late January or early February 2027 opening.,https://www.businessdebut.com/15-new-restaurant-opening-across-florida-may-12-2026/,,bizdbatch_1_output,2026-05-18
Crooked Can Brewing Company,"1600 Crooked Can Loop, Minneola, FL 34715",Opening,late June / third week of June,targeted late June opening,"Crooked Can Brewing Company is planning a destination brewery and venue for its fourth location in Minneola, with a targeted late June opening. The team is hoping to open during the third week of June, though the date remains a moving target.",https://www.businessdebut.com/15-new-restaurant-opening-across-florida-may-12-2026/,,bizdbatch_1_output,2026-05-18
Bro's Hot Chicken,"10899 SW 4th Street, Suite 101, Sweetwater, FL 33174",Opening,Not specified,preparing to open,"Bro's Hot Chicken is preparing to open its third location in Sweetwater, marking a long-awaited expansion for the Miami-born Nashville hot chicken brand. Further details from the article excerpt are cut off.",https://www.businessdebut.com/15-new-restaurant-opening-across-florida-may-12-2026/,,bizdbatch_1_output,2026-05-18
Fatbackzz Grill,"101 E Parker St, Graham, NC 27253",Opening,first week of June,targeting the first week of June,"Fatbackzz Grill is planning to open its first brick-and-mortar location in Graham, targeting the first week of June. The restaurant will operate inside Sam's Mini Mart and serve breakfast, lunch, dinner and late-night comfort food including cheesesteaks, hibachi, burgers and wings.",https://www.businessdebut.com/fatbackzz-grill-opening-brick-and-mortar-location-in-graham/,,bizdbatch_1_output,2026-05-18
Kitchen Social,"282 S Sharon Amity Rd, Suite 104 and 106B, Charlotte, NC 28211",Opening,mid-January 2027,targeting a mid-January 2027 opening,"Kitchen Social, the growing Ohio-based brand, is planning to open in Cotswold Village in Charlotte, targeting a mid-January 2027 opening. The roughly 4,200-square-foot space will seat about 165 guests with indoor-outdoor dining, a covered patio and an indoor-outdoor bar, and will serve a scratch-made menu with Indian, Asian, Mexican and Italian influences.",https://www.businessdebut.com/kitchen-social-expanding-into-charlotte/,,bizdbatch_2_output,2026-05-18
Hawaiian Bros,"112 Courtland St NE, Atlanta, GA 30303",Opening,Q1 2027,targeting an opening in Q1 2027,"Hawaiian Bros is planned for downtown Atlanta with franchisee Amin Ferdowsi targeting an opening in Q1 2027, marking MRCO's first Hawaiian Bros restaurant. The plate lunch concept serves rice, chicken and a side, with several chicken options including huli huli chicken and sides such as steamed vegetables and macaroni salad.",https://www.businessdebut.com/hawaiian-bros-to-debut-in-downtown-atlanta-in-2027/,,bizdbatch_2_output,2026-05-18
Maestro Italian Bakery,"3067 NE 163rd Road, North Miami Beach, FL 33160",Opening,beginning of June,targeting an opening by the beginning of June,"Maestro Italian Bakery, led by partner Gabriele Bellini and founder Moreno Brugnoni, is preparing to open in North Miami Beach, focused on Italian baked goods made with organic, non-GMO flour from a small mill in northern Italy. The small space will have about 12 to 16 seats inside, with offerings including pasticcini, traditional Italian cakes, croissants, breads, pizza, focaccia and paninis.",https://www.businessdebut.com/maestro-italian-bakery-opening-in-north-miami-beach/,,bizdbatch_2_output,2026-05-18
Kook's Conch Fritters,Address not specified,Opening,"June 10, 2026","targeting a June 10, 2026 launch","Kook's Conch Fritters is a female veteran-owned pop-up serving South Florida, targeting a June 10, 2026 launch with its first event appearance at Juneteenth South Broward on June 20. The business will focus on conch fritter bites, conch salad and conch fritter batter that customers can purchase to fry at home, serving Broward, Miami-Dade and Palm Beach counties.",https://www.businessdebut.com/kooks-conch-fritters-bringing-caribbean-flavors-to-south-florida/,,bizdbatch_2_output,2026-05-18
