title,link,date,Date_Appended
La Pinata Bringing Traditional Mexican Cuisine to Lakeland,https://www.businessdebut.com/la-pinata-bringing-traditional-mexican-cuisine-to-lakeland/,2026-05-05,2026-05-06
Sunset Restaurant Returning to Franklin Under New Ownership,https://www.businessdebut.com/sunset-restaurant-returning-to-franklin-under-new-ownership/,2026-05-05,2026-05-06
360 Wine and Spirits Opening in Concord,https://www.businessdebut.com/360-wine-and-spirits-opening-in-concord/,2026-05-05,2026-05-06
Southern Touch Cafe to Open in Gainesville's Harbour Point Community,https://www.businessdebut.com/southern-touch-cafe-to-open-in-gainesvilles-harbour-point-community/,2026-05-05,2026-05-06
Shawarma Queen Bringing Halal Street Food Concept to Hiram,https://www.businessdebut.com/shawarma-queen-bringing-halal-street-food-concept-to-hiram/,2026-05-05,2026-05-06
Dish’s Bagels Opening with New York-Style Concept,https://www.businessdebut.com/dishs-bagels-opening-with-new-york-style-concept/,2026-05-05,2026-05-06
American Deli Opening in Alpharetta,https://www.businessdebut.com/american-deli-opening-in-alpharetta/,2026-05-05,2026-05-06
Two New Food Concepts Opening Inside Crooked Can Brewery in Snellville,https://www.businessdebut.com/two-new-food-concepts-opening-inside-crooked-can-brewery-in-snellville/,2026-05-05,2026-05-06
Blush Room to Open in Fayetteville June 13,https://www.businessdebut.com/blush-room-to-open-in-fayetteville-june-13/,2026-05-05,2026-05-06
Family Behind Sophie's Cafe Opening a Soda Shop in Avon Park,https://www.businessdebut.com/family-behind-sophies-cafe-opening-a-soda-shop-in-avon-park/,2026-05-05,2026-05-06
Brooksville Bagels Bringing New York-Style Bagels to Brooksville,https://www.businessdebut.com/brooksville-bagels-bringing-new-york-style-bagels-to-brooksville/,2026-05-05,2026-05-06
The Pirate Candy Shop to Open in St. Petersburg,https://www.businessdebut.com/the-pirate-candy-shop-to-open-in-st-petersburg/,2026-05-05,2026-05-06
Big Whiskey’s Expanding to Coral Springs,https://www.businessdebut.com/big-whiskeys-expanding-to-coral-springs/,2026-05-05,2026-05-06
The GAB Spot Set to Opened May 4 in Fort Walton Beach,https://www.businessdebut.com/the-gab-spot-set-to-opened-may-4-in-fort-walton-beach/,2026-05-05,2026-05-06
Cuban Sabor Cafe Opening on Main Avenue in Lake Placid,https://www.businessdebut.com/cuban-sabor-cafe-opening-on-main-avenue-in-lake-placid/,2026-05-05,2026-05-06
Three J’s Ice Cream Opening Brick-and-Mortar in Winter Haven,https://www.businessdebut.com/three-js-ice-cream-opening-brick-and-mortar-in-winter-haven/,2026-05-05,2026-05-06
Three Rabbits Brewing Opening in Greensboro,https://www.businessdebut.com/three-rabbits-brewing-opening-in-greensboro/,2026-05-05,2026-05-06
7 Atlanta-Area Restaurants Planning May Openings,https://www.businessdebut.com/7-atlanta-area-restaurants-planning-may-openings/,2026-05-04,2026-05-05
Garden Butcher to Open in West Palm Beach,https://www.businessdebut.com/garden-butcher-to-open-in-west-palm-beach/,2026-05-04,2026-05-04
Pollo Primo Plans Second Atlanta Location on Ponce De Leon Avenue,https://www.businessdebut.com/pollo-primo-plans-second-atlanta-location-on-ponce-de-leon-avenue/,2026-05-04,2026-05-05
"6 new Restaurants Opening Across North Carolina [May 3, 2026]",https://www.businessdebut.com/6-new-restaurants-opening-across-north-carolina-may-3-2026/,2026-05-03,2026-05-04
"6 New Restaurants Coming Soon Across Georgia [May 2, 2026]",https://www.businessdebut.com/6-new-restaurants-coming-soon-across-georgia-may-2-2026/,2026-05-02,2026-05-04
12 New Restaurants Opening Across Florida [4/30],https://www.businessdebut.com/12-new-restaurants-opening-across-florida-4-30/,2026-04-30,2026-05-04
"5 Coming Soon Miami-Dade County Restaurants [April 8,2026]",https://www.businessdebut.com/5-coming-soon-miami-dade-county-restaurants-april-8-2026/,2026-04-30,2026-05-04
Soni Cafe Bringing Cafeteria Style Dining to Tampa,https://www.businessdebut.com/soni-cafe-bringing-cafeteria-style-dining-to-tampa/,2026-04-28,2026-05-04
Bep Teahouse to Open New Norcross Location,https://www.businessdebut.com/bep-teahouse-to-open-new-norcross-location/,2026-04-28,2026-05-04
Toast to Debut in Greensboro with All-Day Brunch and Bar,https://www.businessdebut.com/toast-to-debut-in-greensboro-with-all-day-brunch-and-bar/,2026-04-28,2026-05-04
Sushi Alive Bringing Modern Asian Dining Concept to Tampa,https://www.businessdebut.com/sushi-alive-bringing-modern-asian-dining-concept-to-tampa/,2026-04-28,2026-05-04
Queen P's Soulfood Kitchen Opening in Lawrenceville,https://www.businessdebut.com/queen-ps-soulfood-kitchen-opening-in-lawrenceville/,2026-04-28,2026-05-04
V’s Coffee Collab Opening in Roswell with First Physical Location,https://www.businessdebut.com/vs-coffee-collab-opening-in-roswell-with-first-physical-location/,2026-04-28,2026-05-04
Taqueria & Marisco Diaz Opening Soon in Norcross,https://www.businessdebut.com/taqueria-marisco-diaz-opening-soon-in-norcross/,2026-04-28,2026-05-04
Ravah Culinary Emporium Set to Open in Winter Garden,https://www.businessdebut.com/ravah-culinary-emporium-set-to-open-in-winter-garden/,2026-04-28,2026-05-04
Good Times Lounge Bringing Nightlife Concept to Charlotte,https://www.businessdebut.com/good-times-lounge-bringing-nightlife-concept-to-charlotte/,2026-04-28,2026-05-04
Burger Factory to Open in Lawrenceville,https://www.businessdebut.com/burger-factory-to-open-in-lawrenceville/,2026-04-28,2026-05-04
Cuya Cafe & Cocina Reopening with Patio Expansion in Raleigh,https://www.businessdebut.com/cuya-cafe-cocina-reopening-with-patio-expansion-in-raleigh/,2026-04-28,2026-05-04
Ellianos Coffee Expanding with a Corporate Store in St. Cloud,https://www.businessdebut.com/ellianos-coffee-expanding-with-a-corporate-store-in-st-cloud/,2026-04-28,2026-05-04
Renzo’s Bringing Open-Fire Steakhouse Concept to Tampa,https://www.businessdebut.com/renzos-bringing-open-fire-steakhouse-concept-to-tampa/,2026-04-28,2026-05-04
Miró Spanish Grille Planning Second Charlotte Location in SouthPark,https://www.businessdebut.com/miro-spanish-grille-planning-second-charlotte-location-in-southpark/,2026-04-28,2026-05-04
Pha'Ya Thai & Sushi Restaurant Opening in Palm Bay,https://www.businessdebut.com/phaya-thai-sushi-restaurant-opening-in-palm-bay/,2026-04-28,2026-05-04
The View Bringing Large-Scale Waterfront Dining to Mooresville,https://www.businessdebut.com/the-view-bringing-large-scale-waterfront-dining-to-mooresville/,2026-04-28,2026-05-04
Peak Pizza Bar Opening Soon in Cullowhee,https://www.businessdebut.com/peak-pizza-bar-opening-soon-in-cullowhee/,2026-04-25,2026-05-04
"5 Coming Soon Fulton County Restaurants [April 22,2026]",https://www.businessdebut.com/5-coming-soon-fulton-county-restaurants-april-22-2026/,2026-04-22,2026-05-04
Jerry’s Jerk Opening First Brick-and-Mortar in Fort Lauderdale,https://www.businessdebut.com/jerrys-jerk-opening-first-brick-and-mortar-in-fort-lauderdale/,,2026-05-04
Gualts The Italian Cafe Opening in Plantation,https://www.businessdebut.com/gualts-the-italian-cafe-opening-in-plantation/,,2026-05-04
Margarita Island Kitchen & Bar Opening in Indian Harbor Beach on May 13,https://www.businessdebut.com/margarita-island-kitchen-bar-opening-in-indian-harbor-beach-on-may-13/,,2026-05-04
"3 Coming Soon Jacksonville Restaurants [April 25, 2026]",https://www.businessdebut.com/3-coming-soon-jacksonville-restaurants-april-25-2026/,,2026-05-04
Big Bone BBQ Bringing Beef Ribs to Pensacola,https://www.businessdebut.com/big-bone-bbq-bringing-beef-ribs-to-pensacola/,,2026-05-04
Donatos Pizza Set to Open in Panama City,https://www.businessdebut.com/donatos-pizza-set-to-open-in-panama-city/,,2026-05-04
Maison Louis Cafe Now Soft Open in St. Augustine,https://www.businessdebut.com/maison-louis-cafe-now-soft-open-in-st-augustine/,,2026-05-04
17 King American Bistro Opening in St. Augustine,https://www.businessdebut.com/17-king-american-bistro-opening-in-st-augustine/,,2026-05-04
Vinny’s Cafe Expanding to Jupiter’s Abacoa Plaza,https://www.businessdebut.com/vinnys-cafe-expanding-to-jupiters-abacoa-plaza/,,2026-05-06
"3 Coming Soon Broward County Restaurants [May 4, 2026]",https://www.businessdebut.com/3-coming-soon-broward-county-restaurants-may-4-2026/,,2026-05-06
Southern Smokehouse Opening on Yellow Bluff Road in Jacksonville,https://www.businessdebut.com/southern-smokehouse-opening-on-yellow-bluff-road-in-jacksonville/,,2026-05-06
