date,title,address,url,Date_Appended
2026-05-14,Proud Mary Coffee Appears To Have Second Austin Location In The Works | What Now Austin,"4301 Guadalupe St #100, Austin, TX 78751",https://whatnow.com/austin/restaurants/proud-mary-coffee-appears-to-have-second-austin-location-in-the-works/,2026-05-14
2026-05-14,Cafe Bar J.F. Opens in Williamsburg | What Now New York,"50 Withers St, Brooklyn, NY 11211",https://whatnow.com/new-york/restaurants/cafe-bar-j-f-opens-in-williamsburg/,2026-05-15
2026-05-14,Authentic Italian Bistro and Wine Bar Coming to Chelsea,"158 8th Ave, New York, NY 10011",https://whatnow.com/new-york/restaurants/authentic-italian-bistro-and-wine-bar-coming-to-chelsea/,2026-05-15
2026-05-14,Sabrina’s Cafe Expands With Queen Village Location,"419 Bainbridge St., Philadelphia, PA 19147",https://whatnow.com/philadelphia/restaurants/sabrinas-cafe-expands-philadelphia-footprint-with-queen-village-location/,2026-05-15
2026-05-14,PITA Street Food Expanding To Roswell This Summer | What Now Atlanta,"30 E Crossville Rd, Roswell, GA 30075",https://whatnow.com/atlanta/restaurants/pita-street-food-expanding-to-roswell-this-summer/,2026-05-15
2026-05-14,New Donut Shop Looks to Be Opening in Lakeland,"2810 Florida Ave S, Lakeland, FL 33803",https://whatnow.com/tampa/restaurants/new-donut-shop-looks-to-be-opening-in-lakeland/,2026-05-15
2026-05-14,Ice & Cream Creamery Plans Gulfport Expansion,"3119 Beach Blvd S, Gulfport, FL 33707",https://whatnow.com/tampa/restaurants/ice-cream-creamery-plans-gulfport-expansion/,2026-05-15
2026-05-14,JavaCone Bringing Coffee and Ice Cream to Sarasota,"5537 Palmer Crossing Cir, Sarasota, FL 34233",https://whatnow.com/tampa/restaurants/javacone-bringing-coffee-and-ice-cream-to-sarasota/,2026-05-15
2026-05-14,Potbelly Sandwich Shop Eyes Downtown Knoxville For First East Tennessee Location,,https://whatnow.com/nashville/restaurants/potbelly-sandwich-shop-eyes-downtown-knoxville-for-first-east-tennessee-location/,2026-05-15
2026-05-14,Slapperz on Second Opening in Flagler Beach,"209 S 2nd St, Flagler Beach, FL 32136",https://whatnow.com/jacksonville/restaurants/slapperz-on-second-opening-in-flagler-beach/,2026-05-15
2026-05-14,Popular Bar and Tasting Room in Texas Hill Country to Close May 31,"1090 Farm to Market 32, San Marcos, TX 78666",https://whatnow.com/austin/restaurants/popular-bar-and-tasting-room-in-texas-hill-country-to-close-may-31/,2026-05-15
2026-05-14,Heartbutter Plans Charlotte Pop-Ups With Long-Term Brick-And-Mortar Goals,"4612 Gilead St, Charlotte, NC 28217, United States",https://whatnow.com/charlotte/restaurants/heartbutter-plans-charlotte-pop-ups-with-long-term-brick-and-mortar-goals/,2026-05-15
2026-05-14,Jimmy John’s Looks to Be Planning New Location in Fleming Island,"1851 Golden Eagle Way, Fleming Island, FL 32003",https://whatnow.com/jacksonville/restaurants/jimmy-johns-looks-to-be-planning-new-location-in-fleming-island/,2026-05-15
2026-05-14,Fiorenza Italian Bringing Flavors Of Tuscany To Alpharetta | What Now Atlanta,"11500 Webb Bridge Way, Alpharetta, GA 30005",https://whatnow.com/atlanta/restaurants/fiorenza-italian-bringing-flavors-of-tuscany-to-alpharetta/,2026-05-15
2026-05-14,Babbi Babbi Korean Kitchen Plans Opening of Third Location,"10799 Moss Park Rd, Orlando, FL 32832",https://whatnow.com/orlando/restaurants/babbi-babbi-korean-kitchen-plans-opening-of-third-location/,2026-05-15
2026-05-14,Huey Magoo’s Heads to Clermont,"3007 S Hwy 27, Clermont, FL 34711",https://whatnow.com/orlando/restaurants/huey-magoos-heads-to-clermont/,2026-05-15
2026-05-14,Pepe’s Cantina Mexican Grill Opening Viera Location This August,"7700 N Wickham Rd, Melbourne, FL 32940",https://whatnow.com/orlando/restaurants/pepes-cantina-mexican-grill-opening-viera-location-this-august/,2026-05-15
2026-05-14,A New Italian Dining Spot Opens in Manhattan’s East Village,"106 3rd Ave, New York, NY 10003",https://whatnow.com/new-york/restaurants/a-new-italian-dining-spot-opens-in-manhattans-east-village/,2026-05-15
2026-05-14,Sweet Bloom Coffee Roasters to Open New Location in Denver,Ninth Street and Washington Avenue,https://whatnow.com/denver/restaurants/sweet-bloom-coffee-roasters-to-open-new-location-in-denver/,2026-05-15
2026-05-14,MAKE Café to Open Restaurant in San Diego,"4712 Felton St, San Diego, CA 92116, USA",https://whatnow.com/san-diego/restaurants/make-cafe-to-open-restaurant-in-san-diego/,2026-05-15
2026-05-14,A Popular Bay Area Ramen Brand Expands With New Walnut Creek Location,"1630 Cypress St, Walnut Creek, CA 94596, United States",https://whatnow.com/san-francisco/restaurants/a-popular-bay-area-ramen-brand-expands-with-new-walnut-creek-location/,2026-05-15
2026-05-14,Experienced Pizza Maker Preparing New Concept on North Side of Fenton,"14330 Fenton Rd, Fenton, MI 48430",https://whatnow.com/detroit/restaurants/experienced-pizza-maker-preparing-new-concept-on-north-side-of-fenton/,2026-05-15
2026-05-14,Union Square Donuts Bringing Sweet Treats and Drinks to Hingham's Derby Street Shops,"94 Derby St, Hingham, MA 02043",https://whatnow.com/boston/restaurants/union-square-donuts-bringing-sweet-treats-and-drinks-to-hinghams-derby-street-shops/,2026-05-15
2026-05-14,A Fast-Growing U.S. Restaurant Chain Opens New Tennessee Location,"755 Crescent Centre Dr #104, Franklin, TN 37067",https://whatnow.com/nashville/restaurants/a-fast-growing-u-s-restaurant-chain-opens-new-tennessee-location/,2026-05-15
2026-05-14,16 Handles to Open Two Locations in Orange County,,https://whatnow.com/orange-county/restaurants/16-handles-set-to-open-two-locations-in-orange-county/,2026-05-15
2026-05-14,Maman is bringing its signature charm and chocolate chip cookies to DUMBO | What Now New York,"66 Water St, Brooklyn, NY 11201",https://whatnow.com/new-york/restaurants/maman-is-bringing-its-signature-charm-and-chocolate-chip-cookies-to-dumbo/,2026-05-15
2026-05-14,Jersey Mike's Part of $2.5 Billon Terminal B Expansion,"3100 N Terminal Rd, Houston, TX 77032",https://whatnow.com/houston/restaurants/jersey-mikes-part-of-2-5-billon-terminal-b-expansion/,2026-05-15
2026-05-14,A Landmark Diner and Bakery Plans Closure After Years of Operation,"28030 Gratiot Ave, Roseville, MI 48066, United States",https://whatnow.com/detroit/restaurants/a-landmark-diner-and-bakery-plans-closure-after-years-of-operation/,2026-05-14
2026-05-14,Protein Bar and Kitchen to Debut at IAH,"3100 N Terminal Rd, Houston, TX 77032",https://whatnow.com/houston/restaurants/protein-bar-and-kitchen-to-debut-at-iah/,2026-05-15
2026-05-14,Pinthouse Location To Take Shape In Leander | What Now Austin,"1605 E New Hope Dr Building 1, Leander, TX 78641",https://whatnow.com/austin/restaurants/pinthouse-location-to-take-shape-in-leander/,2026-05-15
2026-05-14,Paladino’s Italian Eatery to Debut Mesa Location,"2711 S Alma School Rd, Mesa, AZ 85210",https://whatnow.com/phoenix/restaurants/paladinos-italian-eatery-to-debut-mesa-location/,2026-05-15
2026-05-14,PopStroke to Open at Miami Freedom Park,"1802 NW 37th Ave, Miami, FL 33125",https://whatnow.com/miami/restaurants/popstroke-to-open-at-miami-freedom-park/,2026-05-15
2026-05-14,C.R. Chicks is Opening in Stuart,"3346 SE Federal Hwy, Stuart, FL 34997",https://whatnow.com/miami/restaurants/c-r-chicks-is-opening-in-stuart/,2026-05-15
2026-05-14,Chicago Chef Perfects the Gourmet Baked Potato,,https://whatnow.com/chicago/restaurants/chicago-chef-perfects-the-gourmet-baked-potato/,2026-05-15
2026-05-14,Tilly Bagel Owners Cooking Up Third Location in Lakeview,"3162 N Broadway, Chicago, IL 60657",https://whatnow.com/chicago/restaurants/tilly-bagel-owners-cooking-up-third-location-in-lakeview/,2026-05-14
2026-05-14,Popular Seafood Restaurant in West Hollywood Set to Close Doors This Summer,"8171 Santa Monica Blvd, West Hollywood, CA 90046, United States",https://whatnow.com/los-angeles/restaurants/popular-seafood-restaurant-in-west-hollywood-set-to-close-doors-this-summer/,2026-05-14
2026-05-14,Paper Rice Bringing Fast-Casual Vietnamese Cuisine To Sawtelle | What Now Los Angeles,"2202 Sawtelle Blvd, Los Angeles, CA 90064",https://whatnow.com/los-angeles/restaurants/paper-rice-bringing-fast-casual-vietnamese-cuisine-to-sawtelle/,2026-05-15
2026-05-14,On The Grind Bringing Coffee Kiosk To Kyle | What Now Austin,,https://whatnow.com/austin/restaurants/on-the-grind-bringing-coffee-kiosk-to-kyle/,2026-05-14
2026-05-14,Honest Indian Vegetarian Restaurant To Open In Vernon Hills,"145 W Townline Rd, Vernon Hills, IL 60061, USA",https://whatnow.com/chicago/restaurants/honest-indian-vegetarian-restaurant-to-open-in-vernon-hills/,2026-05-14
2026-05-14,Yoka Tea Eyes Ballard Expansion Following Madrona Success,"5335 Ballard Ave NW, Seattle, WA 98107",https://whatnow.com/seattle/restaurants/yoka-tea-eyes-ballard-expansion-following-madrona-success/,2026-05-14
2026-05-14,Jerk Yard Heading South to Debut New Restaurant in Park Forest,"Plaza West Shopping Center, 90 S Orchard Dr, Park Forest, IL 60466",https://whatnow.com/chicago/restaurants/jerk-yard-heading-south-to-debut-new-restaurant-in-park-forest/,2026-05-14
2026-05-14,Mikaelas Taste of Asia to Come to Container Park,"707 E Fremont St, Las Vegas, NV 89101",https://whatnow.com/las-vegas/restaurants/mikaelas-taste-of-asia-to-come-to-container-park/,2026-05-14
2026-05-14,The Baillie Planned for Capitol Hill in Summer 2027,,https://whatnow.com/seattle/restaurants/the-baillie-planned-for-capitol-hill-in-summer-2027/,2026-05-14
2026-05-14,7 Brew Bringing Mid-Summer Caffeine Boost to Memphis,"2828 N Germantown Parkyway, Memphis, TN 38133",https://whatnow.com/memphis/restaurants/7-brew-bringing-mid-summer-caffeine-boost-to-memphis/,2026-05-14
2026-05-14,Ogyu Plans Premium Japanese Yakiniku Experience in Ardmore,"60 Greenfield Ave., Ardmore, PA 19003",https://whatnow.com/philadelphia/restaurants/ogyu-plans-premium-japanese-yakiniku-experience-on-the-main-line/,2026-05-14
2026-05-14,Snappy Burger to Open Another Location in the Valley,"W Cheyenne Ave & Allen Ln, North Las Vegas, NV 89032",https://whatnow.com/las-vegas/restaurants/snappy-burger-to-open-another-location-in-the-valley/,2026-05-15
2026-05-14,IHOP Location On The Way To Manor | What Now Austin,"13320 US-290, Manor, TX 78653",https://whatnow.com/austin/restaurants/ihop-location-on-the-way-to-manor/,2026-05-15
2026-05-13,Deluxe Bar Headed to Columbia Heights,"3606 14th St NW, Washington, DC 20010",https://whatnow.com/washington-dc/restaurants/deluxe-bar-headed-to-columbia-heights/,2026-05-15
2026-05-13,Leuty’s on Queen Preparing to Open in Toronto’s Beaches Neighborhood,"1963 Queen St E, Toronto, ON M4L 1H8, Canada",https://whatnow.com/toronto/restaurants/leutys-on-queen-preparing-to-open-in-torontos-beaches-neighborhood/,2026-05-15
2026-05-13,Mendocino Farms to Open New Phoenix Location This Summer,,https://whatnow.com/phoenix/restaurants/mendocino-farms-to-open-first-phoenix-location-this-summer/,2026-05-15
2026-05-13,Dough In The Box Donuts Adding Fourth Location | What Now Atlanta,"237 Mitchell St SW, Atlanta, GA 30303",https://whatnow.com/atlanta/restaurants/dough-in-the-box-donuts-adding-fourth-location/,2026-05-15
2026-05-13,La Gita Kitchen and Focacceria Planned For Westlake Village | What Now Los Angeles,"County Line Shopping Center, 4619 Lakeview Canyon Rd, Westlake Village, CA 91361",https://whatnow.com/los-angeles/restaurants/la-gita-kitchen-and-focacceria-planned-for-westlake-village/,2026-05-15
2026-05-13,Katz Coffee One of Four New Tenants to Open at the IAH,"3100 N Terminal Rd, Houston, TX 77032",https://whatnow.com/houston/restaurants/katz-coffee-one-of-four-new-tenants-to-open-at-the-iah/,2026-05-15
2026-05-13,Dunkin’ Planning Major Return to Canada Through New Foodtastic Deal,,https://whatnow.com/toronto/restaurants/dunkin-planning-major-return-to-canada-through-new-foodtastic-deal/,2026-05-15
2026-05-13,Popular Fast-Casual Mediterranean Chain Expands with New Westlake Village Location,"968-12 S Westlake Blvd, Westlake Village, CA 91361",https://whatnow.com/los-angeles/restaurants/popular-fast-casual-mediterranean-chain-expands-with-new-westlake-village-location/,2026-05-13
2026-05-13,New Seafood and Cocktail Bar Opening in Williamsburg,"6 River St, Brooklyn, NY 11249",https://whatnow.com/new-york/restaurants/new-seafood-and-cocktail-bar-opening-in-williamsburg/,2026-05-13
2026-05-13,"Lucky Village Chinese Buffet Undergoes $200,000 Renovations","10755 Westheimer Rd, Houston, TX 77042",https://whatnow.com/houston/restaurants/lucky-village-chinese-buffet-undergoes-200000-renovations/,2026-05-13
2026-05-13,West Coast Coffee Chain Better Buzz Coffee Making Florida Debut in Tampa Bay,"3290 Word Way, New Port Richey, FL 34655",https://whatnow.com/tampa/restaurants/west-coast-coffee-chain-better-buzz-coffee-making-florida-debut-in-tampa-bay/,2026-05-13
2026-05-13,Late-Night Smash Burger Concept Set to Debut in Berkley,"2375 Coolidge Hwy, Berkley, MI 48072",https://whatnow.com/detroit/restaurants/late-night-smash-burger-concept-set-to-debut-in-berkley/,2026-05-13
2026-05-13,Authentic Vietnamese Eatery Coming to Downtown Savannah,"114 E Broughton St., Savannah, GA 31401",https://whatnow.com/charleston/restaurants/authentic-vietnamese-eatery-coming-to-downtown-savannah/,2026-05-13
2026-05-13,Dave’s Hot Chicken Expanding to Helotes With New Northwest San Antonio Location,"9257 N Loop 1604 W, Helotes, TX 78023, USA",https://whatnow.com/san-antonio/restaurants/daves-hot-chicken-expanding-to-helotes-with-new-northwest-san-antonio-location/,2026-05-13
2026-05-13,Huddle Tavern Ramping Up Toward Construction In Cedar Park | What Now Austin,"604 N Bell Blvd, Cedar Park, TX 78613",https://whatnow.com/austin/restaurants/huddle-tavern-ramping-up-toward-construction/,2026-05-13
2026-05-13,Tortillas Chiwas Owners Plan Expansion Beyond Phoenix With New Concept,"914 N Grande Ave, Tucson, AZ 85745",https://whatnow.com/phoenix/restaurants/tortillas-chiwas-owners-plan-expansion-beyond-phoenix-with-new-concept/,2026-05-13
2026-05-13,Himari to Open a Second Location in Former Bank of America in Uptown,"6414 San Felipe St a, Houston, TX 77057",https://whatnow.com/houston/restaurants/himari-to-open-a-second-location-in-former-bank-of-america-in-uptown/,2026-05-13
2026-05-13,Fine Dining Hamburg Restaurant Announces Closure After 23-Year Run,"52 Main St, Hamburg, NY 14075",https://whatnow.com/new-york/restaurants/fine-dining-hamburg-restaurant-announces-closure-after-23-year-run/,2026-05-13
2026-05-13,Pinsarella Market To Debut in San Diego,"8131 La Mesa Blvd, La Mesa, CA 91942, USA",https://whatnow.com/san-diego/restaurants/pinsarella-market-to-debut-in-san-diego/,2026-05-13
2026-05-13,Pokeworks Plans Major Greater Boston Expansion,,https://whatnow.com/boston/restaurants/pokeworks-plans-major-greater-boston-expansion/,2026-05-13
2026-05-13,Westside Motor Lounge Team Bringing Pop-Up To The Krog District | What Now Atlanta,"112 Krog St NE, Atlanta, GA 30307",https://whatnow.com/atlanta/restaurants/westside-motor-lounge-team-bringing-pop-up-to-the-krog-district/,2026-05-13
2026-05-13,"Jim’s Original Relocating to New Pilsen Storefront, Adding Breakfast Menu","551 W 18th St, Chicago, IL 60616",https://whatnow.com/chicago/restaurants/jims-original-relocating-to-new-pilsen-storefront-adding-breakfast-menu/,2026-05-13
2026-05-13,"Kueva to Bring an ""Exclusive, Modern Dining Experience"" to the Valley","6250 McLeod Dr, Las Vegas, NV 89120",https://whatnow.com/las-vegas/restaurants/kueva-to-bring-an-exclusive-modern-dining-experience-to-the-valley/,2026-05-13
2026-05-13,The Shapeshifter Bringing Themed Cocktail Bar Experience to Franklinton This May,"129 Mc Dowell St, Columbus, OH 43215, USA",https://whatnow.com/columbus/restaurants/the-shapeshifter-bringing-themed-cocktail-bar-experience-to-franklinton-this-may/,2026-05-13
2026-05-13,Popular American Chinese Restaurant Brand Opening First Boston-Area Location,"5 District Ave, Dorchester",https://whatnow.com/boston/restaurants/popular-american-chinese-restaurant-brand-opening-first-boston-area-location/,2026-05-13
2026-05-13,Georgian Bakery Café and Natural Wine Bar Coming to the East Village,"501 E 6th St, New York, NY 10009",https://whatnow.com/new-orleans/restaurants/georgian-bakery-cafe-and-natural-wine-bar-coming-to-the-east-village/,2026-05-13
2026-05-13,The Stand Expanding to Encinitas With New Restaurant,"267 N El Camino Real, Encinitas, CA 92024, USA",https://whatnow.com/san-diego/restaurants/the-stand-expanding-to-encinitas-with-new-restaurant/,2026-05-13
2026-05-13,First-of-Its-Kind Hand Roll Concept Opening in Charlotte,"420 E 22nd St, Charlotte, NC 28206",https://whatnow.com/charlotte/restaurants/first-of-its-kind-hand-roll-concept-opening-in-charlotte/,2026-05-13
2026-05-13,New Concept Under Pressure Bringing Nontraditional Approach To Wine Pairings In Chastain | What Now Atlanta,"4920 Roswell Rd, Atlanta, GA 30342",https://whatnow.com/atlanta/restaurants/new-concept-under-pressure-bringing-nontraditional-approach-to-wine-pairings-in-chastain/,2026-05-13
2026-05-13,Kankakee Local Building ‘Encanto’ Coffee Shop to Serve Mexican Pastries,"869 W Jeffery St, Kankakee, IL 60901",https://whatnow.com/chicago/restaurants/kankakee-local-building-encanto-coffee-shop-to-serve-mexican-pastries/,2026-05-13
2026-05-13,‘Assembly’ Restaurant From Saddleback BBQ Owner Coming to Mason,"402 S Jefferson St, Mason, MI 48854",https://whatnow.com/detroit/restaurants/assembly-restaurant-from-saddleback-bbq-owner-coming-to-mason/,2026-05-13
2026-05-13,Blueberrys Autograph Set to Open in North Myrtle Beach,,https://whatnow.com/charleston/restaurants/blueberrys-autograph-set-to-open-in-north-myrtle-beach-this-fall/,2026-05-13
2026-05-13,Little Alley Steakhouse Revives Uptown Charlotte Plans With $3.7M Permit Filing,"Truist Center, 214 N Tryon St, Charlotte, NC 28202, USA",https://whatnow.com/charlotte/restaurants/little-alley-steakhouse-revives-uptown-charlotte-plans-with-3-7m-permit-filing/,2026-05-13
2026-05-13,Joe Vicari Restaurant Group to Operate Hook in St. Clair Shores with New Menu,"24214 Jefferson Ave, St Clair Shores, MI 48080",https://whatnow.com/detroit/restaurants/joe-vicari-restaurant-group-to-operate-hook-in-st-clair-shores-with-new-menu/,2026-05-13
2026-05-12,A Fast-Growing Hawaiian Restaurant Chain Is Opening Another Las Vegas Location,"5485 Camino Al Norte, North Las Vegas, NV 89135",https://whatnow.com/las-vegas/restaurants/a-fast-growing-hawaiian-restaurant-chain-is-opening-another-las-vegas-location/,2026-05-12
2026-05-12,Frankie’s Fun Park in Charleston Prepares for Reopening,"5000 Ashley Phosphate Rd., North Charleston, SC 29418",https://whatnow.com/charleston/restaurants/frankies-fun-park-undergoing-renovations-ahead-of-new-debut-in-north-charleston/,2026-05-12
2026-05-12,The Alaskan Fish Spot to Bring Fresh Seafood to the Valley,"2121 E Sahara Ave, Las Vegas, NV 89104",https://whatnow.com/las-vegas/restaurants/the-alaskan-fish-spot-to-bring-fresh-seafood-to-the-valley/,2026-05-12
2026-05-12,A Popular Butcher-Style Restaurant Is Closing One of Its Original Locations,"8044 Kercheval Ave, Detroit, MI 48214, United States",https://whatnow.com/detroit/restaurants/a-popular-butcher-style-restaurant-is-closing-one-of-its-original-locations/,2026-05-12
2026-05-12,A Longtime Austin Dessert Favorite Is Preparing to Serve Its Final Orders,"7800 S 1st St, Austin, TX 78745",https://whatnow.com/austin/restaurants/a-longtime-austin-dessert-favorite-is-preparing-to-serve-its-final-orders/,2026-05-12
2026-05-12,A 37-Year-Old Nashville Restaurant Is Reopening for Full Dine-In Service,"3307 Charlotte Ave, Nashville, TN 37209",https://whatnow.com/nashville/restaurants/a-37-year-old-nashville-restaurant-is-reopening-for-full-dine-in-service/,2026-05-12
2026-05-12,Owners of Le Bouchon Keeping with French Theme for New Chicken Takeout Spot,"2234 N Western Ave, Chicago, IL 60647",https://whatnow.com/chicago/restaurants/owners-of-le-bouchon-keeping-with-french-theme-for-new-chicken-takeout-spot/,2026-05-12
2026-05-12,A Beloved Taco Restaurant Has Closed Its Doors in Floral Park,"155 Tulip Ave, Floral Park, NY 11001, United States",https://whatnow.com/new-york/restaurants/a-beloved-taco-restaurant-has-closed-its-doors-in-floral-park/,2026-05-12
2026-05-12,Iris Galerie to Brighten Up The Shoppes At Mandalay Place With an Opening,"3930 S Las Vegas Blvd, Las Vegas, NV 89119",https://whatnow.com/las-vegas/restaurants/iris-galerie-to-brighten-up-the-shoppes-at-mandalay-place-with-an-opening/,2026-05-12
2026-05-12,Carrabba’s Italian Grill Building $2.75M Restaurant in Tomball,"13215 Grand Pkwy, Tomball, TX 77377",https://whatnow.com/houston/restaurants/carrabbas-italian-grill-building-2-75m-restaurant-in-tomball/,2026-05-12
2026-05-12,7 Brew Franchise Group Planning New Adrian Location Near Meijer,,https://whatnow.com/detroit/restaurants/7-brew-franchise-group-planning-new-adrian-location-near-meijer/,2026-05-12
2026-05-11,Vietnamese-Influenced Café Coming to Lafayette Parish,"3204 E Milton Ave, Youngsville, LA 70592",https://whatnow.com/new-orleans/restaurants/vietnamese-influenced-cafe-coming-to-lafayette-parish/,2026-05-11
2026-05-11,New Orleans Restaurant Known for German-Inspired Menu to Close on June 1,"617-B Piety, New Orleans, LA 70117",https://whatnow.com/new-orleans/restaurants/new-orleans-restaurant-known-for-german-inspired-menu-to-close-on-june-1/,2026-05-11
2026-05-11,"New 11,500-Square-Foot Beach Club Set to Debut in Miami Beach’s Art Deco District","1717 Collins Ave, Miami Beach, FL 33139, United States",https://whatnow.com/miami/restaurants/new-11500-square-foot-beach-club-set-to-debut-in-miami-beachs-art-deco-district/,2026-05-11
2026-05-11,Blank Street Brewing Up Second Philadelphia Location,"1801 Spruce St., Philadelphia, PA 19103",https://whatnow.com/philadelphia/restaurants/blank-street-brewing-up-second-philadelphia-location/,2026-05-11
2026-05-11,Daily Press Cafe to Take Over Kung Fu Tea in Downtown West Dearborn,"22001 Michigan Ave, Dearborn, MI 48124",https://whatnow.com/detroit/restaurants/daily-press-cafe-to-take-over-kung-fu-tea-in-downtown-west-dearborn/,2026-05-11
2026-05-11,Thai Staple Langbaan Moving Southeast for Next Portland Location,"215 SE 9th Ave, Portland, OR 97214",https://whatnow.com/portland/restaurants/thai-staple-langbaan-moving-southeast-for-next-portland-location/,2026-05-11
2026-05-11,Steel City Brewing to Open in Coatesville This Spring,"132 Lincoln Hwy. E, Coatesville, PA 19320",https://whatnow.com/philadelphia/restaurants/steel-city-brewing-to-open-in-coatesville-this-spring-under-restaurateur-philip-ferro/,2026-05-11
2026-05-11,New ‘Wasai BBQ’ Concept to Serve Korean Barbecue in Chinatown,"2237 S Wentworth Ave, Chicago, IL 60616",https://whatnow.com/chicago/restaurants/new-wasai-bbq-concept-to-serve-korean-barbecue-in-chinatown/,2026-05-11
2026-05-11,New 7 Brew Location Planned For Tullahoma,"2102 N Jackson St, Tullahoma, TN 37388, USA",https://whatnow.com/nashville/restaurants/new-7-brew-location-planned-for-tullahoma/,2026-05-11
2026-05-11,MaGerk’s Pub & Grill to Expand to West Chester,"3 W Gay St. West Chester, PA 19380",https://whatnow.com/philadelphia/restaurants/magerks-pub-grill-expands-greater-philadelphia-footprint-with-west-chester-location/,2026-05-11
2026-05-11,Crumbl and 4 More Atlanta Restaurant Openings We Uncovered Last Week (May 4-8),,https://whatnow.com/atlanta/restaurants/crumbl-and-4-more-atlanta-restaurant-openings-we-uncovered-last-week-may-4-8/,2026-05-11
2026-05-11,Popular Joliet Mall Restaurant Shuts Down Following Tragic Incident,"3151 Voyager Ln, Joliet, IL 60431",https://whatnow.com/chicago/restaurants/popular-joliet-mall-restaurant-shuts-down-following-tragic-incident/,2026-05-11
2026-05-11,"Victory Bar & Grill Under New Ownership, Plans Refresh","795 NJ-73 West Berlin, NJ 08091",https://whatnow.com/philadelphia/restaurants/victory-bar-grill-under-new-ownership-with-a-planned-refresh/,2026-05-11
2026-05-11,A Viral Burger Brand Is Expanding With Its First Permanent Las Vegas Restaurant,"124 S 6th St, Las Vegas, NV 89101",https://whatnow.com/las-vegas/restaurants/a-viral-burger-brand-is-expanding-with-its-first-permanent-las-vegas-restaurant/,2026-05-11
2026-05-11,Ocean Drive Smash Burger Hotspot Opened Its First Las Vegas Location,"3377 Las Vegas Blvd S #2170, Las Vegas, NV 89109, United States",https://whatnow.com/las-vegas/restaurants/ocean-drive-smash-burger-hotspot-opened-its-first-las-vegas-location/,2026-05-11
2026-05-11,Texas de Brazil to Open at Lehigh Valley Mall in Whitehall,"250 Lehigh Valley Mall, Whitehall Township, PA 18052",https://whatnow.com/philadelphia/restaurants/texas-de-brazil-to-open-at-lehigh-valley-mall-in-whitehall/,2026-05-11
2026-05-10,Qdoba to Feed DFW Flyers,"2625 North International Parkway, Dallas, TX 75261",https://whatnow.com/dallas/restaurants/qdoba-to-feed-dfw-flyers/,2026-05-11
2026-05-10,A Forkful Restaurant and Catering Making Memphis Plans,"2650 Thousand Oaks Blvd, Memphis, TN 38118",https://whatnow.com/memphis/restaurants/a-forkful-restaurant-and-catering-making-memphis-plans/,2026-05-10
2026-05-10,Food Hall Juggernaut Continues DMV Expansion,"20936 Frederick Rd, Germantown, MD 20876",https://whatnow.com/washington-dc/restaurants/food-hall-juggernaut-continues-dmv-expansion/,2026-05-11
2026-05-10,Zaxbys Begins Work on New Maryland Location,,https://whatnow.com/washington-dc/restaurants/zaxbys-begins-work-on-new-maryland-location/,2026-05-11
2026-05-10,Gina’s Place to Reopen this Summer,"2400 S Caraway Rd, Jonesboro, AR 72401",https://whatnow.com/memphis/restaurants/ginas-place-to-reopen-this-summer/,2026-05-10
2026-05-10,McAlister’s Deli Headed to Jonesboro,"2024 Fair Park Blvd., Jonesboro, AR 72401",https://whatnow.com/memphis/restaurants/mcalisters-deli-headed-to-jonesboro/,2026-05-10
2026-05-10,West Memphis Prepares to Greet Texas-Favorite,,https://whatnow.com/memphis/restaurants/west-memphis-prepares-to-greet-texas-favorite/,2026-05-11
2026-05-09,Bartho's Las Vegas' First All-bottle German Influenced Beer Bar To Open in Arts District,"1563 S Commerce St, Las Vegas, NV 89102",https://whatnow.com/las-vegas/restaurants/bartholas-vegas-first-all-bottle-german-influenced-beer-bar/,2026-05-09
2026-05-09,"No Diggity, New Cafe Concept, Slated to Open on Bell Street","2307 Bell St, Houston, TX 77003",https://whatnow.com/houston/restaurants/no-diggity-new-cafe-concept-slated-to-open-on-bell-street/,2026-05-09
2026-05-08,CINTLI to Debut With Heirloom Corn Culinary Experiences,,https://whatnow.com/charleston/restaurants/cintli-to-debut-with-heirloom-corn-culinary-experiences-foundational-to-nourishment-community/,2026-05-08
2026-05-08,The Savvy Sipper Opening in Battle Ground,"1113 SE Rasmussen Blvd, Battle Ground, WA 98604",https://whatnow.com/portland/restaurants/the-savvy-sipper-opening-in-battle-ground/,2026-05-09
2026-05-08,Lobster King Seafood to Team up With A1 Wings & Things,"420 S Germantown Pkwy, Cordova, TN 38018",https://whatnow.com/memphis/restaurants/lobster-king-seafood-to-team-up-with-a1-wings-things/,2026-05-09
2026-05-08,Team Behind Thirsty Sasquatch Opening Lil Pig Lil Pig in Vancouver,"2014 Main St, Vancouver, WA 98660",https://whatnow.com/portland/restaurants/team-behind-thirsty-sasquatch-opening-lil-pig-lil-pig-in-vancouver/,2026-05-09
2026-05-08,Popular Chicago Neighborhood Pizza Spot Set to Close on May 22,"1706 W Foster Ave, Chicago, IL 60640",https://whatnow.com/chicago/restaurants/popular-chicago-neighborhood-pizza-spot-set-to-close-on-may-22/,2026-05-08
2026-05-08,Major Perk Coffee to Pour a Cup for Fort Worth,"1405 S Cherry Ln, Fort Worth, TX 76108",https://whatnow.com/dallas/restaurants/major-perk-coffee-to-pour-a-cup-for-fort-worth/,2026-05-09
2026-05-08,The Peasant’s Courtyard Closes in Alamo as Worth Group Rebrands to The Courtyard Restaurant,"3195 Danville Blvd, Alamo, CA 94507, United States",https://whatnow.com/san-francisco/restaurants/the-peasants-courtyard-closes-in-alamo-as-worth-group-rebrands-to-the-courtyard-restaurant/,2026-05-09
2026-05-08,Popular California Seafood Chain Pacific Catch Opens at Brea Mall,"1430 Brea Mall, Brea, CA 92821, USA",https://whatnow.com/orange-county/restaurants/popular-california-seafood-chain-pacific-catch-opens-at-brea-mall/,2026-05-08
2026-05-08,Major Miami Entertainment Venue Reopening After Extensive Renovation,"11481 NW 12th St, Miami, FL 33172",https://whatnow.com/miami/restaurants/major-miami-entertainment-venue-reopening-after-extensive-renovation/,2026-05-08
2026-05-08,Willy Buck’s Backyard Grill Looks to Be Opening Brick-and-Mortar Location,"1317 S 14th St, Leesburg, FL 34748",https://whatnow.com/orlando/restaurants/willy-bucks-backyard-grill-looks-to-be-opening-brick-and-mortar-location/,2026-05-08
2026-05-08,New 'Taco Works' Concept to Debut Near Cicero in Early Summer,"3800 S Cicero Ave, Cicero, IL 60804",https://whatnow.com/chicago/restaurants/new-taco-works-concept-to-debut-near-cicero-in-early-summer/,2026-05-08
2026-05-08,New 300-Seat Chef-Driven Italian Dining Concept Set to Open in Katy,"23501 Cinco Ranch Blvd, Katy, TX 77494",https://whatnow.com/houston/restaurants/new-300-seat-chef-driven-italian-dining-concept-set-to-open-in-katy/,2026-05-08
2026-05-08,New Bar Looks to Be Opening in Pioneer Courthouse Square,"701 SW 6th Ave, Portland, OR 97204",https://whatnow.com/portland/restaurants/new-bar-looks-to-be-opening-in-pioneer-courthouse-square/,2026-05-08
2026-05-08,Wingstop to Open in Within the Highlands Shopping Center,"300 N Main St, Highlands, TX 77562",https://whatnow.com/houston/restaurants/wingstop-to-open-in-within-the-highlands-shopping-center/,2026-05-09
2026-05-08,La Costa Chef to Open Modern Mexican Restaurant in East Sacramento,"3675 J St, Sacramento, CA 95816",https://whatnow.com/sacramento/restaurants/la-costa-chef-to-open-modern-mexican-restaurant-in-east-sacramento/,2026-05-08
2026-05-08,Daily Provisions to Open New Café in Boston's Back Bay,"501 Boylston St, Boston, MA 02116",https://whatnow.com/boston/restaurants/daily-provisions-to-open-new-cafe-in-bostons-back-bay/,2026-05-08
2026-05-08,Popular Northern Colorado Tavern to Shut Down After 16 Years of Operation,"2918 67th Ave, Greeley, CO 80634",https://whatnow.com/denver/restaurants/popular-northern-colorado-tavern-to-shut-down-after-16-years-of-operation/,2026-05-08
2026-05-08,Viva Healthy Headed to Winter Park,"7612 University Blvd Unit 21, Winter Park, FL 32792",https://whatnow.com/orlando/restaurants/viva-healthy-headed-to-winter-park/,2026-05-09
2026-05-08,Oakland Asian Fusion Restaurant Set to Close on Claremont Avenue,"6200 Claremont Ave, Oakland, CA 94618",https://whatnow.com/san-francisco/restaurants/oakland-asian-fusion-restaurant-set-to-close-on-claremont-avenue/,2026-05-08
2026-05-08,Cobra Clutch Cocktail Bar to Debut in Downtown Las Vegas,"1201 S Main St, Las Vegas, NV 89104",https://whatnow.com/las-vegas/restaurants/cobra-clutch-cocktail-bar-to-debut-in-downtown-las-vegas/,2026-05-09
2026-05-08,Owner of Bay City’s 'Stock Pot' Building New Kitchen with Crafted Cocktails,"8 State Park Dr, Bay City, MI 48706",https://whatnow.com/detroit/restaurants/owner-of-bay-citys-stock-pot-building-new-kitchen-with-crafted-cocktails/,2026-05-08
2026-05-08,Another Peet’s Coffee Location Could Be Brewing in Greater Sacramento,"2281 Del Paso Rd, Suite 150, Sacramento, CA 95835",https://whatnow.com/sacramento/restaurants/another-peets-coffee-location-could-be-brewing-in-greater-sacramento/,2026-05-09
2026-05-08,JP's Brasserie & Sports Den to Debut in Shopping Center on Sahara,"5781 W Sahara Ave, Las Vegas, NV 89146",https://whatnow.com/las-vegas/restaurants/jps-brasserie-sports-den-to-debut-in-shopping-center-on-sahara/,2026-05-09
2026-05-08,Skyduster Beer Opening In Fashion District This Summer | What Now Los Angeles,"1124 San Julian St, Los Angeles, CA 90015",https://whatnow.com/los-angeles/restaurants/skyduster-beer-opening-in-fashion-district-this-summer/,2026-05-08
2026-05-08,SOKO Butcher Bringing One of the Region’s Best Sandwiches to Arlington,"269 19th Ct S, Arlington, VA 22202",https://whatnow.com/washington-dc/restaurants/soko-butcher-bringing-one-of-the-regions-best-sandwiches-to-arlington/,2026-05-09
2026-05-08,The June Opening in Downtown Jacksonville,"424 N Hogan St, Jacksonville, FL 32202",https://whatnow.com/jacksonville/restaurants/the-june-opening-in-downtown-jacksonville/,2026-05-09
2026-05-08,Local SF Supermarket Owner Planning Massive Vietnamese Street Food Restaurant in South Sacramento,"4582 Mack Rd, Sacramento, CA 95823",https://whatnow.com/sacramento/restaurants/local-sf-supermarket-owner-planning-massive-vietnamese-street-food-restaurant-in-south-sacramento/,2026-05-08
2026-05-08,On the Bun Bringing Vintage Diner Energy and Smash Burgers to Lowell,"120 Merrimack St, Lowell, MA 01852",https://whatnow.com/boston/restaurants/on-the-bun-bringing-vintage-diner-energy-and-smash-burgers-to-lowell/,2026-05-09
2026-05-08,"Black Sheep Coffee To Open in Doral, Miami Beach","10800 NW 41st St, Doral, FL 33172",https://whatnow.com/miami/restaurants/black-sheep-coffee-to-open-in-doral-miami-beach/,2026-05-08
2026-05-08,Local Handel’s Franchisees Expanding To Second Austin Store | What Now Austin,"19389 Ronald Reagan Blvd #150, Leander, TX 78641",https://whatnow.com/austin/restaurants/local-handels-franchisees-expanding-to-second-austin-store/,2026-05-08
2026-05-08,Former Black Water Space Looks to Be Getting a New Life,"835 NE Broadway, Portland, OR 97232",https://whatnow.com/portland/restaurants/former-black-water-space-looks-to-be-getting-a-new-life/,2026-05-09
2026-05-08,Madi Rum Plans 6-Acre Rum Distillery and Restaurant,,https://whatnow.com/jacksonville/restaurants/madi-rum-plans-6-acre-rum-distillery-and-restaurant/,2026-05-08
2026-05-08,PRESS Coffee Planning New Cafe in Peoria,"10134 W Happy Valley Rd, Peoria, AZ 85383",https://whatnow.com/phoenix/restaurants/press-coffee-planning-new-cafe-in-peoria/,2026-05-09
2026-05-08,Koyo to Open a Second Location,"1835 N Shepherd Dr, Houston, TX 77008",https://whatnow.com/houston/restaurants/koyo-to-open-a-second-location/,2026-05-09
2026-05-08,Cowy Burger's Award-Winning Smash Burgers Coming to Doral,,https://whatnow.com/miami/restaurants/cowy-burgers-award-winning-smash-burgers-coming-to-doral/,2026-05-08
2026-05-08,Bristol Republic Set to Open Nashville-Inspired Dublin Venue at Bridge Park Next Month,"4495 Bridge Park Ave, Dublin, OH 43017, USA",https://whatnow.com/columbus/restaurants/bristol-republic-set-to-open-nashville-inspired-dublin-venue-at-bridge-park-next-month/,2026-05-08
2026-05-08,Dairy Queen Set to Return to Lynn After Decades Away,"414 Broadway, Lynn, MA 01904",https://whatnow.com/boston/restaurants/dairy-queen-set-to-return-to-lynn-after-decades-away/,2026-05-08
2026-05-08,The Jaguar Room Bringing Cocktail-Focused Concept To Knoxville’s Old City,"224 N Central St, Knoxville, TN 37902, USA",https://whatnow.com/nashville/restaurants/the-jaguar-room-bringing-cocktail-focused-concept-to-knoxvilles-old-city/,2026-05-08
2026-05-08,Owner of Da’Hui Hawaiian Bar & Grill Plans New Venue,"8000 SE Foster Rd, Portland, OR 97206",https://whatnow.com/portland/restaurants/owner-of-dahui-hawaiian-bar-grill-plans-new-venue/,2026-05-09
2026-05-08,Bosphorus Bringing Traditional Turkish Fare to Rocklin,"6835 Five Star Blvd, Rocklin, CA 95677",https://whatnow.com/sacramento/restaurants/bosphorus-bringing-traditional-turkish-fare-to-rocklin/,2026-05-09
2026-05-08,New Restaurant Quietly Taking Shape at Folsom's Broadstone Plaza,"2791 E Bidwell St, Suite 100, Folsom, CA 95630",https://whatnow.com/sacramento/restaurants/new-restaurant-quietly-taking-shape-at-folsoms-broadstone-plaza/,2026-05-09
2026-05-08,Ugah’s Bakery may open its first spot in Newport Beach,"349 Old Newport Blvd, Newport Beach, CA 92663",https://whatnow.com/orange-county/restaurants/ugahs-bakery/,2026-05-09
2026-05-08,Keke's Breakfast Cafe Coming to Pembroke Pines,"10800 Pines Blvd, Pembroke Pines, FL 33026",https://whatnow.com/miami/restaurants/kekes-breakfast-cafe-coming-to-pembroke-pines/,2026-05-08
2026-05-08,Cocktails and Content: Inside the Bar Concept Coming to Hell's Kitchen,"359 W 54th St, New York, NY 10019",https://whatnow.com/new-york/restaurants/cocktails-and-content-inside-the-bar-concept-coming-to-hells-kitchen/,2026-05-08
2026-05-08,Salvage City Supper Club Returns to EDC Las Vegas,"7000 Las Vegas Blvd N, Las Vegas, NV 89115",https://whatnow.com/las-vegas/restaurants/salvage-city-supper-club-returns-to-edc-las-vegas/,2026-05-09
2026-05-08,Nevermore Tavern Bringing a Variety of Spirits to DFW,"170 W Main St, Lewisville, TX 75057",https://whatnow.com/dallas/restaurants/nevermore-tavern-bringing-a-variety-of-spirits-to-dfw/,2026-05-09
2026-05-08,Exclusive Dallas Wine Club Headed for DC,"1115 30th St NW, Washington, DC 20007",https://whatnow.com/washington-dc/restaurants/exclusive-dallas-wine-club-headed-for-dc/,2026-05-09
2026-05-08,Migration Coffee Co. Planning Brick-and-Mortar Location | What Now Atlanta,"115 Pacific Ave, Bremen, GA 30110",https://whatnow.com/atlanta/restaurants/migration-coffee-co-planning-brick-and-mortar-location/,2026-05-08
2026-05-08,Café Under Construction in the Treme-Lafitte Area,"200 N Galvez St, New Orleans, LA 70112",https://whatnow.com/new-orleans/restaurants/cafe-under-construction-in-the-treme-lafitte-area/,2026-05-08
2026-05-08,IHOP Plans New Location in Haines City,"37051 US-27, Haines City, FL 33844",https://whatnow.com/tampa/restaurants/ihop-plans-new-location-in-haines-city/,2026-05-08
2026-05-08,Couve Carts Opening in Downtown Vancouver,"W Evergreen Blvd & Daniels St, Vancouver, WA 98660",https://whatnow.com/portland/restaurants/couve-carts-opening-in-downtown-vancouver/,2026-05-09
2026-05-08,Stoner’s Pizza Joint Plans 8 New Locations in Orlando Metro Area,,https://whatnow.com/orlando/restaurants/stoners-pizza-joint-plans-8-new-locations-in-orlando-metro-area/,2026-05-09
2026-05-08,SAVI Mexican Grill to Bring Asian-Influenced Burritos and Bowls to Elk Grove,"8234 Laguna Blvd, Suite 140, Elk Grove, CA 95758",https://whatnow.com/sacramento/restaurants/savi-mexican-grill-to-bring-asian-influenced-burritos-and-bowls-to-elk-grove/,2026-05-08
2026-05-08,New Japanese Restaurant from Indigo Road Opening in the Vandeveer,"515 N Pearl St, Jacksonville, FL 32202",https://whatnow.com/jacksonville/restaurants/new-japanese-restaurant-from-indigo-road-opening-in-the-vandeveer/,2026-05-09
2026-05-08,Owner of Candelaria Eatery & Cafe Opening Salbio Coffee & Bites,"4060 Thomas St b01, Oxford, FL 34484",https://whatnow.com/orlando/restaurants/salbio-coffee-and-bites-opening-in-oxford/,2026-05-09
2026-05-08,Lolita’s Kitchen Looks to Be Opening in Fort Meade,"400 S Charleston Ave, Fort Meade, FL 33841",https://whatnow.com/tampa/restaurants/lolitas-kitchen-looks-to-be-opening-in-fort-meade/,2026-05-09
2026-05-08,Naya Comida + Barrita Opening in Maitland,,https://whatnow.com/orlando/restaurants/naya-comida-barrita-opening-in-maitland/,2026-05-09
2026-05-08,Rising Costs Force Longtime Hollywood Burger Restaurant to Close,"7000 Hollywood Blvd, Los Angeles, CA 90028, United States",https://whatnow.com/los-angeles/restaurants/rising-costs-force-longtime-hollywood-burger-restaurant-to-close/,2026-05-08
2026-05-08,Mile Marker 803 Clubhouse Opening in Palm Coast’s European Village,"101 Palm Harbor Pkwy, Palm Coast, FL 32137",https://whatnow.com/jacksonville/restaurants/mile-marker-803-clubhouse-opening-in-palm-coasts-european-village/,2026-05-08
2026-05-08,Dragon Alley Coffee Planning To ‘Brew Magic’ In Santa Monica | What Now Los Angeles,"312 Santa Monica Blvd, Santa Monica, CA 90401",https://whatnow.com/los-angeles/restaurants/dragon-alley-coffee-planning-to-brew-magic-in-santa-monica/,2026-05-08
2026-05-08,100% Maracaibo Expanding to New Sarasota Location,"3915 N Lockwood Ridge Rd, Sarasota, FL 34234",https://whatnow.com/tampa/restaurants/100-maracaibo-expanding-to-new-sarasota-location/,2026-05-09
2026-05-08,New Jersey Mike’s Planned for Wesley Chapel’s Summertree Plaza,"32801 Eiland Blvd, Wesley Chapel, FL 33545",https://whatnow.com/tampa/restaurants/new-jersey-mikes-planned-for-wesley-chapels-summertree-plaza/,2026-05-08
2026-05-08,Jacaranda Opens In Los Angeles | What Now Los Angeles,"6623 Melrose Ave, Los Angeles, CA 90038",https://whatnow.com/los-angeles/restaurants/jacaranda-opens-in-los-angeles/,2026-05-08
2026-05-07,Lebanon’s Houston Inn Making Comeback With Elevated Steakhouse Concept,"4026 US-42, Lebanon, OH 45036, USA",https://whatnow.com/columbus/restaurants/lebanons-houston-inn-making-comeback-with-elevated-steakhouse-concept/,2026-05-07
2026-05-07,The Growth of Blazin’ Hot Chicken Continues with Planned Acadiana Location,"240 Albertson Pkwy, Broussard, LA 70518",https://whatnow.com/new-orleans/restaurants/the-growth-of-blazin-hot-chicken-continues-with-planned-acadiana-location/,2026-05-07
2026-05-07,APizza Brooklyn Resto & Vino Planning a Doral Location,"10825 NW 40th Street, Doral, FL 33178",https://whatnow.com/miami/restaurants/apizza-brooklyn-resto-vino-planning-a-doral-location/,2026-05-07
2026-05-07,Revival Cafe + Kitchen Brewing Up Seventh Location at Harvard Enterprise Research Campus,"60 Western Ave, Allston, MA 02134",https://whatnow.com/boston/restaurants/revival-cafe-kitchen-brewing-up-seventh-location-at-harvard-enterprise-research-campus/,2026-05-07
2026-05-07,FARE Continuing Chicago Growth with New Old Town Location,"868 N Wells St, Chicago, IL 60610",https://whatnow.com/chicago/restaurants/fare-continuing-chicago-growth-with-new-old-town-location/,2026-05-07
2026-05-07,Ox-B’s Expands to Marion With Seventh Central Ohio Restaurant,"172 S Main St, Marion, OH 43302, USA",https://whatnow.com/columbus/restaurants/ox-bs-expands-to-marion-with-seventh-central-ohio-restaurant/,2026-05-07
2026-05-07,"A Popular Las Vegas Bakery Closes Its Chinatown Location, New Concept Planned","3616 Spring Mountain Rd #101, Las Vegas, NV 89102",https://whatnow.com/las-vegas/restaurants/a-popular-las-vegas-bakery-closes-its-chinatown-location-new-concept-planned/,2026-05-07
2026-05-07,Well-Known Tomball Brewpub Set for Final Service on May 17,"308 Market St, Tomball, TX 77375, United States",https://whatnow.com/houston/restaurants/well-known-tomball-brewpub-set-for-final-service-on-may-17/,2026-05-07
2026-05-07,'Meso Cafe' Concept to Open on South End of Des Plaines Near O’Hare,"570 E Oakton St, Des Plaines, IL 60018",https://whatnow.com/chicago/restaurants/meso-cafe-concept-to-open-on-south-end-of-des-plaines-near-ohare/,2026-05-07
2026-05-07,Family-Owned Coffee Shop and Gym Being Built in Downtown Potterville,"217 W Main St, Potterville, MI 48876",https://whatnow.com/detroit/restaurants/family-owned-coffee-shop-and-gym-being-built-in-downtown-potterville/,2026-05-07
2026-05-07,The Abbatiello Group Acquires Shaker Cuisine & Mixologie,,https://whatnow.com/montreal/restaurants/the-abbatiello-group-acquires-shaker-cuisine-mixologie/,2026-05-07
2026-05-07,Beloved Rochester Hills Brunch Spot Set to Close This Weekend,"6920 N Rochester Rd, Rochester Hills, MI 48306",https://whatnow.com/detroit/restaurants/beloved-rochester-hills-brunch-spot-set-to-close-this-weekend/,2026-05-07
2026-05-07,All-Day Café-Bakery Coming to Hell’s Kitchen Corner,"637 10th Ave, New York, NY 10036",https://whatnow.com/new-york/restaurants/all-day-cafe-bakery-coming-to-hells-kitchen-corner/,2026-05-07
2026-05-07,Happy Belly Food Group Acquiring Stake in Ghost Taco,,https://whatnow.com/toronto/restaurants/happy-belly-food-group-acquiring-stake-in-ghost-taco/,2026-05-07
2026-05-07,M.O. Hospitality Is Bringing a Chef-Driven Restaurant to Downtown San Jose,"181 E Santa Clara St, San Jose, CA 95113",https://whatnow.com/san-francisco/restaurants/m-o-hospitality-is-bringing-a-chef-driven-restaurant-to-downtown-san-jose/,2026-05-07
2026-05-07,"Al Volo, a New Italian Concept in Pier 57, is Adding a High Line Location",15th Street Porch - High Line,https://whatnow.com/new-york/restaurants/al-volo-a-new-italian-concept-in-pier-57-is-adding-a-high-line-location/,2026-05-07
2026-05-07,Namaste Bazaar and Café Bringing Indian Groceries and Street Food to Methuen,"436 Broadway, Methuen, MA 01844",https://whatnow.com/boston/restaurants/namaste-bazaar-and-cafe-bringing-indian-groceries-and-street-food-to-methuen/,2026-05-07
2026-05-07,Valentina Italian Ristorante Opens in Fairmount This Spring,"2501 Meredith St, Philadelphia, PA 19130",https://whatnow.com/philadelphia/restaurants/landi-prendi-brings-a-20-year-dream-to-life-with-valentina-italian-ristorante-in-fairmount/,2026-05-07
2026-05-07,VIỆTVANA Phở Noodle House Planning Lenox Square Flagship | What Now Atlanta,"3393 Peachtree Rd NE, Atlanta, GA 30326",https://whatnow.com/atlanta/restaurants/vietvana-pho-noodle-house-planning-lenox-square-flagship/,2026-05-07
2026-05-07,Chinese-Influenced French Bistro Coming to the Lower East Side,"143 Orchard St, New York, NY 10002",https://whatnow.com/new-york/restaurants/chinese-influenced-french-bistro-coming-to-the-lower-east-side/,2026-05-07
2026-05-07,Bro's Hot Chicken Opening Sweetwater Location,"10899 SW 4th St, Miami, FL 33174",https://whatnow.com/miami/restaurants/bros-hot-chicken-opening-sweetwater-location/,2026-05-07
2026-05-07,Longtime New Orleans Restaurant Set to Close After 50 Years,"741 Baronne St, New Orleans, LA 70113, United States",https://whatnow.com/new-orleans/restaurants/longtime-new-orleans-restaurant-set-to-close-after-50-years/,2026-05-07
2026-05-07,"LA Cafe Concept, Kafe, Planning Toronto Expansion","1024 Queen St W, Toronto, ON M6J 1H6, Canada",https://whatnow.com/toronto/restaurants/la-cafe-concept-kafe-planning-toronto-expansion/,2026-05-07
2026-05-07,Stoner’s Pizza Joint to Light up the Plano Dining Scene,"2830 W 15th St, Plano, TX 75075",https://whatnow.com/dallas/restaurants/stoners-pizza-joint-to-light-up-the-plano-dining-scene/,2026-05-08
2026-05-07,Costa Vida Eying New DFW Home,"11480 W US Hwy 80, Forney, TX 75126",https://whatnow.com/dallas/restaurants/costa-vida-eying-new-dfw-home/,2026-05-08
2026-05-07,Doraville’s Java Saga Expanding With Alpharetta Location | What Now Atlanta,"2905 Jordan Ct h, Alpharetta, GA 30022",https://whatnow.com/atlanta/restaurants/doravilles-java-saga-expanding-with-alpharetta-location/,2026-05-08
2026-05-07,The Burnt Tongue Expanding to Burlington,"491 Appleby Line, Burlington, ON L7L 2Y1, Canada",https://whatnow.com/toronto/restaurants/the-burnt-tongue-expanding-to-burlington/,2026-05-07
2026-05-06,Gainesville to Gain South Block,"13945 Promenade Commons St, Gainesville, VA 20155",https://whatnow.com/washington-dc/restaurants/gainesville-to-gain-south-block/,2026-05-06
2026-05-06,‘The Cafe at MOTO’ to Offer Coffee Spot for Artists and Innovators in Ferndale,"721 E Saratoga St, Ferndale, MI 48220",https://whatnow.com/detroit/restaurants/the-cafe-at-moto-to-offer-coffee-spot-for-artists-and-innovators-in-ferndale/,2026-05-06
2026-05-06,Jeff's Bagel Run is Running Up the Expansion Plans with a Heights Opening,"2702 Yale St, Houston, TX 77008",https://whatnow.com/houston/restaurants/jeffs-bagel-run-is-running-up-the-expansion-plans-with-a-heights-opening/,2026-05-07
2026-05-06,Harland Brewing Co. to Open Harland Clubhouse at Mission Bay Golf Course | What Now San Diego,"2702 N Mission Bay Dr, San Diego, CA 92109",https://whatnow.com/san-diego/restaurants/harland-brewing-co-to-open-harland-clubhouse-at-mission-bay-golf-course/,2026-05-06
2026-05-06,Better Blend Making Tampa Bay Debut on June 6,"955 E Brandon Blvd, Brandon, FL 33511",https://whatnow.com/tampa/restaurants/better-blend-making-tampa-bay-debut-on-june-6/,2026-05-06
2026-05-06,Popular Alpine-Themed Restaurant in Portland Set to Close,"3384 SE Division St, Portland, OR 97202",https://whatnow.com/portland/restaurants/popular-alpine-themed-restaurant-in-portland-set-to-close/,2026-05-06
2026-05-06,Burnet To Receive New HTeaO Location | What Now Austin,"1408 S Water St, Burnet, TX 78611",https://whatnow.com/austin/restaurants/burnet-to-receive-new-hteao-location/,2026-05-06
2026-05-06,A Popular Tennessee Barbeque Brand to Open Its Largest Location Yet in Brentwood,"710 Old Hickory Blvd Suite 305, Brentwood, TN 37027",https://whatnow.com/nashville/restaurants/a-popular-tennessee-barbeque-brand-to-open-its-largest-location-yet-in-brentwood/,2026-05-06
2026-05-06,16 Handles Expands To California; 2 Units Planned for North County,,https://whatnow.com/san-diego/restaurants/16-handles-expands-to-california-2-units-planned-for-north-county/,2026-05-06
2026-05-06,"Metro Pizza, a Las Vegas Staple, to Open a Fifth Location in the Valley","8720 W Sunset Rd, Las Vegas, NV 89148",https://whatnow.com/las-vegas/restaurants/metro-pizza-a-las-vegas-staple-to-open-a-fifth-location-in-the-valley/,2026-05-07
2026-05-06,"Wine, Darling! Bringing Joyful Wine Bar Concept to Pioneer Square","313 1st Ave S, Seattle, WA 98104",https://whatnow.com/seattle/restaurants/wine-darling-bringing-joyful-wine-bar-concept-to-pioneer-square/,2026-05-06
2026-05-06,Butcher & Thief to Debut a New Brunch Menu This Mother’s Day,"8670 W Sunset Rd, Las Vegas, NV 89148, United States",https://whatnow.com/las-vegas/restaurants/butcher-thief-to-debut-a-new-brunch-menu-this-mothers-day/,2026-05-06
2026-05-06,Floretin Rooftop Bar Pairs Signature Cocktails with Stunning Views,"617 S Spring St, Los Angeles, CA",https://whatnow.com/los-angeles/restaurants/floretin-rooftop-bar-pairs-signature-cocktails-with-stunning-views/,2026-05-06
2026-05-06,Al’s Yum Yum Opening in Fruit Cove,"126 San Jose Blvd, Fruit Cove, FL 32259",https://whatnow.com/jacksonville/restaurants/als-yum-yum-opening-in-fruit-cove/,2026-05-06
2026-05-06,Smalls Sliders Slides Into South Denver With Seven-Unit Deal,,https://whatnow.com/denver/restaurants/smalls-sliders-slides-into-denver-with-seven-unit-deal-its-very-forward-its-very-gen-z/,2026-05-06
2026-05-06,Dairi-O Plans New Sanford Location for Fall 2026 Opening,,https://whatnow.com/charlotte/restaurants/dairi-o-plans-new-sanford-location-for-fall-2026-opening/,2026-05-06
2026-05-06,Sushi by Bou Coming to the Financial District,"11 Stone St, New York, NY 10004",https://whatnow.com/new-york/restaurants/sushi-by-bou-coming-to-the-financial-district/,2026-05-06
2026-05-06,Turquoise Wine Bar is Coming to The Woodlands,"7 Switchbud Pl, The Woodlands, TX 77380",https://whatnow.com/houston/restaurants/turquoise-wine-bar-is-coming-to-the-woodlands/,2026-05-06
2026-05-06,Two Parents Introducing ‘Mini City Play Cafe’ for West Town in Early Fall,"1701 W Grand Ave, Chicago, IL 60622",https://whatnow.com/chicago/restaurants/two-parents-introducing-play-cafe-to-west-town-in-early-fall/,2026-05-06
2026-05-06,Another Broken Egg Cafe Headed to Bandera Pointe in Northwest San Antonio,"11625 Bandera Rd, San Antonio, TX 78250, USA",https://whatnow.com/san-antonio/restaurants/another-broken-egg-cafe-headed-to-bandera-pointe-in-northwest-san-antonio/,2026-05-06
2026-05-06,Nutmeg Bakery and Cafe Aims to Open its Third Location,"4120 Napier St San Diego, CA 92110, USA",https://whatnow.com/san-diego/restaurants/nutmeg-bakery-and-cafe-aims-to-open-its-third-location/,2026-05-06
2026-05-06,Little Susie’s Coffee & Pies Expands to South Philly,"800 S 9th St., Philadelphia, PA 19147",https://whatnow.com/philadelphia/restaurants/little-susies-coffee-pies-expands-south-philly-footprint-wonderful-space/,2026-05-06
2026-05-06,Van Leeuwen Nearing One Loudoun Opening,"20626 Easthampton Plaza, Ashburn, VA 20147",https://whatnow.com/washington-dc/restaurants/van-leeuwen-nearing-one-loudoun-opening/,2026-05-07
2026-05-06,Denver Restaurant Leaders Gather at Trybal African Speakeasy for WhatNow Accelerate Event,"1670 Champa St, Denver, CO 80202, USA",https://whatnow.com/denver/restaurants/denver-restaurant-leaders-gather-at-trybal-african-speakeasy-for-whatnow-accelerate-event/,2026-05-06
2026-05-06,Dessert Café Planned for Hot Plaza in Baton Rouge,"7474 Corporate Blvd, Baton Rouge, LA 70809",https://whatnow.com/new-orleans/restaurants/dessert-cafe-planned-for-hot-plaza-in-baton-rouge/,2026-05-06
2026-05-06,CeOs Coffee Plans for Sunrise Manor Opening,"5130 E Charleston Blvd, Las Vegas, NV 89142",https://whatnow.com/las-vegas/restaurants/ceos-coffee-plans-for-sunrise-manor-opening/,2026-05-06
2026-05-06,Sake Bar Gaga to Debut in San Diego Next Month,"634 14th St, San Diego, CA 92101",https://whatnow.com/san-diego/restaurants/sake-bar-gaga-to-debut-in-san-diego-next-month/,2026-05-06
2026-05-06,Owner of Trompeau Bakery Preparing Third Location in Cherry Creek,"3239 E 2nd Ave, Denver, CO 80206",https://whatnow.com/denver/restaurants/owner-of-trompeau-bakery-preparing-third-location-in-cherry-creek/,2026-05-06
2026-05-06,La Catrachita Expands to Northeast Philly With Halal Twist,"8016 Frankford Ave., Philadelphia, PA 19136",https://whatnow.com/philadelphia/restaurants/la-catrachita-expands-to-northeast-philly-with-halal-twist/,2026-05-06
2026-05-06,Chamblee Tap and Market Secures New Building In Kennesaw | What Now Atlanta,"2881 N Main St, Kennesaw, GA 30144",https://whatnow.com/atlanta/restaurants/chamblee-tap-and-market-secures-new-building-in-kennesaw/,2026-05-06
2026-05-06,El Palacio de los Jugos is Opening in North Miami,"12500 Biscayne Blvd, Miami, FL 33181",https://whatnow.com/miami/restaurants/el-palacio-de-los-jugos-is-opening-in-north-miami/,2026-05-06
2026-05-06,Cook Out Expands Footprint With Thomasville Land Purchase as Charlotte Location Takes Shape,"10820 Woodland Beaver Rd, Charlotte, NC 28215, USA",https://whatnow.com/charlotte/restaurants/cook-out-expands-footprint-with-thomasville-land-purchase-as-charlotte-location-takes-shape/,2026-05-06
2026-05-06,Pastaphony Expanding To Long Beach This Summer Alongside Coffee Concept | What Now Los Angeles,"210 E 3rd St, Long Beach, CA 90802",https://whatnow.com/los-angeles/restaurants/pastaphony-expanding-to-long-beach-this-summer/,2026-05-07
2026-05-06,Tropical Smoothie Cafe Headed to Neptune Beach,"628 Atlantic Blvd, Neptune Beach, FL 32266",https://whatnow.com/jacksonville/restaurants/tropical-smoothie-cafe-headed-to-neptune-beach/,2026-05-06
2026-05-06,New Coffee Shop Planned for Holmes Beach,"5400 Marina Dr, Holmes Beach, FL 34217",https://whatnow.com/tampa/restaurants/new-coffee-shop-planned-for-holmes-beach/,2026-05-06
2026-05-06,New Orleans Restaurateurs and Industry Leaders Come Together for What Now Media Group’s Accelerate Event,,https://whatnow.com/new-orleans/restaurants/what-now-media-groups-accelerate-event/,2026-05-06
2026-05-06,NYC Staple Joe's Pizza Expanding to the Fenway,"1363 Boylston St, Boston, MA 02215",https://whatnow.com/boston/restaurants/nyc-staple-joes-pizza-expanding-to-the-fenway/,2026-05-06
2026-05-06,"Born as a Coffee Cart, Barakah Beans Plans First Brick-and-Mortar Location","3262 Vineland Rd, Kissimmee, FL 34746",https://whatnow.com/orlando/restaurants/born-as-coffee-cart-barakah-beans-plans-first-brick-and-mortar-location/,2026-05-06
2026-05-06,Shaah & Sheeko Eyeing June Opening in Renton,"16928 116th Ave SE Renton, WA 98058",https://whatnow.com/seattle/restaurants/shaah-sheeko-eyeing-june-opening-in-renton/,2026-05-07
2026-05-05,16 Handles Slated To Join San Fernando Valley Amid Entry Into California | What Now Los Angeles,,https://whatnow.com/los-angeles/restaurants/16-handles-slated-to-join-san-fernando-valley-amid-entry-into-california/,2026-05-05
2026-05-05,Good BBQ Company Expanding To Hudson Bend | What Now Austin,"3519 Ranch Rd 620 N, Austin, TX 78734",https://whatnow.com/austin/restaurants/good-bbq-company-expanding-to-hudson-bend/,2026-05-05
2026-05-05,Pizza Shop ‘In Crust We Trust’ Set to Open in Fishtown,"965 Frankford Ave., Philadelphia, PA 19125",https://whatnow.com/philadelphia/restaurants/pizza-shop-in-crust-we-trust-brings-southern-inspired-slices-to-fishtown/,2026-05-05
2026-05-05,What Now Portland Turns Breakside Brewery Into a Meeting Point for Restaurant Operators and Leaders,"1570 NW 22nd Ave, Portland, OR 97210, USA",https://whatnow.com/portland/restaurants/what-now-portland-turns-breakside-brewery-into-a-meeting-point-for-restaurant-operators-and-leaders/,2026-05-05
2026-05-05,Ajua Mexican Kitchen & Bar Brings a Flavor-Driven Experience to Jacksonville Beach,"107 2nd Ave N, Jacksonville Beach, FL 32250",https://whatnow.com/jacksonville/restaurants/ajua-mexican-kitchen-bar-brings-a-flavor-driven-experience-to-jacksonville-beach/,2026-05-05
2026-05-05,Restaurant Opened in Memory of Cousin Announces Unexpected Closure,"954 US-6, Mahopac, NY 10541, United States",https://whatnow.com/new-york/restaurants/restaurant-opened-in-memory-of-cousin-announces-unexpected-closure/,2026-05-05
2026-05-05,"Eldorado Cafe Expanding, Planning Renovations | What Now Austin","3300 W Anderson Ln. #303, Austin, TX 78757",https://whatnow.com/austin/restaurants/eldorado-cafe-expanding-planning-renovations/,2026-05-05
2026-05-05,Italian Bakery Giulia Expanding To Alpharetta | What Now Atlanta,"2001 Commerce St, Alpharetta, GA 30009",https://whatnow.com/atlanta/restaurants/italian-bakery-giulia-expanding-to-alpharetta/,2026-05-05
2026-05-05,Beloved Asian-Inspired Restaurant and Cocktail Bar in Denver Set to Close,"800 Sherman St, Denver, CO 80203",https://whatnow.com/denver/restaurants/beloved-asian-inspired-restaurant-and-cocktail-bar-in-denver-set-to-close/,2026-05-05
2026-05-05,New Restaurant Slated For Tech Ridge Center | What Now Austin,"500 W Canyon Ridge Dr, Austin, TX 78753",https://whatnow.com/austin/restaurants/new-restaurant-slated-for-tech-ridge-center/,2026-05-05
2026-05-05,Läderach Chocolate to Remodel Its Galleria Mall Location,"5135 W Alabama St, Houston, TX 77056",https://whatnow.com/houston/restaurants/laderach-chocolate-to-remodel-its-galleria-mall-location/,2026-05-06
2026-05-05,Summer Moon Coffee Files Papers for New DFW Location,"4325 W University Dr #10, Prosper, TX 75078",https://whatnow.com/dallas/restaurants/summer-moon-coffee-files-papers-for-new-dfw-location/,2026-05-06
2026-05-05,Field Day to Bring Foraged Cocktails to Philly's NoLibs,"923 N 2nd St. Philadelphia, PA 19123",https://whatnow.com/philadelphia/restaurants/field-day-to-bring-foraged-cocktails-to-northern-liberties-hyper-local-hyper-seasonal-approach/,2026-05-05
2026-05-05,Table 42 to Serve American and International Cuisine in Downtown Farmington,"32821 Grand River Ave, Farmington, MI 48336",https://whatnow.com/detroit/restaurants/table-42-to-serve-american-and-international-cuisine-in-downtown-farmington/,2026-05-05
2026-05-05,Jacksonville Restaurateurs and Industry Leaders Connect at What Now Media Group’s Accelerate Event,"107 2nd Ave N, Jacksonville Beach, FL 32250",https://whatnow.com/jacksonville/restaurants/jacksonville-restaurateurs-and-industry-leaders-connect-at-what-now-media-groups-accelerate-event/,2026-05-05
2026-05-05,Phil’s BBQ Planning First Arizona Location in Chandler,"3440 W Chandler Blvd, Chandler, AZ 85226",https://whatnow.com/phoenix/restaurants/phils-bbq-planning-first-arizona-location-in-chandler/,2026-05-05
2026-05-05,Amore Mio Builds Momentum in St. John’s County,"4021 County Rd 210 Ste 3, St Johns, FL 32259",https://whatnow.com/jacksonville/restaurants/amore-mio-builds-momentum-in-st-johns-county/,2026-05-06
2026-05-05,"Las Vegas Jerkys to Open in the ""Mini Mall at Charleston""","3100 E Charleston Blvd, Las Vegas, NV 89104",https://whatnow.com/las-vegas/restaurants/las-vegas-jerkys-to-open-in-the-mini-mall-at-charleston/,2026-05-06
2026-05-05,Johnny’s Kitchen and Tap in Glenview Shifting to New Concept This June,"1740 Milwaukee Ave, Glenview, IL 60025",https://whatnow.com/chicago/restaurants/johnnys-kitchen-and-tap-in-glenview-shifting-to-new-concept-this-june/,2026-05-05
2026-05-05,Dive In Food and Spirits to Open Neighborhood Bar Downtown,"525 Meeting St. Charleston, SC 29403",https://whatnow.com/charleston/restaurants/dive-in-food-and-spirits-brings-new-neighborhood-bar-to-charleston/,2026-05-05
2026-05-04,Crumbl Expanding To Edgewood Retail District This Summer | What Now Atlanta,"1250 Caroline St NE, Atlanta, GA 30307",https://whatnow.com/atlanta/restaurants/crumbl-expanding-to-edgewood-retail-district-this-summer/,2026-05-05
2026-05-04,Pali’s Ice Cream Co. to Open in Northeast Philadelphia,"7302 Rising Sun Ave. Philadelphia, PA 19111",https://whatnow.com/philadelphia/restaurants/palis-ice-cream-company-to-open-brick-and-mortar-shop-in-northeast-philadelphia/,2026-05-05
2026-05-04,Hamsa Mediterranean Grill to Open Second Location,"2101 S Decatur Blvd, Las Vegas, NV 89102",https://whatnow.com/las-vegas/restaurants/hamsa-mediterranean-grill-to-open-second-location/,2026-05-05
2026-05-04,Tacos Frontera to Open in the Marq-E Entertainment Center,"7620 Katy Fwy, Houston, TX 77024",https://whatnow.com/houston/restaurants/tacos-frontera-to-open-in-the-marq-e-entertainment-center/,2026-05-05
2026-05-04,New Coffee and Donut Concept in the Works for South Shore,"7104 S Jeffery Blvd, Chicago, IL 60649",https://whatnow.com/chicago/restaurants/new-coffee-and-donut-concept-in-the-works-for-south-shore/,2026-05-05
2026-05-04,Soda Club to Open at Denver’s Ramble Hotel This Summer,"1260 25th St. Denver, CO 80202",https://whatnow.com/denver/restaurants/michelin-recognized-soda-club-to-debut-in-denvers-ramble-hotel-this-summer/,2026-05-04
2026-05-04,Call Your Mother Expands to Philly's Rittenhouse Square,"262 S 19th St., Philadelphia, PA 19103",https://whatnow.com/philadelphia/restaurants/call-your-mother-expands-to-rittenhouse-square-in-former-metropolitan-bakery-space/,2026-05-04
2026-05-04,Cozy Italian Restaurant Coming to the East Village Location,"435 E 9th St, New York, NY 10009",https://whatnow.com/new-york/restaurants/cozy-italian-restaurant-coming-to-the-east-village-location/,2026-05-04
2026-05-04,A Popular Café in a Detroit Suburb Has Shut Down,"770 Woodward Heights, Ferndale, MI 48220",https://whatnow.com/detroit/restaurants/a-popular-cafe-in-a-detroit-suburb-has-shut-down/,2026-05-04
2026-05-04,A 46-Year-Old Seafood Market Has Closed in in Dana Point Harbor,"34665 Golden Lantern, Dana Point, CA 92629, United States",https://whatnow.com/orange-county/restaurants/a-46-year-old-seafood-market-has-closed-in-in-dana-point-harbor/,2026-05-04
2026-05-04,Dish’s Bagels and Other Atlanta Restaurant Openings We Uncovered Last Week (April 27-May 1),,https://whatnow.com/atlanta/restaurants/dishs-bagels-and-other-atlanta-restaurant-openings-we-uncovered-last-week-april-27-may-1/,2026-05-04
2026-05-04,A Houston Neighborhood Restaurant Known for Loaded Fries Has Closed,"5322 Antoine Dr, Houston, TX 77091",https://whatnow.com/houston/restaurants/a-houston-neighborhood-restaurant-known-for-loaded-fries-has-closed/,2026-05-04
2026-05-04,"Breakside Brewery Reflects on Growth, Challenges, and Staying Power in Portland’s Beer Scene","1570 NW 22nd Ave, Portland, OR 97210, USA",https://whatnow.com/portland/restaurants/breakside-brewery-reflects-on-growth-challenges-and-staying-power-in-portlands-beer-scene/,2026-05-05
2026-05-04,"Blue Ribbon Sushi Returning To Palisades Village, Adding Omakase Concept | What Now Los Angeles","15225 Palisades Village Ln, Pacific Palisades, CA 90272",https://whatnow.com/los-angeles/restaurants/blue-ribbon-sushi-returning-to-palisades-village-adding-omakase-concept/,2026-05-05
2026-05-03,Murphy’s Law Brewery & Pizza Readying Burleson Debut,"309 W Hidden Creek Pkwy, Burleson, TX 76028",https://whatnow.com/dallas/restaurants/murphys-law-brewery-pizza-readying-burleson-debut/,2026-05-04
2026-05-03,Latest from TEKILA Group Nears Opening,"181 Norfleet Dr, Senatobia, MS 38668",https://whatnow.com/memphis/restaurants/latest-from-tekila-group-nears-opening/,2026-05-04
2026-05-03,Burleson to Trade Tacos for Chicken,"205 NE Wilshire Blvd, Burleson, TX 76028",https://whatnow.com/dallas/restaurants/burleson-to-trade-tacos-for-chicken/,2026-05-04
2026-05-03,Giordano’s Pizza to Help DC Greet the Heat,"600 14th St NW, Washington, DC 20005",https://whatnow.com/washington-dc/restaurants/giordanos-pizza-to-help-dc-greet-the-heat/,2026-05-04
2026-05-03,Playa Bowls Sets Grand Opening for Collierville Location,"1335 W Poplar Ave, Collierville, TN 38017",https://whatnow.com/memphis/restaurants/playa-bowls-sets-grand-opening-for-collierville-location/,2026-05-04
2026-05-03,Ritual Bistro Brewing up May Opening,"505 S Main St, Memphis, TN 38103",https://whatnow.com/memphis/restaurants/ritual-bistro-brewing-up-may-opening/,2026-05-04
2026-05-03,Cafe Momentum Bringing Good Food and Social Justice to New Flagship Location,"3001 Greenwood St, Dallas, TX 75204",https://whatnow.com/dallas/restaurants/cafe-momentum-bringing-good-food-and-social-justice-to-new-flagship-location/,2026-05-04
2026-05-02,Cooper’s Hawk Winery and Restaurant Preparing for Woodbridge Opening,"14901 Potomac Town Pl, Woodbridge, VA 22191",https://whatnow.com/washington-dc/restaurants/coopers-hawk-winery-and-restaurant-preparing-for-woodbridge-opening/,2026-05-04
2026-05-02,Chef-Driven Ramen Shop Coming to the East Village,"218 E 10th St, New York, NY 10003",https://whatnow.com/new-york/restaurants/chef-driven-ramen-shop-coming-to-the-east-village/,2026-05-04
2026-05-02,Kirby Ice House Hoping to Establish Irving Presence,"1251 W Royal Ln, Irving, TX 75039",https://whatnow.com/dallas/restaurants/kirby-ice-house-hoping-to-establish-irving-presence/,2026-05-04
2026-05-02,Café Monet to Prove Great Dining is an Art,"6910 Fleetwood Rd, McLean, VA 22101",https://whatnow.com/washington-dc/restaurants/cafe-monet-to-prove-great-dining-is-an-art/,2026-05-04
2026-05-02,Angelo’s Pizza Pasta and Deli Heading to Gaithersburg,"18251 Flower Hill Way, Gaithersburg, MD 20879",https://whatnow.com/washington-dc/restaurants/angelos-pizza-pasta-and-deli-heading-to-gaithersburg/,2026-05-04
2026-05-01,Two Las Vegas Restaurants Ranked Among the U.S. Highest-Rated Independent Eateries,,https://whatnow.com/las-vegas/restaurants/two-las-vegas-restaurants-ranked-among-the-u-s-highest-rated-independent-eateries/,2026-05-04
2026-05-01,A 33-Year-Old Southern California Seafood Spot Is Closing,"17260 17th St, Tustin, CA 92780",https://whatnow.com/orange-county/restaurants/a-33-year-old-southern-california-seafood-spot-is-closing/,2026-05-04
2026-05-01,Pickled Pig Kitchen & Bar Expanding to Garson,"3098 Falconbridge Hwy #2, Garson, ON P3L 1J4, Canada",https://whatnow.com/toronto/restaurants/pickled-pig-kitchen-bar-expanding-to-garson/,2026-05-04
2026-05-01,New Restaurant Concept Quietly Taking Shape in Downtown Truckee,"11197 Brockway Rd, Suites D1-D4, Truckee, CA 96161",https://whatnow.com/sacramento/restaurants/new-restaurant-concept-quietly-taking-shape-in-downtown-truckee/,2026-05-04
2026-05-01,New Eggdose Planned on West Colonial Drive in Winter Garden,"12615 W Colonial Dr, Winter Garden, FL 34787",https://whatnow.com/orlando/restaurants/new-eggdose-planned-on-west-colonial-drive-in-winter-garden/,2026-05-04
2026-05-01,Better Buzz Coffee Interested in Expanding in Vista,"1650 S Melrose Dr, Vista, CA 92081",https://whatnow.com/san-diego/restaurants/better-buzz-coffee-interested-in-expanding-in-vista/,2026-05-04
2026-05-01,Hold Out Brewing Takes Over Turnstile Bar and Restaurant | What Now Austin,"10025 Burnet Rd, Austin, TX 78758",https://whatnow.com/austin/restaurants/hold-out-brewing-takes-over-turnstile-bar-and-restaurant/,2026-05-04
2026-05-01,Far Cry Opening in the Former Bad Habit Room Space,"5433 N Michigan Ave, Portland, OR 97217",https://whatnow.com/portland/restaurants/far-cry-opening-in-the-former-bad-habit-room-space/,2026-05-04
2026-05-01,M Shack Plans Expansion to Second Location,,https://whatnow.com/jacksonville/restaurants/m-shack-plans-expansion-to-second-location/,2026-05-04
2026-05-01,A 141-Year-Old Texas Candy Chain Announces Closure of Its Stores,,https://whatnow.com/austin/restaurants/a-141-year-old-texas-candy-chain-announces-closure-of-its-stores/,2026-05-04
2026-05-01,Faraway Joe’s Looks to Be Opening in Tarpon Springs,"320 E Tarpon Ave, Tarpon Springs, FL 34689",https://whatnow.com/tampa/restaurants/faraway-joes-looks-to-be-opening-in-tarpon-springs/,2026-05-04
2026-05-01,Fat Rabbit Expanding Existing Site in St. Catharines,"34 Geneva St, St. Catharines, ON L2R 4M4, Canada",https://whatnow.com/toronto/restaurants/fat-rabbit-expanding-existing-site-in-st-catharines/,2026-05-04
2026-05-01,Kawa Bringing European Café Charm to Boston's South End,"655 Tremont St, Boston, MA 02118",https://whatnow.com/boston/restaurants/kawa-bringing-european-cafe-charm-to-bostons-south-end/,2026-05-04
2026-05-01,Ascension Coffee Brewing New DFW Location this Summer,"100 State St, Southlake, TX 76092",https://whatnow.com/dallas/restaurants/ascension-coffee-brewing-new-dfw-location-this-summer/,2026-05-04
2026-05-01,Evolution Nightclub Set to Transform Former Chando’s Cantina Space in Downtown Sacramento,"805 15th St, Sacramento, CA 95814",https://whatnow.com/sacramento/restaurants/evolution-nightclub-set-to-transform-former-chandos-cantina-space-in-downtown-sacramento/,2026-05-04
2026-05-01,The Abigaile Opening in Auburndale,"117 E Lake Ave, Auburndale, FL 33823",https://whatnow.com/tampa/restaurants/the-abigaile-opening-in-auburndale/,2026-05-04
2026-05-01,Otori Sushi Plans Second Location for Late Summer,"40101 Monterey Ave, Rancho Mirage, CA 92270",https://whatnow.com/orange-county/restaurants/otori-sushi-plans-second-location-for-late-summer/,2026-05-04
2026-05-01,Chez TJ and Two Other San Francisco Eateries Close in April 2026,,https://whatnow.com/san-francisco/restaurants/chez-tj-and-two-other-san-francisco-eateries-close-in-april-2026/,2026-05-04
2026-05-01,"Matices Bringing ""Ingredient-Driven"" Dining Experience to Truckee This Spring","10164 Donner Pass Rd, Suites 2 & 3, Truckee, CA 96161",https://whatnow.com/sacramento/restaurants/matices-bringing-ingredient-driven-dining-experience-to-truckee-this-spring/,2026-05-04
2026-05-01,Sip Fresh expands to Orange County,"20 City Blvd W, Orange, CA",https://whatnow.com/orange-county/restaurants/sip-fresh-expands-to-orange-county/,2026-05-04
2026-05-01,Farrelli’s Pizza Expanding to Enumclaw This Summer,"1324 Roosevelt Ave E, Enumclaw, WA 98022",https://whatnow.com/seattle/restaurants/farrellis-pizza-expanding-to-enumclaw-this-summer/,2026-05-04
2026-05-01,4 Rivers Smokehouse Opening in Orlando International Airport,"9102 Jeff Fuqua Blvd #1521, Orlando, FL 32827",https://whatnow.com/orlando/restaurants/4-rivers-smokehouse-opening-in-orlando-international-airport/,2026-05-04
2026-05-01,Thalassa to Bring Mediterranean Cafe and Culture to Philly,"918 N 28th St. Philadelphia, PA 19130",https://whatnow.com/philadelphia/restaurants/thalassa-to-bring-mediterranean-culture-to-phillys-fairmount-neighborhood/,2026-05-04
2026-05-01,Straightaway Cocktails Opening Full Cocktail Lounge at PDX This June,"7000 NE Airport Way, Portland, OR 97218",https://whatnow.com/portland/restaurants/straightaway-cocktails-opening-full-cocktail-lounge-at-pdx-this-june/,2026-05-04
2026-05-01,"Obon Bringing Ramen, Sushi and Cocktails to PV in North Phoenix","4568 E Cactus Rd, Phoenix, AZ 85032",https://whatnow.com/phoenix/restaurants/obon-bringing-ramen-sushi-and-cocktails-to-pv-in-north-phoenix/,2026-05-04
2026-05-01,Matthieu Pepper Launching Bagel Shop in Hochelaga-Maisonneuve,,https://whatnow.com/montreal/restaurants/matthieu-pepper-launching-bagel-shop-in-hochelaga-maisonneuve/,2026-05-04
2026-05-01,The Way West Opening at Jackstraw This Summer,"310 SW Industrial Way, Bend, OR 97702",https://whatnow.com/portland/restaurants/the-way-west-opening-at-jackstraw-this-summer/,2026-05-04
2026-05-01,New Café Concept Evolving in Loehmann’s Plaza,"2543 Fair Oaks Blvd, Sacramento, CA 95825",https://whatnow.com/sacramento/restaurants/new-cafe-concept-evolving-in-loehmanns-plaza/,2026-05-04
2026-05-01,Phinista Cafe Bringing Vietnamese-French Fusion Fare to Packard's Corner,"1092 Commonwealth Ave, Boston, MA 02134",https://whatnow.com/boston/restaurants/phinista-cafe-bringing-vietnamese-french-fusion-fare-to-packards-corner/,2026-05-04
2026-05-01,Cosa Nostra Italian Deli Plans Winter Garden Opening,"32 W Plant St, Winter Garden, FL 34787",https://whatnow.com/orlando/restaurants/cosa-nostra-italian-deli-plans-winter-garden-opening/,2026-05-04
2026-05-01,Bluto’s Working to Reopen Beaverton Location This Summer,"12555 SW 1st St, Beaverton, OR 97005",https://whatnow.com/portland/restaurants/blutos-working-to-reopen-beaverton-location-this-summer/,2026-05-04
2026-05-01,Experience Social Bringing Large-Scale Pinball and Arcade Venue to Ottawa,"250 Greenbank Rd, Nepean, ON K2H 8P6, Canada",https://whatnow.com/montreal/restaurants/experience-social-bringing-large-scale-pinball-and-arcade-venue-to-ottawa/,2026-05-04
2026-05-01,Owners of Two Lansing-Area Food Trucks Debuting Brick-and-Mortar in Okemos,"2398 Jolly Rd, Okemos, MI 48864",https://whatnow.com/detroit/restaurants/owners-of-two-lansing-area-food-trucks-debuting-brick-and-mortar-in-okemos/,2026-05-04
2026-05-01,"Bourbon Steak Nashville Renovation Underway at JW Marriott Nashville, $2.4M Upgrade","201 8th Ave S, Nashville, TN 37203, USA",https://whatnow.com/nashville/restaurants/bourbon-steak-nashville-renovation-underway-at-jw-marriott-nashville-2-4m-upgrade/,2026-05-04
2026-05-01,Every Little Thing Expands With Cherry Creek Location,"2810 E 3rd Ave. Denver, CO 80206",https://whatnow.com/denver/restaurants/green-collective-eatery-rebrands-as-every-little-thing-expands-to-cherry-creek/,2026-05-04
2026-05-01,Buddha Bowls & Rolls to Take Over Former Chando's Tacos Space in East Sacramento,"5644 J St, Sacramento, CA 95819",https://whatnow.com/sacramento/restaurants/buddha-bowls-rolls-to-take-over-former-chandos-tacos-space-in-east-sacramento/,2026-05-04
2026-05-01,Chilly Philly Ice & Bites to Bring Cool Treats to the Valley,"5560 E Lake Mead Blvd, Las Vegas, NV 89156",https://whatnow.com/las-vegas/restaurants/chilly-philly-ice-bites-to-bring-cool-treats-to-the-valley/,2026-05-04
2026-05-01,Harmonies Pizza and Ice Cream Replacing Gracie’s Apizza,"7304 N Leavitt Ave, Portland, OR 97203",https://whatnow.com/portland/restaurants/harmonies-pizza-and-ice-cream-replacing-gracies-apizza/,2026-05-04
2026-05-01,Clarke’s and Two Other Established Boston Restaurants Close in April 2026,,https://whatnow.com/boston/restaurants/clarkes-and-two-other-established-boston-restaurants-close-in-april-2026/,2026-05-04
2026-05-01,Pekara Bakery and Bistro on the Way Back to Downtown Champaign,"500 N Walnut St, Champaign, IL 61820",https://whatnow.com/chicago/restaurants/pekara-bakery-and-bistro-on-the-way-back-to-downtown-champaign/,2026-05-04
2026-05-01,Kusi Opening First Permanent Home in Chinatown,"77 Grange Ave, Toronto, ON M5T 1E2, Canada",https://whatnow.com/toronto/restaurants/kusi-opening-first-permanent-home-in-chinatown/,2026-05-04
