state,company,city,notice_date,layoff_date,employees_affected,closure_type,notes,Unnamed: 0,Worker Adjustment and Retraining Notification (WARN) List,Unnamed: 2,Unnamed: 3,Unnamed: 4,Unnamed: 5,Unnamed: 6
Oregon,,,,,,,,,WARNs Received: 5/7/2016 to 5/7/2026,,,,,
Oregon,,,,,,,,WARN#,Company Name,Location,Layoff Date,Laid Off,Layoff Type,Received Date
Oregon,,,,,,,,9495,"Prineville, OR Facility",Prineville,2026-06-28 00:00:00,66,Large Layoff - 10 or more workers,2026-04-29 00:00:00
Oregon,,,,,,,,9470,Direct Marketing Solutions,Portland,2026-06-05 00:00:00,53,Large Layoff - 10 or more workers,2026-04-06 00:00:00
Oregon,,,,,,,,9470,Sumner St - Portland,Portland,2026-06-05 00:00:00,53,Large Layoff - 10 or more workers,2026-04-06 00:00:00
Oregon,,,,,,,,9474,Troutdale Facility,Troutdale,2026-09-30 00:00:00,65,Large Layoff - 10 or more workers,2026-04-02 00:00:00
Oregon,,,,,,,,9473,Sunstone Way,Portland,2026-06-30 00:00:00,175,Permanent closure,2026-03-27 00:00:00
Oregon,,,,,,,,9465,Horizon Air - Rogue Valley Internationa,Medford,2026-05-31 00:00:00,78,Large Layoff - 10 or more workers,2026-03-26 00:00:00
Oregon,,,,,,,,9446,Albany/Millersburg,Albany,2026-04-19 00:00:00,1,Reduction,2026-02-13 00:00:00
Oregon,,,,,,,,9446,Oregon - Remote Employees,,2026-04-19 00:00:00,2,Reduction,2026-02-13 00:00:00
Oregon,,,,,,,,9436,Riddle Plywood facility ,Riddle,2026-04-05 00:00:00,146,Large Layoff - 10 or more workers,2026-02-04 00:00:00
Oregon,,,,,,,,9434,Kroger-00255,Portland,2026-04-05 00:00:00,4,Permanent closure,2026-01-29 00:00:00
Oregon,,,,,,,,9434,Kroger-00153,Happy Valley,2026-04-05 00:00:00,4,Permanent closure,2026-01-29 00:00:00
Oregon,,,,,,,,9434,Kroger-00075-Prime,Portland,2026-04-05 00:00:00,4,Permanent closure,2026-01-29 00:00:00
Oregon,,,,,,,,9434,Kroger-00063,Clackamas,2026-04-05 00:00:00,4,Permanent closure,2026-01-29 00:00:00
Oregon,,,,,,,,9434,Kroger-00127-Prime,Powell Valley,2026-04-05 00:00:00,4,Permanent closure,2026-01-29 00:00:00
Oregon,,,,,,,,9434,Kroger-00040,Portland,2026-04-05 00:00:00,4,Permanent closure,2026-01-29 00:00:00
Oregon,,,,,,,,9434,Kroger-00128-Prime,Portland,2026-04-05 00:00:00,4,Permanent closure,2026-01-29 00:00:00
Oregon,,,,,,,,9434,Kroger-00035,Beaverton,2026-04-05 00:00:00,3,Permanent closure,2026-01-29 00:00:00
Oregon,,,,,,,,9434,Kroger-00360-Prime,Portland,2026-04-05 00:00:00,4,Permanent closure,2026-01-29 00:00:00
Oregon,,,,,,,,9434,Kroger-00240,Milwaukie,2026-04-05 00:00:00,4,Permanent closure,2026-01-29 00:00:00
Oregon,,,,,,,,9434,Kroger-00125-Prime,North Tabor,2026-04-05 00:00:00,4,Permanent closure,2026-01-29 00:00:00
Oregon,,,,,,,,9434,Kroger-00090,Salem,2026-04-05 00:00:00,4,Permanent closure,2026-01-29 00:00:00
Oregon,,,,,,,,9434,Kroger-00150-Prime,Portland,2026-04-05 00:00:00,4,Permanent closure,2026-01-29 00:00:00
Oregon,,,,,,,,9434,Kroger-00135,Portland,2026-04-05 00:00:00,4,Permanent closure,2026-01-29 00:00:00
Oregon,,,,,,,,9434,Kroger-00600-Prime,Portland,2026-04-05 00:00:00,4,Permanent closure,2026-01-29 00:00:00
Oregon,,,,,,,,9434,"Lincare-Brookings, OR",Brookings,2026-04-05 00:00:00,3,Permanent closure,2026-01-29 00:00:00
Oregon,,,,,,,,9434,Kroger-00516,Wilsonville,2026-04-05 00:00:00,3,Permanent closure,2026-01-29 00:00:00
Oregon,,,,,,,,9434,Kroger-00417,Eugene,2026-04-05 00:00:00,3,Permanent closure,2026-01-29 00:00:00
Oregon,,,,,,,,9434,Kroger-00660,Wood Village,2026-04-05 00:00:00,3,Permanent closure,2026-01-29 00:00:00
Oregon,,,,,,,,9429,Eugene Location,Eugene,2026-03-31 00:00:00,39,Permanent closure,2026-01-29 00:00:00
Oregon,,,,,,,,9429,Bend Location,Bend,2026-03-31 00:00:00,26,Permanent closure,2026-01-29 00:00:00
Oregon,,,,,,,,9429,"Three Pirates, LLC dba Point Blank Dist",Portland,2026-03-31 00:00:00,112,Permanent closure,2026-01-29 00:00:00
Oregon,,,,,,,,9420,Oregon - Remote Employees,,2026-03-10 00:00:00,1,Permanent closure,2026-01-08 00:00:00
Oregon,,,,,,,,9415,Vacuum Technique LLC,Clackamas,2026-04-30 00:00:00,78,Permanent closure,2025-12-29 00:00:00
Oregon,,,,,,,,9414,"Solgen Power, LLC dba Purelight Power",Medford,2025-12-23 00:00:00,71,Permanent closure,2025-12-23 00:00:00
Oregon,,,,,,,,9414,Administrative Office,Medford,2025-12-23 00:00:00,13,Permanent closure,2025-12-23 00:00:00
Oregon,,,,,,,,9414,Oregon - Remote Employees,,2025-12-23 00:00:00,25,Permanent closure,2025-12-23 00:00:00
Oregon,,,,,,,,9408,Wells Fargo and Company - 5th Ave. Port,Portland,2026-02-06 00:00:00,3,Reduction,2025-12-09 00:00:00
Oregon,,,,,,,,9402,Nordstrom Portland Rack,Portland,2026-01-31 00:00:00,37,Permanent closure,2025-12-01 00:00:00
Oregon,,,,,,,,9401,Vibra Specialty Hospital of Portland,Portland,2026-02-01 00:00:00,310,Permanent closure,2025-12-01 00:00:00
Oregon,,,,,,,,9392,Oregon - Remote Employees,,2026-02-01 00:00:00,1,Reduction,2025-11-20 00:00:00
Oregon,,,,,,,,9389,Aloha Facility,Aloha,2025-09-16 00:00:00,41,Large Layoff - 10 or more workers,2025-11-13 00:00:00
Oregon,,,,,,,,9389,"Century Blvd., Hillsboro",Hillsboro,2025-09-16 00:00:00,510,Large Layoff - 10 or more workers,2025-11-13 00:00:00
Oregon,,,,,,,,9389,"25th Ave., Hillsboro",Hillsboro,2025-09-16 00:00:00,76,Large Layoff - 10 or more workers,2025-11-13 00:00:00
Oregon,,,,,,,,9389,"Elam Young Pkwy., Hillsboro",Hillsboro,2025-09-16 00:00:00,42,Large Layoff - 10 or more workers,2025-11-13 00:00:00
Oregon,,,,,,,,9376,Wells Fargo and Company - 5th Ave. Port,Portland,2025-12-26 00:00:00,34,Large Layoff - 10 or more workers,2025-10-28 00:00:00
Oregon,,,,,,,,9375,Wells Fargo and Company - Hawthorne Ave,Salem,2025-12-26 00:00:00,147,Large Layoff - 10 or more workers,2025-10-28 00:00:00
Oregon,,,,,,,,9374,Wells Fargo and Company - Walker Rd. Hi,Hillsboro,2026-03-20 00:00:00,2,Reduction,2025-10-28 00:00:00
Oregon,,,,,,,,9374,Wells Fargo and Company - Walker Rd. Hi,Hillsboro,2025-12-26 00:00:00,263,Permanent closure,2025-10-28 00:00:00
Oregon,,,,,,,,9377,Pacific Source - Bend,Bend,2025-12-31 00:00:00,52,Reduction,2025-10-24 00:00:00
Oregon,,,,,,,,9377,Pacific Source - Medford,Medford,2025-12-31 00:00:00,1,Reduction,2025-10-24 00:00:00
Oregon,,,,,,,,9377,Pacific Source - Portland,Portland,2025-12-31 00:00:00,38,Reduction,2025-10-24 00:00:00
Oregon,,,,,,,,9377,Pacific Source,Springfield,2025-12-31 00:00:00,153,Large Layoff - 10 or more workers,2025-10-24 00:00:00
Oregon,,,,,,,,9377,Pacific Source - Salem,Salem,2025-12-31 00:00:00,21,Reduction,2025-10-24 00:00:00
Oregon,,,,,,,,9357,"Bags, A Metropolis Company - Portland",Portland,2025-11-17 00:00:00,157,Large Layoff - 10 or more workers,2025-10-13 00:00:00
Oregon,,,,,,,,9363,Oregon - Remote Employees,,2025-12-02 00:00:00,1,Small Layoff  1 – 10 workers,2025-10-03 00:00:00
Oregon,,,,,,,,9354,Wells Fargo Center - Portland,Portland,2025-11-28 00:00:00,50,Large Layoff - 10 or more workers,2025-09-30 00:00:00
Oregon,,,,,,,,9350,Dillard Hardwood Plywood Facility,Dillard,2025-10-10 00:00:00,7,Permanent closure,2025-09-25 00:00:00
Oregon,,,,,,,,9350,Dillard Hardwood Plywood Facility,Dillard,2025-09-25 00:00:00,100,Large Layoff - 10 or more workers,2025-09-25 00:00:00
Oregon,,,,,,,,9362,Pacific Source,Springfield,2025-12-31 00:00:00,56,Large Layoff - 10 or more workers,2025-09-17 00:00:00
Oregon,,,,,,,,9346,Hillsboro Facility,Hillsboro,2025-11-15 00:00:00,128,Large Layoff - 10 or more workers,2025-09-16 00:00:00
Oregon,,,,,,,,9345,Oregon - Remote Employees,,2025-11-15 00:00:00,1,Small Layoff  1 – 10 workers,2025-09-16 00:00:00
Oregon,,,,,,,,9344,Nike World Headquarters,Beaverton,2025-12-15 00:00:00,69,Large Layoff - 10 or more workers,2025-09-15 00:00:00
Oregon,,,,,,,,9328,Remote Workers - Oregon,,2025-10-19 00:00:00,9,Permanent closure,2025-08-20 00:00:00
Oregon,,,,,,,,9328,Remote Workers,,2025-10-19 00:00:00,16,Permanent closure,2025-08-20 00:00:00
Oregon,,,,,,,,9322,Oregon - Remote Employees,,2025-10-13 00:00:00,23,Large Layoff - 10 or more workers,2025-08-12 00:00:00
Oregon,,,,,,,,9306,Portland - Production Facility,Portland,2025-08-05 00:00:00,90,Large Layoff - 10 or more workers,2025-07-29 00:00:00
Oregon,,,,,,,,9299,Store #128,Portland,2025-09-20 00:00:00,249,Permanent closure,2025-07-16 00:00:00
Oregon,,,,,,,,9296,Oregon Mutual,McMinnville,2025-09-12 00:00:00,10,Reduction,2025-07-11 00:00:00
Oregon,,,,,,,,9296,Oregon - Remote Employees,,2025-09-12 00:00:00,32,Reduction,2025-07-11 00:00:00
Oregon,,,,,,,,9294,"Outside Van, LLC",Portland,2025-09-12 00:00:00,56,Permanent closure,2025-07-08 00:00:00
Oregon,,,,,,,,9293,"Elam Young Pkwy., Hillsboro",Hillsboro,2025-07-15 00:00:00,174,Reduction,2025-07-07 00:00:00
Oregon,,,,,,,,9293,Aloha Facility,Aloha,2025-07-15 00:00:00,194,Reduction,2025-07-07 00:00:00
Oregon,,,,,,,,9293,"Century Blvd., Hillsboro",Hillsboro,2025-07-15 00:00:00,1544,Reduction,2025-07-07 00:00:00
Oregon,,,,,,,,9293,"25th Ave., Hillsboro",Hillsboro,2025-07-15 00:00:00,597,Reduction,2025-07-07 00:00:00
Oregon,,,,,,,,9285,Pilot Rock Sawmill,Pilot Rock,2025-09-01 00:00:00,62,Permanent closure,2025-07-01 00:00:00
Oregon,,,,,,,,9273,Prineville Facility,Prineville,2025-11-21 00:00:00,52,Permanent closure,2025-06-24 00:00:00
Oregon,,,,,,,,9273,Prineville Facility,Prineville,2025-11-07 00:00:00,51,Permanent closure,2025-06-24 00:00:00
Oregon,,,,,,,,9273,Prineville Facility,Prineville,2025-08-25 00:00:00,81,Permanent closure,2025-06-24 00:00:00
Oregon,,,,,,,,9286,Rogue Valley Transportation District,Medford,2025-08-30 00:00:00,82,Large Layoff - 10 or more workers,2025-06-23 00:00:00
Oregon,,,,,,,,9268,PIVOT Job Corps Center Facility,Portland ,2025-06-30 00:00:00,12,Permanent closure,2025-06-09 00:00:00
Oregon,,,,,,,,9267,Springdale Job Corps Center,Troutdale,2025-06-30 00:00:00,77,Permanent closure,2025-06-09 00:00:00
Oregon,,,,,,,,9259,Tongue Point Job Corps Center,Astoria,2025-06-06 00:00:00,168,Large Layoff - 10 or more workers,2025-06-04 00:00:00
Oregon,,,,,,,,9249,Remote Workers,,2025-07-28 00:00:00,149,Large Layoff - 10 or more workers,2025-05-29 00:00:00
Oregon,,,,,,,,9249,Powin LLC,Tualatin,2025-07-28 00:00:00,96,Large Layoff - 10 or more workers,2025-05-29 00:00:00
Oregon,,,,,,,,9257,"ESS Tech, Inc.",Wilsonville,2025-05-30 00:00:00,195,Permanent closure,2025-05-27 00:00:00
Oregon,,,,,,,,9218,Chiloquin Facility,Chiloquin,2025-06-30 00:00:00,128,Permanent closure,2025-05-01 00:00:00
Oregon,,,,,,,,9230,Store 0505 - Portland,Portland,2025-07-01 00:00:00,87,Permanent closure,2025-04-30 00:00:00
Oregon,,,,,,,,9179,Portland Facility,Portland,2025-06-26 00:00:00,47,Large Layoff - 10 or more workers,2025-04-27 00:00:00
Oregon,,,,,,,,9210,Oregon - Remote Employees,Portand,2025-04-22 00:00:00,16,Large Layoff - 10 or more workers,2025-04-22 00:00:00
Oregon,,,,,,,,9207,"Lignetics, Inc. - Cascade Locks Facilit",Cascade Locks,2025-06-30 00:00:00,11,Temporary Layoff,2025-04-21 00:00:00
Oregon,,,,,,,,9206,"Navajo Incorprated, Portland Facility",Portland,2025-06-30 00:00:00,11,Large Layoff - 10 or more workers,2025-04-16 00:00:00
Oregon,,,,,,,,9198,"Portland, Oregon Facility",Portland,2025-05-31 00:00:00,72,Permanent closure,2025-04-08 00:00:00
Oregon,,,,,,,,9178,UPS,"Atlanta, GA",2025-06-30 00:00:00,244,Temporary Layoff,2025-03-28 00:00:00
Oregon,,,,,,,,9204,Safeway Store 4381,Baker City,2025-05-25 00:00:00,82,Permanent closure,2025-03-26 00:00:00
Oregon,,,,,,,,9199,Oregon - Statewide,,2025-06-02 00:00:00,105,Large Layoff - 10 or more workers,2025-03-26 00:00:00
Oregon,,,,,,,,9131,Portland - Site,Portland,2025-02-18 00:00:00,96,Permanent closure,2025-02-18 00:00:00
Oregon,,,,,,,,9082,Macy's - Salem Center,Salem,2025-03-18 00:00:00,56,Permanent closure,2025-01-09 00:00:00
Oregon,,,,,,,,9068,"Vimo, Inc. dba GetInsured","Mountain View, CA",2025-02-19 00:00:00,429,Reduction,2024-12-20 00:00:00
Oregon,,,,,,,,9068,Oregon - Remote Employees,,2025-02-19 00:00:00,1,Reduction,2024-12-20 00:00:00
Oregon,,,,,,,,9056,Remote Workers - Oregon,Portland,2025-02-08 00:00:00,1,Reduction,2024-12-10 00:00:00
Oregon,,,,,,,,9056,"Natural Fiber Welding, Inc. ","Peoria, IL",2025-02-08 00:00:00,90,Reduction,2024-12-10 00:00:00
Oregon,,,,,,,,9057,Albertsons Store 0515,Roseburg,2025-02-07 00:00:00,87,Permanent closure,2024-12-06 00:00:00
Oregon,,,,,,,,9049,Wells Fargo N.A. William Barnhart Cente,Hillsboro,2025-10-01 00:00:00,500,Permanent closure,2024-12-03 00:00:00
Oregon,,,,,,,,9048,Hawthorne Ave - Salem,Salem,2025-10-01 00:00:00,221,Permanent closure,2024-12-03 00:00:00
Oregon,,,,,,,,9050,Cabinet Door Service,Salem,2024-11-20 00:00:00,60,Large Layoff - 10 or more workers,2024-11-19 00:00:00
Oregon,,,,,,,,9034,The Boeing Company - Oregon Location,Portland,2025-01-17 00:00:00,50,Reduction,2024-11-15 00:00:00
Oregon,,,,,,,,9029,#4184 - Portland,Portland,2025-03-10 00:00:00,13,Permanent closure,2024-11-14 00:00:00
Oregon,,,,,,,,9029,#4324 - Sandy,Sandy,2025-03-10 00:00:00,16,Permanent closure,2024-11-14 00:00:00
Oregon,,,,,,,,9029,#3573 - Gresham,Gresham,2025-03-09 00:00:00,12,Permanent closure,2024-11-14 00:00:00
Oregon,,,,,,,,9029,#3911 - Milwaukie,Milwaukie,2025-03-09 00:00:00,14,Permanent closure,2024-11-14 00:00:00
Oregon,,,,,,,,9029,#3113 - Beaverton,Beaverton,2025-03-05 00:00:00,9,Permanent closure,2024-11-14 00:00:00
Oregon,,,,,,,,9029,#9938 - Portland,Portland,2025-03-05 00:00:00,9,Permanent closure,2024-11-14 00:00:00
Oregon,,,,,,,,9029,#3574 - Gresham,Gresham,2025-03-05 00:00:00,9,Permanent closure,2024-11-14 00:00:00
Oregon,,,,,,,,9029,#7866 - Beaverton,Beaverton,2025-02-27 00:00:00,8,Permanent closure,2024-11-14 00:00:00
Oregon,,,,,,,,9029,#4181 - Portland,Portland,2025-02-26 00:00:00,9,Permanent closure,2024-11-14 00:00:00
Oregon,,,,,,,,9029,Distribution Center - Portland,Portland,2025-02-15 00:00:00,80,Permanent closure,2024-11-14 00:00:00
Oregon,,,,,,,,9029,#3612 - Hillsboro,Hillsboro,2025-02-02 00:00:00,6,Permanent closure,2024-11-14 00:00:00
Oregon,,,,,,,,9025,Hillsboro Client Site,Hillsboro,2024-12-31 00:00:00,205,Large Layoff - 10 or more workers,2024-11-05 00:00:00
Oregon,,,,,,,,9016,"Misfits Markets, Inc. ",Clackamas,2024-12-31 00:00:00,64,Permanent closure,2024-10-30 00:00:00
Oregon,,,,,,,,8987,DENNIS Uniform,Portland ,2024-10-19 00:00:00,111,Large Layoff - 10 or more workers,2024-10-19 00:00:00
Oregon,,,,,,,,8985,Portland - Production and Maintenance P,Portland,2025-01-07 00:00:00,49,Permanent closure,2024-10-17 00:00:00
Oregon,,,,,,,,9017,"True Value Company, L.L.C.",Springfield,2024-12-14 00:00:00,98,Permanent closure,2024-10-15 00:00:00
Oregon,,,,,,,,8978,"Century Blvd., Hillsboro",Hillsboro,2024-11-15 00:00:00,514,Large Layoff - 10 or more workers,2024-10-15 00:00:00
Oregon,,,,,,,,8978,Aloha Facility,Aloha,2024-11-15 00:00:00,28,Large Layoff - 10 or more workers,2024-10-15 00:00:00
Oregon,,,,,,,,8978,"25th Ave., Hillsboro",Hillsboro,2024-11-15 00:00:00,634,Large Layoff - 10 or more workers,2024-10-15 00:00:00
Oregon,,,,,,,,8978,"Elam Young Pkwy., Hillsboro",Hillsboro,2024-11-15 00:00:00,124,Large Layoff - 10 or more workers,2024-10-15 00:00:00
Oregon,,,,,,,,8977,Cornerstone Building Brands,Tualatin,2024-12-20 00:00:00,76,Permanent closure,2024-10-15 00:00:00
Oregon,,,,,,,,8956,Hillsboro Worksite,Hillsboro,2024-11-25 00:00:00,150,Permanent closure,2024-09-26 00:00:00
Oregon,,,,,,,,8937,Oregon - Remote Employees,,2024-09-09 00:00:00,5,Reduction,2024-09-06 00:00:00
Oregon,,,,,,,,8937,"Lost Boys Interactive, LLC ","Madison, WI",2024-09-09 00:00:00,134,Large Layoff - 10 or more workers,2024-09-06 00:00:00
Oregon,,,,,,,,8911,Willamette Falls Paper Company,West Linn,2024-08-09 00:00:00,158,Large Layoff - 10 or more workers,2024-08-06 00:00:00
Oregon,,,,,,,,8892,Walker Rd - Hillsboro,"Hillsboro, ",2024-12-28 00:00:00,37,Large Layoff - 10 or more workers,2024-07-23 00:00:00
Oregon,,,,,,,,8892,Walker Rd - Hillsboro,"Hillsboro, ",2024-11-16 00:00:00,16,Large Layoff - 10 or more workers,2024-07-23 00:00:00
Oregon,,,,,,,,8892,Walker Rd - Hillsboro,"Hillsboro, ",2024-10-19 00:00:00,1,Reduction,2024-07-23 00:00:00
Oregon,,,,,,,,8892,Walker Rd - Hillsboro,"Hillsboro, ",2024-10-04 00:00:00,2,Reduction,2024-07-23 00:00:00
Oregon,,,,,,,,8892,Walker Rd - Hillsboro,"Hillsboro, ",2024-09-20 00:00:00,95,Permanent closure,2024-07-23 00:00:00
Oregon,,,,,,,,8880,Hazelnut Growers of Oregon,Aurora,2024-12-27 00:00:00,4,Permanent closure,2024-07-02 00:00:00
Oregon,,,,,,,,8880,Hazelnut Growers of Oregon,Aurora,2024-08-01 00:00:00,65,Large Layoff - 10 or more workers,2024-07-02 00:00:00
Oregon,,,,,,,,8876,OHSU,Portland,2024-08-30 00:00:00,297,Large Layoff - 10 or more workers,2024-07-01 00:00:00
Oregon,,,,,,,,8859,OHSU,Portland,2024-08-09 00:00:00,142,Large Layoff - 10 or more workers,2024-06-07 00:00:00
Oregon,,,,,,,,8850,Oregon - Remote Employees,Portland,2024-07-31 00:00:00,37,Large Layoff - 10 or more workers,2024-05-29 00:00:00
Oregon,,,,,,,,8847,"Campbell Soup Supply Company, LLC",Tualatin,2026-07-26 00:00:00,200,Large Layoff - 10 or more workers,2024-05-28 00:00:00
Oregon,,,,,,,,8847,"Campbell Soup Supply Company, LLC",Tualatin,2025-01-31 00:00:00,10,Large Layoff - 10 or more workers,2024-05-28 00:00:00
Oregon,,,,,,,,8847,"Campbell Soup Supply Company, LLC",Tualatin,2024-08-02 00:00:00,120,Large Layoff - 10 or more workers,2024-05-28 00:00:00
Oregon,,,,,,,,8832,Lignetics,Cascade Locks,2024-07-10 00:00:00,5,Reduction,2024-05-10 00:00:00
Oregon,,,,,,,,8832,Lignetics,Cascade Locks,2024-04-19 00:00:00,1,Reduction,2024-05-10 00:00:00
Oregon,,,,,,,,8832,Lignetics,Cascade Locks,2024-03-15 00:00:00,2,Reduction,2024-05-10 00:00:00
Oregon,,,,,,,,8817,Multnomah University,Portland,2024-06-30 00:00:00,88,Large Layoff - 10 or more workers,2024-05-07 00:00:00
Oregon,,,,,,,,8800,Portland Manufacturing Site,Portland,2024-06-28 00:00:00,75,Large Layoff - 10 or more workers,2024-04-22 00:00:00
Oregon,,,,,,,,8794,"NIKE, Inc.",Beaverton,2024-06-28 00:00:00,740,Reduction,2024-04-19 00:00:00
Oregon,,,,,,,,8782,"Block, Inc.","Oakland, CA",2024-06-03 00:00:00,20,Large Layoff - 10 or more workers,2024-04-02 00:00:00
Oregon,,,,,,,,8781,"Volta Charging Industries, LLC","San Francisco, CA",2024-05-31 00:00:00,171,Permanent closure,2024-03-29 00:00:00
Oregon,,,,,,,,8776,"Osso VR, Inc.","San Francisco, CA",2024-05-27 00:00:00,67,Large Layoff - 10 or more workers,2024-03-28 00:00:00
Oregon,,,,,,,,8769,"Bornstein Seafoods, Inc - Newport Facil",Newport,2024-05-21 00:00:00,50,Permanent closure,2024-03-22 00:00:00
Oregon,,,,,,,,8773,"Bionano Genomics, Inc.","San Diego, CA",2024-05-24 00:00:00,76,Reduction,2024-03-21 00:00:00
Oregon,,,,,,,,8760,Adventist Health of Tillamook,Tillamook,2024-05-05 00:00:00,22,Reduction,2024-03-07 00:00:00
Oregon,,,,,,,,8759,Wieden + Kennedy,Portland,2024-03-01 00:00:00,87,Reduction,2024-02-23 00:00:00
Oregon,,,,,,,,8742,Philomath Division - Industrial Way Mil,Philomath,2024-02-15 00:00:00,58,Large Layoff - 10 or more workers,2024-02-15 00:00:00
Oregon,,,,,,,,8742,Interfor U.S. Inc,Philomath,2024-02-15 00:00:00,42,Large Layoff - 10 or more workers,2024-02-15 00:00:00
Oregon,,,,,,,,8747,Portland Day Sort,Portland,2024-04-19 00:00:00,350,Large Layoff - 10 or more workers,2024-02-13 00:00:00
Oregon,,,,,,,,8725,Remote Workers - Oregon,,2024-03-30 00:00:00,46,Large Layoff - 10 or more workers,2024-01-30 00:00:00
Oregon,,,,,,,,8723,RNDC - Bend Location,Bend,2024-03-31 00:00:00,4,Permanent closure,2024-01-30 00:00:00
Oregon,,,,,,,,8723,RNDC - Medford Location #1,Medford,2024-03-31 00:00:00,1,Permanent closure,2024-01-30 00:00:00
Oregon,,,,,,,,8723,RNDC - Eugene Location,Eugene,2024-03-31 00:00:00,3,Permanent closure,2024-01-30 00:00:00
Oregon,,,,,,,,8723,RNDC - Portland Location,Portland,2024-03-31 00:00:00,67,Permanent closure,2024-01-30 00:00:00
Oregon,,,,,,,,8723,RNDC - Medford Location #2,Medford,2024-03-31 00:00:00,3,Permanent closure,2024-01-30 00:00:00
Oregon,,,,,,,,8708,Oregon - Remote Employees,,2024-03-15 00:00:00,4,Reduction,2024-01-11 00:00:00
Oregon,,,,,,,,8708,"Lost Boys Interactive, LLC","Madison, WI",2024-03-15 00:00:00,121,Large Layoff - 10 or more workers,2024-01-11 00:00:00
Oregon,,,,,,,,8671,Portland - Site,Portland,2024-01-31 00:00:00,62,Permanent closure,2023-12-01 00:00:00
Oregon,,,,,,,,8652,Yelloh - Salem,Salem,2023-12-15 00:00:00,7,Permanent closure,2023-10-25 00:00:00
Oregon,,,,,,,,8652,Yelloh - Tualitin,Tualitin,2023-12-15 00:00:00,11,Permanent closure,2023-10-25 00:00:00
Oregon,,,,,,,,8652,Yelloh -  Central Point,Central Point,2023-12-15 00:00:00,6,Permanent closure,2023-10-25 00:00:00
Oregon,,,,,,,,8652,Yelloh - Eugene,Eugen,2023-12-15 00:00:00,8,Permanent closure,2023-10-25 00:00:00
Oregon,,,,,,,,8648,Peace Health,Eugene,2023-12-20 00:00:00,463,Permanent closure,2023-10-19 00:00:00
Oregon,,,,,,,,8647,Wilsonville Distribution Center,Wilsonville,2024-01-03 00:00:00,136,Permanent closure,2023-10-18 00:00:00
Oregon,,,,,,,,8637,Grace ,Albany,2024-06-30 00:00:00,23,Permanent closure,2023-10-01 00:00:00
Oregon,,,,,,,,8637,Grace ,Albany,2024-03-31 00:00:00,11,Permanent closure,2023-10-01 00:00:00
Oregon,,,,,,,,8637,Grace ,Albany,2023-12-31 00:00:00,61,Permanent closure,2023-10-01 00:00:00
Oregon,,,,,,,,8634,T3281 Store,Portland,2023-12-30 00:00:00,40,Permanent closure,2023-09-26 00:00:00
Oregon,,,,,,,,8633,T3358 Store,Portland,2023-12-30 00:00:00,56,Permanent closure,2023-09-26 00:00:00
Oregon,,,,,,,,8632,T3381 Store,Portland,2023-12-30 00:00:00,62,Permanent closure,2023-09-26 00:00:00
Oregon,,,,,,,,8622,"Divvy Homes, Inc","San Francisco, CA",2023-11-07 00:00:00,94,Reduction,2023-09-07 00:00:00
Oregon,,,,,,,,8627,"American Nursery Services, Inc. ",Newberg,2023-12-31 00:00:00,25,Permanent closure,2023-09-05 00:00:00
Oregon,,,,,,,,8617,Walker Rd - Hillsboro,Hillsboro,2024-04-05 00:00:00,2,Reduction,2023-08-22 00:00:00
Oregon,,,,,,,,8617,Walker Rd - Hillsboro,Hillsboro,2024-01-26 00:00:00,2,Reduction,2023-08-22 00:00:00
Oregon,,,,,,,,8617,Bennett St. - Hillsboro,Hillsboro,2024-01-12 00:00:00,3,Reduction,2023-08-22 00:00:00
Oregon,,,,,,,,8617,Walker Rd - Hillsboro,Hillsboro,2024-01-12 00:00:00,62,Large Layoff - 10 or more workers,2023-08-22 00:00:00
Oregon,,,,,,,,8617,Bennett St. - Hillsboro,Hillsboro,2023-12-29 00:00:00,2,Reduction,2023-08-22 00:00:00
Oregon,,,,,,,,8617,Walker Rd - Hillsboro,Hillsboro,2023-12-29 00:00:00,3,Reduction,2023-08-22 00:00:00
Oregon,,,,,,,,8617,Walker Rd - Hillsboro,Hillsboro,2023-12-01 00:00:00,1,Reduction,2023-08-22 00:00:00
Oregon,,,,,,,,8617,Walker Rd - Hillsboro,Hillsboro,2023-11-17 00:00:00,1,Reduction,2023-08-22 00:00:00
Oregon,,,,,,,,8617,Bennett St. - Hillsboro,Hillsboro,2023-10-20 00:00:00,71,Large Layoff - 10 or more workers,2023-08-22 00:00:00
Oregon,,,,,,,,8617,Walker Rd - Hillsboro,Hillsboro,2023-10-20 00:00:00,158,Large Layoff - 10 or more workers,2023-08-22 00:00:00
Oregon,,,,,,,,8612,BOISE CASCADE ELGIN PLYWOOD MILL       ,ELGIN                         ,2023-10-14 00:00:00,1,Other,2023-08-16 00:00:00
Oregon,,,,,,,,8609,Centerra ,"Herndon, VA",2023-09-30 00:00:00,52,Permanent closure,2023-08-10 00:00:00
Oregon,,,,,,,,8606,Cascades Tissue Group - St Helens Paper,St. Helens,2023-10-14 00:00:00,72,Permanent closure,2023-08-10 00:00:00
Oregon,,,,,,,,8596,DC-25 Portland Distribution Center,Portland,2023-11-03 00:00:00,23,Large Layoff - 10 or more workers,2023-07-31 00:00:00
Oregon,,,,,,,,8596,DC-25 Portland Distribution Center,Portland,2023-10-06 00:00:00,78,Large Layoff - 10 or more workers,2023-07-31 00:00:00
Oregon,,,,,,,,8598,Roseburg-509,Roseburg,2023-07-30 00:00:00,72,Permanent closure,2023-07-30 00:00:00
Oregon,,,,,,,,8598,Eugene-506,Eugene,2023-06-30 00:00:00,15,Permanent closure,2023-07-30 00:00:00
Oregon,,,,,,,,8603,Medford Plant,Medford,2023-12-23 00:00:00,18,Permanent closure,2023-07-28 00:00:00
Oregon,,,,,,,,8603,Medford Plant,Medford,2023-09-23 00:00:00,56,Permanent closure,2023-07-28 00:00:00
Oregon,,,,,,,,8583,"PBS West, LLC",Corvallis,2023-09-06 00:00:00,50,Large Layoff - 10 or more workers,2023-07-07 00:00:00
Oregon,,,,,,,,8578,"Jacksonville, Remote Employee Location",Jacksonville,2023-06-14 00:00:00,1,Large Layoff - 10 or more workers,2023-06-14 00:00:00
Oregon,,,,,,,,8577,Owens-Brockway Glass Container Inc.,Portland,2023-07-21 00:00:00,81,Reduction,2023-06-13 00:00:00
Oregon,,,,,,,,8574,Marquis Spas,Independence,2023-09-01 00:00:00,115,Permanent closure,2023-06-08 00:00:00
Oregon,,,,,,,,8572,Aimbridge Employee Service Corp AKA Val,Eugene,2023-06-29 00:00:00,62,Large Layoff - 10 or more workers,2023-06-06 00:00:00
Oregon,,,,,,,,8563,Aspiration Partners,"Marina Del Rey, CA",2023-06-30 00:00:00,3,Large Layoff - 10 or more workers,2023-05-24 00:00:00
Oregon,,,,,,,,8556,Cascades Tissue Group - St Helens Paper,St. Helens,2023-07-08 00:00:00,45,Large Layoff - 10 or more workers,2023-05-09 00:00:00
Oregon,,,,,,,,8551,"Makita U.S.A., Inc.",Portland,2023-06-28 00:00:00,6,Permanent closure,2023-04-28 00:00:00
Oregon,,,,,,,,8545,Cascades Tissue Group - Scappoose Conve,Scappoose,2023-07-28 00:00:00,88,Permanent closure,2023-04-25 00:00:00
Oregon,,,,,,,,8543,"David's Bridal, Store # 216, Eugene",Eugene,2023-07-17 00:00:00,1,Permanent closure,2023-04-14 00:00:00
Oregon,,,,,,,,8543,"David's Bridal, Store # 160, Beaverton",Beaverton,2023-07-17 00:00:00,1,Permanent closure,2023-04-14 00:00:00
Oregon,,,,,,,,8543,"David's Bridal, Store # 200, Clackamas",Happy Valley,2023-07-17 00:00:00,1,Permanent closure,2023-04-14 00:00:00
Oregon,,,,,,,,8543,"David's Bridal, Store # 292 Salem",Keizer,2023-07-17 00:00:00,1,Permanent closure,2023-04-14 00:00:00
Oregon,,,,,,,,8543,"David's Bridal, Store # 263 Medford",Medford,2023-07-17 00:00:00,1,Permanent closure,2023-04-14 00:00:00
Oregon,,,,,,,,8534,"Aspiration Partners, Inc","Marina Del Rey, CA",2023-05-26 00:00:00,12,Large Layoff - 10 or more workers,2023-03-24 00:00:00
Oregon,,,,,,,,8533,Client Facility,Beaverton,2023-05-31 00:00:00,150,Permanent closure,2023-03-13 00:00:00
Oregon,,,,,,,,8521,Blount Fine Foods,Portland,2023-05-12 00:00:00,198,Permanent closure,2023-03-13 00:00:00
Oregon,,,,,,,,8512,Walmart Store #2552,Portland ,2023-06-02 00:00:00,379,Permanent closure,2023-02-22 00:00:00
Oregon,,,,,,,,8510,Walmart Store #5899 ,Portland,2023-06-02 00:00:00,201,Permanent closure,2023-02-22 00:00:00
Oregon,,,,,,,,8482,Railcar Manufacturing Operations,Portland,2023-03-21 00:00:00,101,Large Layoff - 10 or more workers,2023-01-20 00:00:00
Oregon,,,,,,,,8475,Specialized Bicycle Components,"Morgan Hill, CA",2023-01-13 00:00:00,7,Reduction,2023-01-11 00:00:00
Oregon,,,,,,,,8437,"Laird Superfood, Inc",Sisters,2022-12-12 00:00:00,46,Large Layoff - 10 or more workers,2022-10-12 00:00:00
Oregon,,,,,,,,8435,"Beauty Systems Group, LLC, DBA CosmoPro",Clackamas,2022-12-16 00:00:00,60,Large Layoff - 10 or more workers,2022-10-11 00:00:00
Oregon,,,,,,,,8438,BayFirst Financial,"St. Petersburg, FL",2022-11-25 00:00:00,58,Large Layoff - 10 or more workers,2022-09-23 00:00:00
Oregon,,,,,,,,8426,"Tegra, DBA Latitudes LLC",Portland,2022-11-04 00:00:00,48,Permanent closure,2022-09-08 00:00:00
Oregon,,,,,,,,8424,DENNIS Uniform,Portland ,2022-11-01 00:00:00,71,Large Layoff - 10 or more workers,2022-08-30 00:00:00
Oregon,,,,,,,,8417,"Columbia Steel Casting Co., Inc.",Portland ,2022-10-22 00:00:00,225,Permanent closure,2022-08-22 00:00:00
Oregon,,,,,,,,8394,RR Donnelley,Medford,2022-09-11 00:00:00,97,Permanent closure,2022-07-13 00:00:00
Oregon,,,,,,,,8388,Center for Autism and Related Disorders,"Plano, TX",2022-08-29 00:00:00,156,Permanent closure,2022-06-29 00:00:00
Oregon,,,,,,,,8377,"Dr. Martens Airway USA, LLC - Anchor Pa",Portland,2022-10-31 00:00:00,31,Permanent closure,2022-05-18 00:00:00
Oregon,,,,,,,,8377,"Dr. Martens Airway USA, LLC - Anchor Pa",Portland,2022-09-01 00:00:00,40,Permanent closure,2022-05-18 00:00:00
Oregon,,,,,,,,8356,"ARS-Fresno, LLC.","Carlsbad, CA",2022-05-31 00:00:00,163,Large Layoff - 10 or more workers,2022-03-30 00:00:00
Oregon,,,,,,,,8341,Peloton,Portland,2022-02-08 00:00:00,54,Permanent closure,2022-02-08 00:00:00
Oregon,,,,,,,,8335,Boyd Corporation,Portland,2022-04-01 00:00:00,40,Permanent closure,2022-01-17 00:00:00
Oregon,,,,,,,,8330,GP Downs LLC dba The Flying Lark,Grants Pass,2022-02-28 00:00:00,226,Permanent closure,2022-01-07 00:00:00
Oregon,,,,,,,,8330,GP Downs LLC dba The Flying Lark,Grants Pass,2022-02-28 00:00:00,43,Permanent closure,2022-01-07 00:00:00
Oregon,,,,,,,,8319,Hematology Oncology Associates PC,Medford,2021-12-31 00:00:00,95,Permanent closure,2021-10-22 00:00:00
Oregon,,,,,,,,8294,Eclipse Senior Living Support Center,Lake Oswego,2021-12-01 00:00:00,171,Permanent closure,2021-10-01 00:00:00
Oregon,,,,,,,,8274,4 Leaf LLC,Portland,2021-09-30 00:00:00,63,Permanent closure,2021-09-17 00:00:00
Oregon,,,,,,,,8281,Sulzer,Portland,2022-08-26 00:00:00,10,Permanent closure,2021-09-10 00:00:00
Oregon,,,,,,,,8281,Sulzer,Portland,2022-07-01 00:00:00,16,Permanent closure,2021-09-10 00:00:00
Oregon,,,,,,,,8281,Sulzer,Portland,2022-04-29 00:00:00,5,Permanent closure,2021-09-10 00:00:00
Oregon,,,,,,,,8281,Sulzer,Portland,2022-04-01 00:00:00,6,Permanent closure,2021-09-10 00:00:00
Oregon,,,,,,,,8281,Sulzer,Portland,2022-01-14 00:00:00,12,Permanent closure,2021-09-10 00:00:00
Oregon,,,,,,,,8281,Sulzer,Portland,2021-11-12 00:00:00,14,Permanent closure,2021-09-10 00:00:00
Oregon,,,,,,,,8260,Lifeways - Umatilla County,Pendleton,2021-10-13 00:00:00,100,Permanent closure,2021-08-13 00:00:00
Oregon,,,,,,,,8254,First Transit - Multnomah,Portland,2021-09-30 00:00:00,127,Permanent closure,2021-07-30 00:00:00
Oregon,,,,,,,,8254,First Transit - Beaverton,Beaverton,2021-09-30 00:00:00,99,Permanent closure,2021-07-30 00:00:00
Oregon,,,,,,,,8254,First Transit - Portland,Portland,2021-09-30 00:00:00,170,Permanent closure,2021-07-30 00:00:00
Oregon,,,,,,,,8251,Aramark,"Nashville, TN",2021-08-31 00:00:00,402,Permanent closure,2021-07-22 00:00:00
Oregon,,,,,,,,8240,Mentor Oregon,Portland,2021-09-30 00:00:00,177,Permanent closure,2021-07-06 00:00:00
Oregon,,,,,,,,8106,Thriftbooks - Portland Processing Cente,Portland,2021-06-01 00:00:00,70,Permanent closure,2021-04-22 00:00:00
Oregon,,,,,,,,8099,DSU-Peterbuilt & GMC Inc,Portland,2021-05-31 00:00:00,260,Other,2021-04-05 00:00:00
Oregon,,,,,,,,8068,PERFORMANT,Grants Pass,2021-04-25 00:00:00,60,Reduction,2021-02-26 00:00:00
Oregon,,,,,,,,8068,PERFORMANT,Grants Pass,2021-03-01 00:00:00,31,Reduction,2021-02-26 00:00:00
Oregon,,,,,,,,7843,Simple,Portland,2021-06-11 00:00:00,47,Permanent closure,2021-01-29 00:00:00
Oregon,,,,,,,,7843,Simple,Portland,2021-05-14 00:00:00,95,Permanent closure,2021-01-29 00:00:00
Oregon,,,,,,,,7843,Simple,Portland,2021-05-07 00:00:00,1,Permanent closure,2021-01-29 00:00:00
Oregon,,,,,,,,7843,Simple,Portland,2021-04-02 00:00:00,37,Permanent closure,2021-01-29 00:00:00
Oregon,,,,,,,,7842,azlo,Portland,2021-04-02 00:00:00,122,Permanent closure,2021-01-29 00:00:00
Oregon,,,,,,,,7811,SunPower,Hillsboro,2021-09-30 00:00:00,9,Permanent closure,2021-01-07 00:00:00
Oregon,,,,,,,,7811,SunPower,Hillsboro,2021-03-09 00:00:00,172,Permanent closure,2021-01-07 00:00:00
Oregon,,,,,,,,7796,NPL - Central Point - Grants Pass,Grants Pass,2021-02-15 00:00:00,67,Permanent closure,2020-12-15 00:00:00
Oregon,,,,,,,,7583,Southwest Airlines,Portland,2021-03-15 00:00:00,85,Large Layoff - 10 or more workers,2020-12-03 00:00:00
Oregon,,,,,,,,7578,Villasport,Beaverton,2021-01-18 00:00:00,66,Reduction,2020-11-25 00:00:00
Oregon,,,,,,,,7510,Providence,Portland,2021-01-15 00:00:00,177,Other,2020-11-16 00:00:00
Oregon,,,,,,,,7510,Providence,Portland,2021-01-15 00:00:00,5,Reduction,2020-11-16 00:00:00
Oregon,,,,,,,,7436,Macy's Inc,Portland,2021-01-18 00:00:00,83,Permanent closure,2020-11-16 00:00:00
Oregon,,,,,,,,7309,Boise Cascade - Elgin Plywood Facility,Elgin,2021-01-01 00:00:00,229,Permanent closure,2020-11-16 00:00:00
Oregon,,,,,,,,7508,Elmer's Restaurants,Portland,2020-11-13 00:00:00,280,Temporary Layoff,2020-11-13 00:00:00
Oregon,,,,,,,,7401,SYUFY Enterprises - VillaSport,Beaverton,2020-12-21 00:00:00,59,Reduction,2020-10-23 00:00:00
Oregon,,,,,,,,7332,DoubleTree - Hilton Portland,Portland,2020-09-30 00:00:00,59,Reduction,2020-09-30 00:00:00
Oregon,,,,,,,,7241,SP+,Portland,2020-03-24 00:00:00,89,Reduction,2020-09-25 00:00:00
Oregon,,,,,,,,7217,PF Chang's - Eugene,Eugene,2020-09-18 00:00:00,75,Other,2020-09-18 00:00:00
Oregon,,,,,,,,7217,PF Chang's,Hillsboro,2020-09-18 00:00:00,75,Other,2020-09-18 00:00:00
Oregon,,,,,,,,7218,Sodexo - Salem-Keizer SD,Salem,2020-03-13 00:00:00,358,Temporary Layoff,2020-09-17 00:00:00
Oregon,,,,,,,,7218,Sodexo - Gresham-Barlow SD  ,Gresham,2020-03-13 00:00:00,85,Temporary Layoff,2020-09-17 00:00:00
Oregon,,,,,,,,7218,Sodexo - Medford SD,Medford,2020-03-13 00:00:00,111,Temporary Layoff,2020-09-17 00:00:00
Oregon,,,,,,,,7209,Dave & Buster's,Happy Valley,2020-11-08 00:00:00,84,Reduction,2020-09-08 00:00:00
Oregon,,,,,,,,7215,LAGS Medical Center - Portland,Portland,2020-11-02 00:00:00,7,Small Layoff  1 – 10 workers,2020-09-03 00:00:00
Oregon,,,,,,,,7215,LAGS Medical Center - Salem,Salem,2020-11-02 00:00:00,4,Small Layoff  1 – 10 workers,2020-09-03 00:00:00
Oregon,,,,,,,,7211,Bon Appetit,Portland,2020-09-30 00:00:00,224,Other,2020-09-01 00:00:00
Oregon,,,,,,,,7211,Bon Appetit,Portland,2020-09-30 00:00:00,170,Reduction,2020-09-01 00:00:00
Oregon,,,,,,,,7207,PGE - Boardman,Boardman,2020-11-05 00:00:00,22,Permanent closure,2020-09-01 00:00:00
Oregon,,,,,,,,7199,LAIKA,Hillsboro,2020-09-01 00:00:00,50,Large Layoff - 10 or more workers,2020-08-14 00:00:00
Oregon,,,,,,,,7192,HMSHost,Portland,2020-10-15 00:00:00,51,Reduction,2020-08-11 00:00:00
Oregon,,,,,,,,7184,Embassy Suites Portland-Downtown,Portland,2020-03-20 00:00:00,70,Large Layoff - 10 or more workers,2020-07-31 00:00:00
Oregon,,,,,,,,7171,"LSG Group - Sky Chefs, Inc",Portland,2020-10-01 00:00:00,193,Large Layoff - 10 or more workers,2020-07-31 00:00:00
Oregon,,,,,,,,7185,Alaska Airlines - Portland Internationa,Portland,2020-10-01 00:00:00,277,Reduction,2020-07-29 00:00:00
Oregon,,,,,,,,7162,Nike - Childcare  ,Beaverton,2020-10-01 00:00:00,192,Reduction,2020-07-23 00:00:00
Oregon,,,,,,,,7162,Nike,Beaverton,2020-10-01 00:00:00,308,Reduction,2020-07-23 00:00:00
Oregon,,,,,,,,7162,Nike,Beaverton,2020-07-23 00:00:00,700,Reduction,2020-07-23 00:00:00
Oregon,,,,,,,,7151,American Queen Steamboat Company ,"New Albany, IN",2020-09-24 00:00:00,250,Large Layoff - 10 or more workers,2020-07-22 00:00:00
Oregon,,,,,,,,7135,Vesta ,Lake Oswego,2020-07-22 00:00:00,20,Permanent closure,2020-07-22 00:00:00
Oregon,,,,,,,,7134,Pioneer Pacific College,Portland,2020-07-31 00:00:00,41,Permanent closure,2020-07-21 00:00:00
Oregon,,,,,,,,7134,Pioneer Pacific College - Beaverton,Beaverton,2020-07-31 00:00:00,39,Permanent closure,2020-07-21 00:00:00
Oregon,,,,,,,,7134,Pioneer Pacific College - Springfield,Springfield,2020-07-31 00:00:00,51,Permanent closure,2020-07-21 00:00:00
Oregon,,,,,,,,7186,Nike (Lifeworks) - Beaverton,Beaverton,2020-10-20 00:00:00,66,Reduction,2020-07-20 00:00:00
Oregon,,,,,,,,7186,Nike (Lifeworks) - Hillsboro,Hillsboro,2020-09-25 00:00:00,23,Reduction,2020-07-20 00:00:00
Oregon,,,,,,,,7186,Nike (Lifeworks) - Beaverton,Beaverton,2020-09-25 00:00:00,355,Reduction,2020-07-20 00:00:00
Oregon,,,,,,,,7071,United - PDX,Portland,2020-10-01 00:00:00,119,Reduction,2020-07-08 00:00:00
Oregon,,,,,,,,7071,United - PDX,Portland,2020-10-01 00:00:00,3,Reduction,2020-07-08 00:00:00
Oregon,,,,,,,,7070,arauco - Albany ,Albany,2020-07-06 00:00:00,75,Reduction,2020-07-06 00:00:00
Oregon,,,,,,,,7057,Hampton Inn & Suites - Portland,Portland,2020-06-30 00:00:00,41,Reduction,2020-07-06 00:00:00
Oregon,,,,,,,,7052,Hilton Portland Downtown,Portland,2020-03-22 00:00:00,330,Other,2020-06-30 00:00:00
Oregon,,,,,,,,6991,The Coca -Cola Company Odwalla's - Port,Portland,2020-08-31 00:00:00,30,Permanent closure,2020-06-30 00:00:00
Oregon,,,,,,,,6987,Levy Premium Foodservice...LLC,Portland,2020-08-01 00:00:00,54,Reduction,2020-06-24 00:00:00
Oregon,,,,,,,,6967,Hyatt Regency - Portland,Portland,2021-01-13 00:00:00,2,Temporary Layoff,2020-06-19 00:00:00
Oregon,,,,,,,,6967,Hyatt Regency - Portland,Portland,2020-11-01 00:00:00,1,Reduction,2020-06-19 00:00:00
Oregon,,,,,,,,6967,Hyatt Regency - Portland,Portland,2020-10-30 00:00:00,4,Reduction,2020-06-19 00:00:00
Oregon,,,,,,,,6967,Hyatt Regency - Portland,Portland,2020-09-04 00:00:00,8,Temporary Layoff,2020-06-19 00:00:00
Oregon,,,,,,,,6967,Hyatt Regency - Portland,Portland,2020-03-20 00:00:00,181,Temporary Layoff,2020-06-19 00:00:00
Oregon,,,,,,,,6963,Kimpton Hotel Monaco Portland,Portland,2020-03-13 00:00:00,147,Large Layoff - 10 or more workers,2020-06-12 00:00:00
Oregon,,,,,,,,6963,Kimpton Riverplace Hotel,Portland,2020-03-13 00:00:00,79,Large Layoff - 10 or more workers,2020-06-12 00:00:00
Oregon,,,,,,,,6963,Kimpton Hotel Vintage Portland,Portland,2020-03-01 00:00:00,94,Large Layoff - 10 or more workers,2020-06-12 00:00:00
Oregon,,,,,,,,6935,ATI Albany Operations,Albany,2020-12-07 00:00:00,76,Permanent closure,2020-06-10 00:00:00
Oregon,,,,,,,,6935,ATI Albany Operations,Albany,2020-10-26 00:00:00,135,Large Layoff - 10 or more workers,2020-06-10 00:00:00
Oregon,,,,,,,,6875,"Continuum Global Solutions, LLC",Portland,2020-08-12 00:00:00,255,Permanent closure,2020-06-10 00:00:00
Oregon,,,,,,,,6964,The Bay Company - Portland,Tigard,2020-09-29 00:00:00,125,Other,2020-06-09 00:00:00
Oregon,,,,,,,,6964,The Bay Company - Portland,Tigard,2020-04-15 00:00:00,289,Large Layoff - 10 or more workers,2020-06-09 00:00:00
Oregon,,,,,,,,6874,EVRAZ - Portland,Portland,2020-06-08 00:00:00,65,Reduction,2020-06-08 00:00:00
Oregon,,,,,,,,6867,Marriott Portland Downtown Waterfront ,Portland,2020-11-06 00:00:00,145,Reduction,2020-06-05 00:00:00
Oregon,,,,,,,,6867,Marriott Portland Downtown Waterfront ,Portland,2020-03-21 00:00:00,248,Temporary Layoff,2020-06-05 00:00:00
Oregon,,,,,,,,6903,PCC Structurals - Portland,Portland,2020-07-24 00:00:00,94,Reduction,2020-06-04 00:00:00
Oregon,,,,,,,,6903,PCC Structurals - Clackamas,Clackamas,2020-04-15 00:00:00,170,Reduction,2020-06-04 00:00:00
Oregon,,,,,,,,6903,PCC Structurals - Portland,Portland,2020-04-15 00:00:00,547,Reduction,2020-06-04 00:00:00
Oregon,,,,,,,,6903,PCC Structurals - Redmond,Redmond,2020-04-13 00:00:00,175,Large Layoff - 10 or more workers,2020-06-04 00:00:00
Oregon,,,,,,,,6847,Benson Hotel,Portland,2020-06-01 00:00:00,81,Reduction,2020-06-01 00:00:00
Oregon,,,,,,,,6846,Embassy Suites - Portland - Wash Sq ,Tigard,2020-06-01 00:00:00,7,Temporary Layoff,2020-05-31 00:00:00
Oregon,,,,,,,,6846,Embassy Suites - Portland - Wash Sq ,Tigard,2020-03-29 00:00:00,81,Temporary Layoff,2020-05-31 00:00:00
Oregon,,,,,,,,6751,Interfor - Gilchrist Division,Gilchrist,2020-06-01 00:00:00,131,Temporary Layoff,2020-05-19 00:00:00
Oregon,,,,,,,,7056,Atrium Hospitality - Portland Embassy S,Portland,2020-03-12 00:00:00,105,Other,2020-05-13 00:00:00
Oregon,,,,,,,,6596,Nordstrom - Clackamas Town Center,Happy Valley,2020-06-01 00:00:00,189,Permanent closure,2020-05-11 00:00:00
Oregon,,,,,,,,6551,Bright Wood - Redmond,Redmond,2020-03-23 00:00:00,12,Large Layoff - 10 or more workers,2020-05-04 00:00:00
Oregon,,,,,,,,6551,Bright Wood,Madras,2020-03-23 00:00:00,199,Large Layoff - 10 or more workers,2020-05-04 00:00:00
Oregon,,,,,,,,6468,DAKINE,Hood River,2020-05-15 00:00:00,39,Permanent closure,2020-05-01 00:00:00
Oregon,,,,,,,,6352,Meggitt - Oregon Inc,Mcminnville,2020-05-18 00:00:00,118,Large Layoff - 10 or more workers,2020-04-30 00:00:00
Oregon,,,,,,,,6469,Multnomah Street Property,Portland,2020-03-26 00:00:00,20,Permanent closure,2020-04-29 00:00:00
Oregon,,,,,,,,6469,IVI Hotel Management of Oregon - Innven,"Tukwila, WA",2020-03-20 00:00:00,350,Reduction,2020-04-29 00:00:00
Oregon,,,,,,,,6469,IVI Hotel Management of Oregon - Innven,"Tukwila, WA",2020-03-20 00:00:00,18,Other,2020-04-29 00:00:00
Oregon,,,,,,,,6321,Regal - Tigard,Tigard,2020-03-17 00:00:00,68,Other,2020-04-29 00:00:00
Oregon,,,,,,,,6465,Portland Art Museum,Portland,2020-07-01 00:00:00,96,Reduction,2020-04-28 00:00:00
Oregon,,,,,,,,6462,Hertz,"Estero, FL",2020-06-18 00:00:00,1,Reduction,2020-04-24 00:00:00
Oregon,,,,,,,,6462,Hertz - PDX,Portland,2020-05-20 00:00:00,17,Temporary Layoff,2020-04-24 00:00:00
Oregon,,,,,,,,6462,Hertz - PDX,Portland,2020-04-14 00:00:00,67,Large Layoff - 10 or more workers,2020-04-24 00:00:00
Oregon,,,,,,,,6271,Adventist Health - Tillamook,Tillamook,2020-12-31 00:00:00,7,Reduction,2020-04-23 00:00:00
Oregon,,,,,,,,6271,Adventist Health - Tillamook,Tillamook,2020-05-05 00:00:00,15,Temporary Layoff,2020-04-23 00:00:00
Oregon,,,,,,,,6271,Adventist Health - Tillamook,Tillamook,2020-05-05 00:00:00,2,Reduction,2020-04-23 00:00:00
Oregon,,,,,,,,6183,Enterprise Holdings ,Tualatin,2020-04-30 00:00:00,14,Reduction,2020-04-23 00:00:00
Oregon,,,,,,,,6183,Enterprise Holdings - PDX,Portland,2020-04-30 00:00:00,18,Reduction,2020-04-23 00:00:00
Oregon,,,,,,,,6183,Enterprise Holdings - PDX ,Portland,2020-03-19 00:00:00,60,Temporary Layoff,2020-04-23 00:00:00
Oregon,,,,,,,,6183,Enterprise Holdings - Admin,Tualatin,2020-03-19 00:00:00,262,Temporary Layoff,2020-04-23 00:00:00
Oregon,,,,,,,,6065,Visionworks,"San Antonio, TX",2020-04-20 00:00:00,103,Other,2020-04-23 00:00:00
Oregon,,,,,,,,6064,Oksenholt Hospitality Company - Meredit,Lincoln City,2020-03-19 00:00:00,94,Large Layoff - 10 or more workers,2020-04-20 00:00:00
Oregon,,,,,,,,6064,Oksenholt Hospitality Company - Mojo Re,Bend,2020-03-18 00:00:00,2,Large Layoff - 10 or more workers,2020-04-20 00:00:00
Oregon,,,,,,,,6064,Oksenholt Hospitality - Meredith Lodgin,Bend,2020-03-17 00:00:00,15,Large Layoff - 10 or more workers,2020-04-20 00:00:00
Oregon,,,,,,,,5779,Enterprise Holdings - PDX,Portland,2020-03-04 00:00:00,62,Temporary Layoff,2020-04-20 00:00:00
Oregon,,,,,,,,5668,Augusta Sportswear Brands - Coburg,Coburg,2020-03-31 00:00:00,25,Temporary Layoff,2020-04-16 00:00:00
Oregon,,,,,,,,5668,Augusta Sportswear Brands - Coburg,Coburg,2020-03-30 00:00:00,21,Temporary Layoff,2020-04-16 00:00:00
Oregon,,,,,,,,5668,Augusta Sportswear Brands - Coburg,Coburg,2020-03-23 00:00:00,6,Temporary Layoff,2020-04-16 00:00:00
Oregon,,,,,,,,5781,Women's Healthcare Associates,Portland,2020-04-13 00:00:00,186,Temporary Layoff,2020-04-14 00:00:00
Oregon,,,,,,,,5587,The Portland Clinic,Portland,2020-06-01 00:00:00,101,Reduction,2020-04-14 00:00:00
Oregon,,,,,,,,5587,The Portland Clinic,Portland,2020-06-01 00:00:00,90,Temporary Layoff,2020-04-14 00:00:00
Oregon,,,,,,,,5587,The Portland Clinic,Portland,2020-04-06 00:00:00,193,Other,2020-04-14 00:00:00
Oregon,,,,,,,,5587,The Portland Clinic,Portland,2020-04-01 00:00:00,234,Other,2020-04-14 00:00:00
Oregon,,,,,,,,5037,Andale Management Group dba The Country,Portland,2020-03-17 00:00:00,48,Temporary Layoff,2020-04-10 00:00:00
Oregon,,,,,,,,4957,Eagle Crest Resort,Redmond,2020-04-10 00:00:00,60,Temporary Layoff,2020-04-09 00:00:00
Oregon,,,,,,,,4764,The Oregon Clinic,Portland,2020-03-16 00:00:00,820,Temporary Layoff,2020-04-08 00:00:00
Oregon,,,,,,,,4763,Allura - OR,White City,2020-04-08 00:00:00,80,Other,2020-04-08 00:00:00
Oregon,,,,,,,,4762,Phoenix Inn Suites,Salem,2020-03-27 00:00:00,15,Reduction,2020-04-08 00:00:00
Oregon,,,,,,,,4762,The Salem Convention Center,Salem,2020-03-27 00:00:00,72,Reduction,2020-04-08 00:00:00
Oregon,,,,,,,,4762,The Grand Hotel in Salem,Salem,2020-03-27 00:00:00,26,Reduction,2020-04-08 00:00:00
Oregon,,,,,,,,4762,Phoenix Inn Suites - Albany,Albany,2020-03-27 00:00:00,13,Reduction,2020-04-08 00:00:00
Oregon,,,,,,,,4762,The Grand Hotel at Bridgeport,Tigard,2020-03-27 00:00:00,28,Reduction,2020-04-08 00:00:00
Oregon,,,,,,,,4762,Phoenix Inn Suites - Lake Oswego,Lake Oswego,2020-03-27 00:00:00,12,Reduction,2020-04-08 00:00:00
Oregon,,,,,,,,4762,Phoenix Inn Suites - Eugene,Eugene,2020-03-27 00:00:00,21,Reduction,2020-04-08 00:00:00
Oregon,,,,,,,,4762,Bentley's Grill,Salem,2020-03-27 00:00:00,40,Reduction,2020-04-08 00:00:00
Oregon,,,,,,,,4956,Multnomah Athletic Club,Portland,2020-05-01 00:00:00,635,Large Layoff - 10 or more workers,2020-04-06 00:00:00
Oregon,,,,,,,,4388,EVRAZ - Portland,Portland,2020-04-06 00:00:00,232,Reduction,2020-04-06 00:00:00
Oregon,,,,,,,,4522,Landmark Ford Lincoln,Tigard ,2020-03-25 00:00:00,46,Temporary Layoff,2020-04-03 00:00:00
Oregon,,,,,,,,4381,Pac-12 Enterprises dba Pac-12 Networks,"San Francisco, CA",2020-03-14 00:00:00,531,Other,2020-04-03 00:00:00
Oregon,,,,,,,,4334,Carr Auto Group,Beaverton,2020-04-03 00:00:00,54,Temporary Layoff,2020-04-03 00:00:00
Oregon,,,,,,,,4323,Benihana,Beaverton,2020-03-17 00:00:00,57,Reduction,2020-04-02 00:00:00
Oregon,,,,,,,,4198,RLK Co. Timberline Lodge,Government Camp,2020-03-23 00:00:00,471,Reduction,2020-04-01 00:00:00
Oregon,,,,,,,,4169,Shamrock Foods Co.,Portland,2020-04-01 00:00:00,8,Temporary Layoff,2020-04-01 00:00:00
Oregon,,,,,,,,5407,John's Incredible Pizza Company ,Beaverton,2020-04-03 00:00:00,74,Temporary Layoff,2020-03-31 00:00:00
Oregon,,,,,,,,4091,SAS Restaurant Ventures,Ontario,2020-03-31 00:00:00,32,Temporary Layoff,2020-03-31 00:00:00
Oregon,,,,,,,,4079,Paper Source - Tigard,Tigard ,2020-03-29 00:00:00,13,Temporary Layoff,2020-03-27 00:00:00
Oregon,,,,,,,,4079,Paper Source - Portland,Portland,2020-03-29 00:00:00,13,Temporary Layoff,2020-03-27 00:00:00
Oregon,,,,,,,,4337,Big Al's II,Beaverton,2020-03-18 00:00:00,120,Temporary Layoff,2020-03-18 00:00:00
Oregon,,,,,,,,6692,Happy Guests Intl. - Salty's,Portland,,,Temporary Layoff,2020-05-14 00:00:00
Oregon,,,,,,,,8592,"Rise Services, Inc.","Mesa, AZ",,,Permanent closure,2023-07-18 00:00:00
Oregon,,,,,,,,9324,"Zeco Systems, Inc. dba Shell EV Chargin","Los Angeles, CA",,,Large Layoff - 10 or more workers,2025-08-18 00:00:00
Oregon,,,,,,,,8470,BOISE CASCADE ELGIN PLYWOOD MILL       ,ELGIN                         ,,,Large Layoff - 10 or more workers,2022-12-14 00:00:00
