state,company,city,notice_date,layoff_date,employees_affected,closure_type,notes,NAICS  Code,Local Area,Total  Employees,Effective  Date,COUNTY_NAME,WDA_NAME,WFDD_RECEIVED_DATE,zip,lwib_area,address,contact_person,collective_bargaining_unit,type_detail
Alaska,"Chugach Training & Educational Solutions, LLC (CTESL)",Palmer,6/2/25,6/30/25,110,,Loss of Contract,,,,,,,,,,,,,
Alaska,"Vigor Alaska, LLC",Ketchikan,5/7/25,Begins 7/7/25 and will be staggered until official closure on 11/30/25,72,,Closure,,,,,,,,,,,,,
Alaska,"RavnAir Group, Corvus Airlines, Hageland Aviation Services and Peninsula Aviation Services","Anchorage and 20 smaller Alaska communities, plus Boston, Mass.",9/30/20*,8/7/20,"1,234",,COVID-19; permanent,,,,,,,,,,,,,
Alaska,,,,,,,,,,,,,,,,,,,,
DC,Elior North America,,"February 2, 2026","June 30, 2026",76,1,,,,,,,,,,,,,,
DC,WP Company LLC,,"February 6, 2026","April 10, 2026",277,1,,,,,,,,,,,,,,
DC,Albertson's/Safeway,,"March 13, 2026",TBD,87,2,,,,,,,,,,,,,,
DC,"Bering Global Solutions, LLC",,"March 13, 2026","March 31, 2026",108,1,,,,,,,,,,,,,,
DC,General Dynamics Information Technology,,"April 17, 2026","June 15, 2026",87,1,,,,,,,,,,,,,,
DC,"Golden Services, LLC",,"January 1, 2025","January 31, 2025",43,2,,,,,,,,,,,,,,
DC,"Freedom House, Inc",,"February 14, 2025","April 15, 2025",76,1,,,,,,,,,,,,,,
DC,United Medical Center,,"February 20, 2025","Various Dates through September 30, 2025",485,2,,,,,,,,,,,,,,
DC,ACDI VOCA,,"March 6, 2025","April 2, 2025",109,1,,,,,,,,,,,,,,
DC,Dexis Consulting Group,,"March 10, 2025","March 14, 2025 through April 30, 2025",94,1,,,,,,,,,,,,,,
DC,IREX,,"March 11, 2025","March 3, 2025",130,1,,,,,,,,,,,,,,
DC,Save the Children,,"March 13, 2025","February 28 and March 7 & 14, 2025",116,1,,,,,,,,,,,,,,
DC,Institute of International Education,,"March 13, 2025","Various Dates through May 16, 2026",95,1,,,,,,,,,,,,,,
DC,Chemonics,,"March 14, 2025","Various Dates through May 30, 2025",500,1,,,,,,,,,,,,,,
DC,Cointerpart International,,"March 28, 2025","March 28 through May 31, 2025",64,1,,,,,,,,,,,,,,
DC,"Freedom House, Inc.",,"March 28, 2025","May 27, 2025",30,1,,,,,,,,,,,,,,
DC,American Federation of Government Employees (AFGE),,"March 31, 2025","May 30, 2025",206,1,,,,,,,,,,,,,,
DC,International Republican Institute,,"April 7, 2025","June 6, 2025",246,1,,,,,,,,,,,,,,
DC,Family Health International d/b/a FHI360,,"April 9, 2025","May 2, 2025 through May 16, 2026",260,1,,,,,,,,,,,,,,
DC,US Conference of Catholic Bishops,,"April 14, 2025","May 30, 2025",39,1,,,,,,,,,,,,,,
DC,Institue of International Education,,"April 14, 2025","Various Dates through June 29, 2025",45 (amended),1,,,,,,,,,,,,,,
DC,Children's School Services,,"April 25, 2025","June 28, 2025",226,1,,,,,,,,,,,,,,
DC,Institue of International Education,,"April 25, 2025","Various Dates through June 29, 2025",63 (amended),1,,,,,,,,,,,,,,
DC,Radio Free Asia,,"May 2, 2025","May 9 through September 30, 2025",285,1,,,,,,,,,,,,,,
DC,Pact,,"May 13, 2025","June 24,2025",72,1,,,,,,,,,,,,,,
DC,"Sodexo Services East, LLC",,"May 15, 2025","August 8, 2025",228,1,,,,,,,,,,,,,,
DC,ACDI/VOCA,,"June 4, 2025","August 4, 2025",19,1,,,,,,,,,,,,,,
DC,Institue of International Education,,"June 4, 2025","Various Dates through September 28, 2025",54 (amended),1,,,,,,,,,,,,,,
DC,"Sodexo, Inc.",,"June 6, 2025","July 31 through August 28, 2025",308,1,,,,,,,,,,,,,,
DC,Institue of International Education,,"July 1, 2025","Various Dates through November2, 2025",54 (amended),1,,,,,,,,,,,,,,
DC,ACDI VOGA,,"July 2, 2025","September 2, 2025",4,1,,,,,,,,,,,,,,
DC,National Association of County and City Health Officials,,"July 30, 2025","September 30, 2025",43,1,,,,,,,,,,,,,,
DC,ACDI VOCA,,"July 30, 2025","October 1, 2025",4,1,,,,,,,,,,,,,,
DC,Corporation for Public Broadcasting,,"August 1, 2025","September 30, 2025",94,1,,,,,,,,,,,,,,
DC,Institue of International Education,,"August 11, 2025","Various Dates through November 2, 2025",46 (amended),1,,,,,,,,,,,,,,
DC,Chemonics,,"August 25, 2025","September 30 through September 28, 2025",59,1,,,,,,,,,,,,,,
DC,Target,,"August 27, 2025","November 1, 2025",44,2,,,,,,,,,,,,,,
DC,ACDI VOCA,,"August 28, 2025","November 3, 2025",5,1,,,,,,,,,,,,,,
DC,Institue of International Education,,"September 10, 2025","Various Dates through September 28, 2025",46 (amended),1,,,,,,,,,,,,,,
DC,Institue of International Education,,"October 20, 2025","January 4, 2026",24,1,,,,,,,,,,,,,,
DC,RATP DEV and Midtown Group,,"October 29, 2025","January 3, 2026",52,2,,,,,,,,,,,,,,
Maryland,Hendall Inc.,"1803 Research Blvd, Suite 300 Rockville, MD 20850",04/14/2026,,,"Mass Layoff - No RecallNote: Temporary, may become permanent",,541512.0,Montgomery County,50,06/10/2026,,,,,,,,,
Maryland,Leidos,"3300 Lord Baltimore Drive Windsor Mill, MD 21244",04/06/2026,,,Mass Layoff - No Recall,,334413.0,Baltimore County,156,06/05/2026,,,,,,,,,
Maryland,"Cox Automotive Corp Svc., LLC","4805 Philadelphia Road Belcamp, MD 21014",04/03/2026,,,Mass Layoff - No Recall,,423110.0,Susquehanna,70,06/05/2026,,,,,,,,,
Maryland,Leidos,"6910 Cooper Ave Fort Meade, MD 20755",04/02/2026,,,Mass Layoff - No Recall,,541519.0,Anne Arundel,71,05/31/2026,,,,,,,,,
Maryland,"Tyto Athene, LLC","6910 Cooper Ave Fort Meade, MD 20755",04/02/2026,,,Mass Layoff - No Recall,,541519.0,Anne Arundel,39,05/31/2026,,,,,,,,,
Maryland,Legacy Supply Chain,"238 Belvidere Road Perryville, MD 21903",04/01/2026,,,Mass Layoff - No Recall,,493110.0,Susquehanna,21,06/06/2026,,,,,,,,,
Maryland,General Dynamics Information Technology,"5601 Fishers Lane Rockville, MD 20852",04/01/2026,,,Mass Layoff - No Recall,,541330.0,Montgomery County,74,06/01/2026,,,,,,,,,
Maryland,"*RESCINDED* Advanced Packaging, Inc.","4818 Seton Drive Baltimore, MD 21215",03/31/2026,,,Plant Closure,,326199.0,Baltimore City,18,06/01/2026,,,,,,,,,
Maryland,Carnegie Institution for Science,"3520 San Martin Drive Baltimore, MD 21218",03/30/2026,,,Mass Layoff - No Recall,,541715.0,Baltimore City,15,06/30/2026,,,,,,,,,
Maryland,General Dynamics Information Technology,"4600 Sangamore Road Bethesda, MD 20816",03/27/2026,,,Mass Layoff - No Recall,,541330.0,Montgomery County,21,05/29/2026,,,,,,,,,
Maryland,"Maryland and Virginia Milk Producers Cooperative Association, Inc. d/b/a Maola","8321 Leishear Road Laurel, Maryland 20723",03/26/2026,,,Plant Closure,,311511.0,Howard County,72,06/01/2026 - 12/31/2026,,,,,,,,,
Maryland,Evonik Corporation,"701 Fountain Street Havre De Grace, MD 21078",03/25/2026,,,Plant Closure,,325180.0,Susquehanna,34,06/30/2026 - 12/31/2026,,,,,,,,,
Maryland,"PedalPoint EvTerra Recycling, LLC","7118 Geoffrey Way, Unit E Frederick, MD 21704",03/19/2026,,,Plant Closure,,562920.0,Frederick,17,05/19/2026,,,,,,,,,
Maryland,"Panera, LLC","7801 Dorsey Run Jessup, MD 20794",03/17/2026,,,Plant Closure,,311812.0,Howard County,118,05/20/2026 - 05/22/2026,,,,,,,,,
Maryland,"Bering Global Solutions, LLC (BGS) - CBD","5813 Bayside Rd Chesapeake Beach, MD 20732",03/13/2026,,,Mass Layoff - No Recall,,561210.0,Southern Maryland,21,03/31/2026,,,,,,,,,
Maryland,"Bering Global Solutions, LLC (BGS) - Carderock","9500 Macarthur Blvd. Bethesda, MD 20817",03/13/2026,,,Mass Layoff - No Recall,,561210.0,Montgomery County,6,03/31/2026,,,,,,,,,
Maryland,"Bering Global Solutions, LLC (BGS) - Bethesda","8901 Rockville Pike Bethesda, MD 20889",03/13/2026,,,Mass Layoff - No Recall,,561210.0,Montgomery County,5,03/31/2026,,,,,,,,,
Maryland,United Source One,"4610 Mercedes Drive, Suite 110  Belcamp, MD 21017",03/11/2026,,,Mass Layoff - No Recall,,424470.0,Susquehanna,8,03/04/2026,,,,,,,,,
Maryland,Amentum,"10530 Riverview Road  Fort Washington, MD 20744",03/09/2026,,,Mass Layoff - No Recall,,541330.0,Prince Georgeâs,9,05/03/2026,,,,,,,,,
Maryland,Amentum,"4251 Suitland Road  Suitland, MD 20746",03/09/2026,,,Mass Layoff - No Recall,,541330.0,Prince Georgeâs,27,05/03/2026,,,,,,,,,
Maryland,"Horizon Therapeutics USA, Inc.","9605 Medical Center Drive, Suite 325  Rockville, MD 20850",03/09/2026,,,Mass Layoff - No Recall,,325412.0,Montgomery County,22,05/08/2026,,,,,,,,,
Maryland,Saks & Company LLC,"5555 Wisconsin Avenue  Chevy Chase, MD 20815",03/06/2026,,,Plant Closure,,458110.0,Montgomery County,75,05/06/2026 - 05/31/2026,,,,,,,,,
Maryland,C2 Technologies,"7601 Lewinsville Road, Suite 200  McLean, Virginia 22102",03/06/2026,,,Mass Layoff - No Recall,,611430.0,Statewide,1,03/06/2026,,,,,,,,,
Maryland,Excelitas,"910 Clopper Road  Gaithersburg, MD 20878",03/03/2026,,,Mass Layoff - No Recall,,335129.0,Montgomery County,30,05/15/2026 - 10/31/2026,,,,,,,,,
Maryland,"IPIC Theaters, LLC","11830 Grand Park Avenue  North Bethesda, MD 20852",03/02/2026,,,Plant Closure,,711110.0,Montgomery County,116,04/28/2026,,,,,,,,,
Maryland,Viskon-Aire Corporation,"410 Winfield Avenue  Salisbury, MD 21801",2/24/2026,,,Plant Closure,,333413.0,Lower Shore,51,04/13/2026- 09/30/2026,,,,,,,,,
Maryland,Duality Ventures LLC,"16604 Industrial Lane  Williamsport, MD 21795",2/23/2026,,,Plant Closure,,492210.0,Western Maryland,98,03/21/2026,,,,,,,,,
Maryland,"Hornblower Cruises and Events, LLC","575 S. Charles Street, Suite 506, Baltimore, MD 21201",02/19/2026,,,Mass Layoff - No Recall,,487210.0,Baltimore City,51,04/25/2026,,,,,,,,,
Maryland,"Catalent  Maryland, Inc.","7555 Harmans  Road  Harmans, MD  21077",02/19/2026,,,Mass Layoff - No Recall,,325412.0,Anne Arundel County,93,04/19/2026,,,,,,,,,
Maryland,"Catalent  Maryland, Inc.","801 West  Baltimore Street  Suite 302  Baltimore, MD  21201",02/19/2026,,,Mass Layoff - No Recall,,325412.0,Baltimore City,3,04/19/2026,,,,,,,,,
Maryland,Breakthru Beverage Group,"525 Progress Drive, Suite K, Linthicum Heights, MD 21090",02/17/2026,,,Mass Layoff - No Recall,,424820.0,Anne Arundel County,35,04/18/2026,,,,,,,,,
Maryland,"Loweâs Companies, Inc.","1000 Loweâs Blvd.  Mooresville, NC  28117",02/17/2026,,,Mass Layoff - No Recall,,444110.0,Statewide,5 (Remote workers in MD),04/19/2026 - 05/01/2026,,,,,,,,,
Maryland,T. Rowe Price,"1307 Point Street  Baltimore, MD 21231",02/12/2026,,,Mass Layoff - No Recall,,523940.0,Baltimore City,54,02/06/2026,,,,,,,,,
Maryland,Savage  Infrastructure  LLC,"354 Table Rock  Road  Oakland, MD  21550",02/09/2026,,,Plant Closure,,484110.0,Western Maryland,72,04/07/2026 - 04/21/2026,,,,,,,,,
Maryland,"LifeBridge Suburban Staffing, LLC","2850 N. Ridge Road  Ellicott City, MD",02/06/2026,,,"Plant Closure  Note: Work performed at Ellicott City Ambulatory Surgery Center, L.L.L.P)",,561311.0,Howard County,23,03/07/2026- 04/06/2026,,,,,,,,,
Maryland,"NFI Interactive Technologies, LLC (NFI)","81 Belvedere Road Perryville, MD 21903",02/04/2026,,,Plant Closure,,484121.0,Susquehanna,40,03/30/2026,,,,,,,,,
Maryland,"HGS CX Technologies, Inc. f/k/a HGS USA","12120 Rojas Drive El Paso, Texas",02/04/2026,,,Mass Layoff - No Recall,,561499.0,Statewide,92,03/31/2026 -04/14/2026,,,,,,,,,
Maryland,"Charles River  Laboratories,  Inc.",3600 Cabover  Drive  Hanover MD  21076,02/02/2026,,,Plant Closure,,541715.0,Anne Arundel County,20,03/23/2026,,,,,,,,,
Maryland,"MUFG Investor  Services (US),  LLC (MUIS)","805 King Farm  Boulevard, Suite  600  Rockville,MD  20850",01/30/2026,,,Mass Layoff - No  Recall,,523920.0,Montgomery County,86,03/31/2026 -  06/30/2025,,,,,,,,,
Maryland,Saks & Company LLC,"22705 Clarksburg Road  Clarksburg, MD 20871",01/29/2026,,,Plant Closure,,458110.0,Montgomery County,15,04/30/2026,,,,,,,,,
Maryland,Saks & Company LLC,"7000 Arundel Mills Circle  Hanover, MD 21076",01/29/2026,,,Plant Closure,,458110.0,Anne Arundel County,16,04/30/2026,,,,,,,,,
Maryland,Amazon - MAF1 facility,"5463 Wisconsin Ave.  Chevy Chase, MD 20815",01/28/2026,,,Plant Closure,,454110.0,Montgomery County,129,04/28/2026,,,,,,,,,
Maryland,Amazon - MAG5 facility,"8525 Chevy Chase Lake Terrace  Chevy Chase, MD 20815",01/28/2026,,,Plant Closure,,454110.0,Montgomery County,118,04/28/2026,,,,,,,,,
Maryland,Amazon - MAH5 facility,"15790 Shady Grove Road  Gaithersburg, MD  20877",01/28/2026,,,Plant Closure,,454110.0,Montgomery County,155,04/28/2026,,,,,,,,,
Maryland,Amazon - MAT8 facility,"6711 Ritchie Highway  Glen Burnie, MD  21061",01/28/2026,,,Plant Closure,,454110.0,Anne Arundel County,156,04/28/2026,,,,,,,,,
Maryland,Amazon - MAV2 facility,"12263 Prosperity Drive  Silver Spring, MD 20904",01/28/2026,,,Plant Closure,,454110.0,Montgomery County,184,04/28/2026,,,,,,,,,
Maryland,Weis Store #291,"15300 McMullen  Highway  Cumberland, MD  21502",01/15/2026,,,Plant Closure,,445110.0,Western Maryland,52,03/16/2026,,,,,,,,,
Maryland,Home Depot  Design Center,"12087 Rockville  Pike  Rockville, MD  20852",01/14/2026,,,Plant Closure,,444110.0,Montgomery  County,85,03/14/2026,,,,,,,,,
Maryland,Peraton,"6201 Security  Blvd  Woodlawn, MD  21207",01/14/2026,,,Mass Layoff - No Recall,,518210.0,Baltimore  County,35,02/28/2026,,,,,,,,,
Maryland,"BAE Systems,  Inc.","306 Sentinel  Drive, Suite 500,  Annapolis  Junction, MD  20701",1/2/2026,,,Mass Layoff - No Recall,,541512.0,Anne Arundel  County,55,03/02/2026 -  04/02/2026,,,,,,,,,
Texas,Macy's - Houston (Almeda),Houston,01/15/2025,03/18/2025,72.0,,,,,,,Harris,Gulf Coast WDA,01/15/2025,,,,,,
Texas,RR Donnelley,Nacogdoches,01/14/2025,03/15/2025,88.0,,,,,,,Nacogdoches,Deep East Texas WDA,01/14/2025,,,,,,
Texas,"COSMAX NBT USA, INC #1",Garland,01/14/2025,02/28/2025,80.0,,,,,,,Dallas,Dallas County WDA,01/14/2025,,,,,,
Texas,"Scentsy, Inc.",Coppell,01/09/2025,03/01/2025,94.0,,,,,,,Dallas,Dallas County WDA,01/09/2025,,,,,,
Texas,Commanche Peak Nuclear Power Plant,Glen Rose,01/08/2025,01/31/2025,86.0,,,,,,,Somervell,North Central Texas WDA,01/08/2025,,,,,,
Texas,Crothall Healthcare-Houston,Houston,01/08/2025,12/15/2024,69.0,,,,,,,Harris,Gulf Coast WDA,01/08/2025,,,,,,
Texas,"ICON Technology, Inc.",Austin,01/07/2025,03/08/2025,114.0,,,,,,,Travis,Capital Area WDA,01/07/2025,,,,,,
Texas,Animal Supply Co. LLC,Grand Prairie,02/11/2025,02/21/2025,145.0,,,,,,,Tarrant,Tarrant County WDA,02/11/2025,,,,,,
Texas,Catholic Charities of Dallas (Refuge Resettlement Program),Dallas,02/11/2025,02/11/2025,63.0,,,,,,,Dallas,Dallas County WDA,02/11/2025,,,,,,
Texas,Propio Language Services,San Antonio,02/11/2025,02/11/2025,40.0,,,,,,,Bexar,Alamo WDA,02/11/2025,,,,,,
Texas,Catholic Charities Archdiocese Of Galveston-Houston (Louisiana Street),Houston,02/10/2025,02/07/2025,11.0,,,,,,,Harris,Gulf Coast WDA,02/10/2025,,,,,,
Texas,Catholic Charities Archdiocese Of Galveston-Houston (Smith Street),Houston,02/10/2025,02/07/2025,43.0,,,,,,,Harris,Gulf Coast WDA,02/10/2025,,,,,,
Texas,Catholic Charities Archdiocese Of Galveston-Houston (Bering Drive),Houston,02/10/2025,02/07/2025,58.0,,,,,,,Harris,Gulf Coast WDA,02/10/2025,,,,,,
Texas,Catholic Charities Archdiocese Of Galveston-Houston (San Felipe),Houston,02/10/2025,02/07/2025,8.0,,,,,,,Harris,Gulf Coast WDA,02/10/2025,,,,,,
Texas,Syzygy Plasmonics,Houston,02/05/2025,03/31/2025,58.0,,,,,,,Harris,Gulf Coast WDA,02/05/2025,,,,,,
Texas,Syzygy Plasmonics (Kirby),Houston,02/05/2025,03/31/2025,10.0,,,,,,,Harris,Gulf Coast WDA,02/05/2025,,,,,,
Texas,"LX Pantos America, Inc.",Fort Worth,02/05/2025,04/04/2025,131.0,,,,,,,Tarrant,Tarrant County WDA,02/05/2025,,,,,,
Texas,Pathlight Property Management (OPVHHJV LLC),Plano,02/05/2025,03/31/2025,192.0,,,,,,,Collin,North Central Texas WDA,02/05/2025,,,,,,
Texas,Hll Mission Technologies(Administrative Office of the US Courts (AOUSC),San Antonio,02/05/2025,03/31/2025,56.0,,,,,,,Bexar,Alamo WDA,02/05/2025,,,,,,
Texas,One TouchPoint,Austin,01/30/2025,01/31/2025,43.0,,,,,,,Travis,Capital Area WDA,01/30/2025,,,,,,
Texas,S & B Engineers and Constructors (Eastman),Longview,01/29/2025,03/28/2025,43.0,,,,,,,Gregg,East Texas WDA,01/29/2025,,,,,,
Texas,Allied Aviation-Southlake,Southlake,01/29/2025,03/31/2025,362.0,,,,,,,Tarrant,Tarrant County WDA,01/29/2025,,,,,,
Texas,Manpower Group (Irving),Irving,01/29/2025,03/28/2025,173.0,,,,,,,Dallas,Dallas County WDA,01/29/2025,,,,,,
Texas,"Construction Specialties Platforn Holdings, LLC",Denton,01/27/2025,03/31/2025,89.0,,,,,,,Denton,North Central Texas WDA,01/27/2025,,,,,,
Texas,"Chalk Mountain Services of Texas of Texas, LLC (Pleasanton)",Pleasanton,01/21/2025,02/02/2025,1.0,,,,,,,Atascosa,Alamo WDA,01/21/2025,,,,,,
Texas,Grocery Delivery E Services USA DBA Hello Fresh (Tarrant),Grand Prairie,03/12/2025,05/13/2025,273.0,,,,,,,Tarrant,Tarrant County WDA,03/12/2025,,,,,,
Texas,Constellis LLC (Laredo Border Station),Laredo,03/12/2025,03/07/2025,121.0,,,,,,,Webb,South Texas WDA,03/12/2025,,,,,,
Texas,Constellis LLC (Laredo #2),Laredo,03/12/2025,03/07/2025,30.0,,,,,,,Webb,South Texas WDA,03/12/2025,,,,,,
Texas,Chewy Inc. Fullfillment Center,Dallas,03/12/2025,05/10/2025,674.0,,,,,,,Dallas,Dallas County WDA,03/12/2025,,,,,,
Texas,"De La Paz Cleaning and Rental Services, LLC (Laredo)",Laredo,03/12/2025,03/07/2025,142.0,,,,,,,Webb,South Texas WDA,03/12/2025,,,,,,
Texas,Country Pure Foods,Houston,03/12/2025,05/09/2025,60.0,,,,,,,Harris,Gulf Coast WDA,03/12/2025,,,,,,
Texas,Interfaith Ministries Of Greater Houston (Refugee Services Program),Houston,03/11/2025,03/14/2025,101.0,,,,,,,Harris,Gulf Coast WDA,03/11/2025,,,,,,
Texas,"De La Paz Cleaning and Rental Services, LLC (North Eagle Pass)",Eagle Pass,03/11/2025,03/03/2025,60.0,,,,,,,Maverick,Middle Rio Grande WDA,03/11/2025,,,,,,
Texas,"De La Paz Cleaning and Rental Services, LLC (Donna)",Donna,03/11/2025,03/07/2025,125.0,,,,,,,Hidalgo,Lower Rio Grande Valley WDA,03/11/2025,,,,,,
Texas,"Centerra (Constellis, LLC)",McAllen,03/11/2025,03/07/2025,23.0,,,,,,,Hidalgo,Lower Rio Grande Valley WDA,03/11/2025,,,,,,
Texas,"Catholic Charities, Diocese of Fort Worth, INC",Fort Worth,03/10/2025,03/14/2025,169.0,,,,,,,Tarrant,Tarrant County WDA,03/10/2025,,,,,,
Texas,Ryder -Hutchins,Hutchins,03/06/2025,05/10/2025,110.0,,,,,,,Dallas,Dallas County WDA,03/06/2025,,,,,,
Texas,"Hatco, Inc",Longview,03/06/2025,02/27/2025,68.0,,,,,,,Gregg,East Texas WDA,03/06/2025,,,,,,
Texas,Pure Safety Group Inc. DBA Guardian Fall,Houston,03/05/2025,03/20/2025,59.0,,,,,,,Harris,Gulf Coast WDA,03/05/2025,,,,,,
Texas,"LUKE Holdings, Inc. (Del Rio)",Del Rio,03/05/2025,02/28/2025,36.0,,,,,,,Val Verde,Middle Rio Grande WDA,03/05/2025,,,,,,
Texas,"LUKE Holdings, Inc. (Donna)",Donna,03/05/2025,02/28/2025,201.0,,,,,,,Hidalgo,Lower Rio Grande Valley WDA,03/05/2025,,,,,,
Texas,"LUKE Holdings, Inc (Eagle Pass)",Eagle Pass,03/05/2025,02/28/2025,129.0,,,,,,,Maverick,Middle Rio Grande WDA,03/05/2025,,,,,,
Texas,JELD -WEN -Coppell,Coppell,03/03/2025,04/28/2025,56.0,,,,,,,Dallas,Dallas County WDA,03/03/2025,,,,,,
Texas,"LUKE Holdings, Inc.(Laredo)",Laredo,03/03/2025,02/28/2025,73.0,,,,,,,Webb,South Texas WDA,03/03/2025,,,,,,
Texas,"LUKE Holdings, Inc. (El Paso)",El Paso,03/03/2025,02/28/2025,227.0,,,,,,,El Paso,Borderplexjobs WDA,03/03/2025,,,,,,
Texas,MVM,El Paso,02/26/2025,03/18/2025,247.0,,,,,,,El Paso,Borderplexjobs WDA,02/26/2025,,,,,,
Texas,"MVM, Inc. (McAllen)",McAllen,02/26/2025,03/18/2025,132.0,,,,,,,Hidalgo,Lower Rio Grande Valley WDA,02/26/2025,,,,,,
Texas,Houston Refining LP (2025),Houston,02/25/2025,04/17/2025,345.0,,,,,,,Harris,Gulf Coast WDA,02/25/2025,,,,,,
Texas,Christus Health Santa Rosa Medical Center,San Antonio,02/24/2025,04/25/2025,479.0,,,,,,,Bexar,Alamo WDA,02/24/2025,,,,,,
Texas,L3Harris Technologies (JAVA MAN Program),Rockwall,02/24/2025,04/22/2025,179.0,,,,,,,Rockwall,North Central Texas WDA,02/24/2025,,,,,,
Texas,Southwest - Dallas Lovefield Airport,Dallas,02/19/2025,04/22/2025,626.0,,,,,,,Dallas,Dallas County WDA,02/19/2025,,,,,,
Texas,Neiman Marcus-One Marcus Square,Dallas,02/19/2025,03/31/2025,1.0,,,,,,,Dallas,Dallas County WDA,02/19/2025,,,,,,
Texas,Raices,San Antonio,02/18/2025,02/12/2025,61.0,,,,,,,Bexar,Alamo WDA,02/18/2025,,,,,,
Texas,"Graphic Solutions, Inc. (Spring Valley)",Dallas,04/23/2025,06/13/2025,64.0,,,,,,,Dallas,Dallas County WDA,04/23/2025,,,,,,
Texas,"Graphic Solutions, Inc (Welch Rd)",Dallas,04/23/2025,06/13/2025,2.0,,,,,,,Dallas,Dallas County WDA,04/23/2025,,,,,,
Texas,Graphic Solutuions Inc. (Farmers Branch),Farmers Branch,04/23/2025,06/13/2025,5.0,,,,,,,Dallas,Dallas County WDA,04/23/2025,,,,,,
Texas,MedStar Mobile Healthcare,Fort Worth,04/16/2025,07/01/2025,589.0,,,,,,,Tarrant,Tarrant County WDA,04/16/2025,,,,,,
Texas,Virtex Enterprises LP,Austin,04/16/2025,06/14/2025,84.0,,,,,,,Travis,Capital Area WDA,04/16/2025,,,,,,
Texas,Catholic Charities Archdiocese Of Galveston-Houston (Cabrini CFLA)San Felipe,Houston,04/08/2025,03/31/2025,36.0,,,,,,,Harris,Gulf Coast WDA,04/08/2025,,,,,,
Texas,Catholic Charities Archdiocese Of Galveston-Houston (Cabrini CFLA)Louisiana Street,Houston,04/08/2025,,6.0,,,,,,,Harris,Gulf Coast WDA,04/08/2025,,,,,,
Texas,Catholic Charities Archdiocese Of Galveston-Houston (Cabrini CFLA)Collins Road,Richmond,04/08/2025,03/31/2025,2.0,,,,,,,Fort Bend,Gulf Coast WDA,04/08/2025,,,,,,
Texas,Catholic Charities Archdiocese Of Galveston-Houston (Cabrini CFLA)South Loop West,Houston,04/08/2025,03/31/2025,1.0,,,,,,,Harris,Gulf Coast WDA,04/08/2025,,,,,,
Texas,US Cellular Corporation,Wichita Falls,04/08/2025,06/02/2025,1.0,,,,,,,Archer,Heart of Texas WDA,04/08/2025,,,,,,
Texas,"Movate, Inc.",Temple,04/08/2025,05/31/2025,51.0,,,,,,,Bell,North Central Texas WDA,04/08/2025,,,,,,
Texas,Raices (April 2025),San Antonio,04/08/2025,04/02/2025,159.0,,,,,,,Bexar,Alamo WDA,04/08/2025,,,,,,
Texas,Southeast Service Corporation Services for Education (Georgetown ISD),Georgetown,04/02/2025,05/31/2025,60.0,,,,,,,Williamson,,04/02/2025,,,,,,
Texas,Envision Physician Services LLC,San Antonio,04/02/2025,05/31/2025,120.0,,,,,,,Bexar,Alamo WDA,04/02/2025,,,,,,
Texas,Denali,Plano,04/02/2025,06/02/2025,28.0,,,,,,,Collin,North Central Texas WDA,04/02/2025,,,,,,
Texas,VF's Dickies Headquarters,Fort Worth,03/26/2025,05/30/2025,125.0,,,,,,,Tarrant,Tarrant County WDA,03/26/2025,,,,,,
Texas,American Bar Association (ProBAR),Harlingen,03/26/2025,05/19/2025,191.0,,,,,,,Cameron,Cameron County WDA,03/26/2025,,,,,,
Texas,Waco Family Medicine (Meyer Center),Waco,03/26/2025,03/21/2025,52.0,,,,,,,McLennan,Heart of Texas WDA,03/26/2025,,,,,,
Texas,SouthState Bank,McKinney,03/26/2025,05/31/2025,141.0,,,,,,,Collin,North Central Texas WDA,03/26/2025,,,,,,
Texas,Durhan School Services-Wichita Falls,Wichita Falls,03/26/2025,06/30/2025,1.0,,,,,,,Archer,North Texas WDA,03/26/2025,,,,,,
Texas,Waco Family Medicine (Bell's Hill),Waco,03/26/2025,03/21/2025,52.0,,,,,,,McLennan,Heart of Texas WDA,03/26/2025,,,,,,
Texas,Waco Familly Medicine (MCC),Waco,03/26/2025,03/21/2025,52.0,,,,,,,McLennan,Heart of Texas WDA,03/26/2025,,,,,,
Texas,"BH Security, LLC DBA Brinks Home",Dallas,03/19/2025,06/30/2025,61.0,,,,,,,Dallas,Dallas County WDA,03/19/2025,,,,,,
Texas,"Church World Service, Inc.",Houston,03/18/2025,02/03/2025,63.0,,,,,,,Harris,Gulf Coast WDA,03/18/2025,,,,,,
Texas,"C&S Family of Companies (GSC Wholesale, LLC)",Houston,03/17/2025,03/14/2025,21.0,,,,,,,Harris,Gulf Coast WDA,03/17/2025,,,,,,
Texas,Texana Center (Building A) Airport Service Center,Rosenberg,05/28/2025,05/21/2025,27.0,,,,,,,Fort Bend,Gulf Coast WDA,05/28/2025,,,,,,
Texas,Texana Center (Building B) Airport Service Center,Rosenberg,05/28/2025,05/21/2025,25.0,,,,,,,Fort Bend,Gulf Coast WDA,05/28/2025,,,,,,
Texas,Texana Center El Campo Learning Center,El Campo,05/28/2025,05/21/2025,9.0,,,,,,,Wharton,Gulf Coast WDA,05/28/2025,,,,,,
Texas,Texana Center Glenn Lakes Group Home,Missouri City,05/28/2025,05/21/2025,7.0,,,,,,,Fort Bend,Gulf Coast WDA,05/28/2025,,,,,,
Texas,Texana Center North Street Group Home,Rosenberg,05/28/2025,05/21/2025,7.0,,,,,,,Fort Bend,Gulf Coast WDA,05/28/2025,,,,,,
Texas,Texana Center Aqua Vista Group,Rosenberg,05/28/2025,05/21/2025,4.0,,,,,,,Fort Bend,Heart of Texas WDA,05/28/2025,,,,,,
Texas,Texana Center Russeff Filed  Home,Rosenberg,05/28/2025,05/21/2025,5.0,,,,,,,Fort Bend,Gulf Coast WDA,05/28/2025,,,,,,
Texas,Texana Center Dovecoft Group Home,Rosenberg,05/28/2025,05/21/2025,6.0,,,,,,,Fort Bend,Gulf Coast WDA,05/28/2025,,,,,,
Texas,Texana Center Camden Landing Group Home,Rosenberg,05/28/2025,05/21/2025,5.0,,,,,,,Fort Bend,Gulf Coast WDA,05/28/2025,,,,,,
Texas,Texana Center Sunset Group Home,Wharton,05/28/2025,05/21/2025,8.0,,,,,,,Wharton,Gulf Coast WDA,05/28/2025,,,,,,
Texas,Texana Center Willowbend Group Home,Wharton,05/28/2025,05/21/2025,6.0,,,,,,,Wharton,Gulf Coast WDA,05/28/2025,,,,,,
Texas,Texana Center University Group Home,Wharton,05/28/2025,05/21/2025,5.0,,,,,,,Wharton,Gulf Coast WDA,05/28/2025,,,,,,
Texas,Texana Center Maude Group Home,Wharton,05/28/2025,05/21/2025,4.0,,,,,,,Wharton,Gulf Coast WDA,05/28/2025,,,,,,
Texas,LACROIX,El Paso,05/27/2025,07/01/2025,7.0,,,,,,,El Paso,Borderplexjobs WDA,05/27/2025,,,,,,
Texas,Child Care Associates,Ft. Worth,05/21/2025,06/30/2025,93.0,,,,,,,Tarrant,Tarrant County WDA,05/21/2025,,,,,,
Texas,Child Care Associates (Tucker),Arlington,05/21/2025,06/30/2025,7.0,,,,,,,Tarrant,Tarrant County WDA,05/21/2025,,,,,,
Texas,Child Care Associates (Linda Kay),Hurst,05/21/2025,06/30/2025,15.0,,,,,,,Tarrant,Tarrant County WDA,05/21/2025,,,,,,
Texas,Child Care Associates (Mansfield),Mansfield,05/21/2025,06/30/2025,15.0,,,,,,,Tarrant,Tarrant County WDA,05/21/2025,,,,,,
Texas,Child Care Associates (Carson),Fort Worth,05/21/2025,05/21/2025,14.0,,,,,,,Tarrant,Tarrant County WDA,05/21/2025,,,,,,
Texas,Child Care Associates (Meachum),Fort Worth,05/21/2025,06/30/2025,15.0,,,,,,,Tarrant,Tarrant County WDA,05/21/2025,,,,,,
Texas,Child Care Associates (Reagan),Fort Worth,05/21/2025,06/30/2025,14.0,,,,,,,Tarrant,Tarrant County WDA,05/21/2025,,,,,,
Texas,Child Care Associates (Rosedale V),Fort Worth,05/21/2025,06/30/2025,16.0,,,,,,,Tarrant,Tarrant County WDA,05/21/2025,,,,,,
Texas,Child Care Associates (Diamond Road),Fort Worth,05/21/2025,06/30/2025,13.0,,,,,,,Tarrant,Tarrant County WDA,05/21/2025,,,,,,
Texas,Child Care Associates (Morris Foundation),Fort Worth,05/21/2025,06/30/2025,17.0,,,,,,,Tarrant,Tarrant County WDA,05/21/2025,,,,,,
Texas,Child Care Associates(North Fort Worth),Fort Worth,05/21/2025,06/30/2025,16.0,,,,,,,Tarrant,Tarrant County WDA,05/21/2025,,,,,,
Texas,Child Care Associates (Blanche),Fort Worth,05/21/2025,06/30/2025,17.0,,,,,,,Tarrant,Tarrant County WDA,05/21/2025,,,,,,
Texas,Child Care Associates (Arlington 2),Arlington,05/21/2025,06/30/2025,22.0,,,,,,,Tarrant,Tarrant County WDA,05/21/2025,,,,,,
Texas,Child Care Associates (JA Hargrave),Fort Worth,05/21/2025,06/30/2025,19.0,,,,,,,Tarrant,Tarrant County WDA,05/21/2025,,,,,,
Texas,Child Care Associates (Everman),Fort Worth,05/21/2025,06/30/2025,9.0,,,,,,,Tarrant,Tarrant County WDA,05/21/2025,,,,,,
Texas,Sodexo (International Leadership TX),Irving,05/21/2025,06/30/2025,165.0,,,,,,,Dallas,Dallas County WDA,05/21/2025,,,,,,
Texas,F&S Produce West LLC,Houston,05/21/2025,07/20/2025,225.0,,,,,,,Harris,Gulf Coast WDA,05/21/2025,,,,,,
Texas,FedEx Supply Chain Logistics & Electronics (Ft. Worth),Fort Worth,05/20/2025,07/06/2025,305.0,,,,,,,Tarrant,Tarrant County WDA,05/20/2025,,,,,,
Texas,Chevron (Deauville Blvd),Midland,05/16/2025,07/15/2025,185.0,,,,,,,Midland,Permian Basin WDA,05/28/2025,,,,,,
Texas,Chevron (S. County Rd.),Midland,05/16/2025,07/15/2025,1.0,,,,,,,Midland,Permian Basin WDA,05/28/2025,,,,,,
Texas,Chevron (N. FM 1788),Midland,05/16/2025,07/15/2025,14.0,,,,,,,Midland,Permian Basin WDA,05/28/2025,,,,,,
Texas,International Paper Company(Edinburg),Edinburg,05/14/2025,05/09/2025,63.0,,,,,,,Hidalgo,Lower Rio Grande Valley WDA,05/14/2025,,,,,,
Texas,International Paper Company (Edinburg W. Chapin),Edinburg,05/14/2025,05/09/2025,64.0,,,,,,,Hidalgo,Lower Rio Grande Valley WDA,05/14/2025,,,,,,
Texas,International Paper Company (McAllen),McAllen,05/14/2025,05/09/2025,5.0,,,,,,,Hidalgo,Lower Rio Grande Valley WDA,05/14/2025,,,,,,
Texas,Atria Wealth Solutions,Houston,05/14/2025,07/04/2025,55.0,,,,,,,Fort Bend,Gulf Coast WDA,05/14/2025,,,,,,
Texas,Museum of Ice Cream,Austin,05/08/2025,07/10/2025,38.0,,,,,,,Travis,Capital Area WDA,05/08/2025,,,,,,
Texas,WSS (Foot Locker),Houston,05/08/2025,07/07/2025,57.0,,,,,,,Harris,Gulf Coast WDA,05/08/2025,,,,,,
Texas,TRIGO (Tesla),Austin,05/07/2025,04/28/2025,50.0,,,,,,,Travis,Capital Area WDA,05/07/2025,,,,,,
Texas,Smurfikt Westrock Facility (ForneyTexas),Forney,05/06/2025,06/30/2025,200.0,,,,,,,Kaufman,North Central Texas WDA,05/06/2025,,,,,,
Texas,Tom Thumb Store #3579,Allen,05/06/2025,,75.0,,,,,,,Collin,North Central Texas WDA,05/06/2025,,,,,,
Texas,Chick-Fil-A (N. Collins St. Plant),Arlington,05/01/2025,06/07/2025,10.0,,,,,,,Tarrant,Tarrant County WDA,05/01/2025,,,,,,
Texas,PULAU Corporation,Killeen,04/30/2025,06/30/2025,64.0,,,,,,,Bell,Central Texas WDA,04/30/2025,,,,,,
Texas,Texas Central School Bus (Purnell),Lewisville,04/30/2025,07/17/2025,174.0,,,,,,,Denton,,04/30/2025,,,,,,
Texas,Texas Central School Bus (Mill),Lewisville,04/30/2025,07/15/2025,131.0,,,,,,,Denton,North Central Texas WDA,04/30/2025,,,,,,
Texas,Texas Central School Bus (Cougar Alley),The Colony,04/30/2025,07/15/2025,155.0,,,,,,,Denton,North Central Texas WDA,04/30/2025,,,,,,
Texas,"Compass Group, Inc.d.b.a.Chartwells (Lancaster ISD)",Lancaster,06/24/2025,06/30/2025,83.0,,,,,,,Dallas,Dallas County WDA,06/24/2025,,,,,,
Texas,Management & Training Corporation (Willacy County State Jail),Raymondville,06/24/2025,08/31/2025,166.0,,,,,,,Willacy,Lower Rio Grande Valley WDA,06/24/2025,,,,,,
Texas,Management & Training Corporation (Lindsey State Jail),Jacksboro,06/24/2025,08/31/2025,117.0,,,,,,,Jack,North Texas WDA,06/24/2025,,,,,,
Texas,Management & Training Corporation (Kyle Correctional Center),Kyle,06/24/2025,08/31/2025,98.0,,,,,,,Hays,Rural Capital WDA,06/24/2025,,,,,,
Texas,Management & Training Corporation (Gregory S. Coleman Unit),Lockhart,06/24/2025,08/31/2025,135.0,,,,,,,Caldwell,Rural Capital WDA,06/24/2025,,,,,,
Texas,Management & Training Corporation (Bridgeport Correctional Facility),Bridgeport,06/24/2025,08/31/2025,103.0,,,,,,,Wise,North Central Texas WDA,06/24/2025,,,,,,
Texas,Management & Training Corp. (Billy Moore Correctional Center),Overton,06/20/2025,08/31/2025,109.0,,,,,,,Rusk,East Texas WDA,06/20/2025,,,,,,
Texas,Management & Training Corp. (Bradshaw State Jail),Henderson,06/20/2025,08/31/2025,172.0,,,,,,,Rusk,East Texas WDA,06/20/2025,,,,,,
Texas,"Encino Energy, LLC",Houston,06/18/2025,08/17/2025,121.0,,,,,,,Harris,Gulf Coast WDA,06/18/2025,,,,,,
Texas,Tyson Foods (Fort Worth Distribution Center),Fort Worth,06/18/2025,08/15/2025,275.0,,,,,,,Tarrant,Tarrant County WDA,06/18/2025,,,,,,
Texas,"Khoros, LLC.",Austin,06/18/2025,08/19/2025,116.0,,,,,,,Travis,Capital Area WDA,06/18/2025,,,,,,
Texas,Lockheed Martin Corp. -Fort Bliss ATMP,Fort Bliss,06/17/2025,06/30/2025,17.0,,,,,,,El Paso,Borderplexjobs WDA,06/17/2025,,,,,,
Texas,Tom Thumb Store #3645 Plano,Plano,06/11/2025,07/26/2025,75.0,,,,,,,Collin,North Central Texas WDA,06/11/2025,,,,,,
Texas,Randalls Store #1041,Houston,06/11/2025,08/16/2025,102.0,,,,,,,Harris,Gulf Coast WDA,06/11/2025,,,,,,
Texas,Movate Inc. (The Genesis Project),Temple,06/11/2025,08/08/2025,26.0,,,,,,,Bell,Central Texas WDA,06/11/2025,,,,,,
Texas,XiFin,Austin,06/04/2025,05/29/2025,87.0,,,,,,,Travis,Capital Area WDA,06/04/2025,,,,,,
Texas,Eckerd Connects (David Carrasco Job Corps),El Paso,06/04/2025,06/13/2025,77.0,,,,,,,El Paso,Borderplexjobs WDA,06/04/2025,,,,,,
Texas,Sunnova Energy Corporation,Houston,06/03/2025,05/30/2025,,,,,,,,Harris,Gulf Coast WDA,06/03/2025,,,,,,
Texas,JC Penney (Allaince Supply Chain),Haslet,06/03/2025,08/01/2025,296.0,,,,,,,Tarrant,Tarrant County WDA,06/03/2025,,,,,,
Texas,Trinity Rail-Trinity Tank Car-Jordan Valley,Longview,07/30/2025,09/30/2025,170.0,,,,,,,Gregg,East Texas WDA,07/30/2025,,,,,,
Texas,"Equus Workforce Solutions Arlington (Arbor E&T, LLC)",Arlington,07/30/2025,09/30/2025,4.0,,,,,,,Tarrant,North Central Texas WDA,07/30/2025,,,,,,
Texas,"Equus Workforce Solutions Denton (Arbor E&T, LLC)",Denton,07/30/2025,09/30/2025,27.0,,,,,,,Denton,North Central Texas WDA,07/30/2025,,,,,,
Texas,Peraton Balloon Operations (NASA),Palestine,07/23/2025,09/30/2025,81.0,,,,,,,Anderson,East Texas WDA,07/23/2025,,,,,,
Texas,SM Cargo,Houston,07/21/2025,09/21/2025,194.0,,,,,,,Harris,Gulf Coast WDA,07/21/2025,,,,,,
Texas,Chevron Corporation (HESS Corporation),Houston,07/21/2025,09/26/2025,575.0,,,,,,,Harris,Gulf Coast WDA,07/21/2025,,,,,,
Texas,"AMERICA, INC., d/b/a LIXIL",Grand Prairie,07/16/2025,09/08/2025,65.0,,,,,,,Tarrant,Tarrant County WDA,07/16/2025,,,,,,
Texas,"Sodexo, Inc.and Affiliates (Texas Southern University)",Houston,07/10/2025,07/31/2025,81.0,,,,,,,Harris,Gulf Coast WDA,07/10/2025,,,,,,
Texas,International Paper Company(N. Closner Blvd.),Edinburg,07/10/2025,09/01/2025,66.0,,,,,,,Hidalgo,Lower Rio Grande Valley WDA,07/10/2025,,,,,,
Texas,International Paper Company(W. Chaplin),Edinburg,07/10/2025,09/01/2025,66.0,,,,,,,Hidalgo,Lower Rio Grande Valley WDA,07/10/2025,,,,,,
Texas,International Paper Company(N. 26th),Edinburg,07/10/2025,09/01/2025,5.0,,,,,,,Hidalgo,Lower Rio Grande Valley WDA,07/10/2025,,,,,,
Texas,"GI Alliance Management, LLC",Southlake,07/09/2025,09/01/2025,25.0,,,,,,,Denton,Tarrant County WDA,07/09/2025,,,,,,
Texas,Intel Corporation,Austin,07/09/2025,07/15/2025,110.0,,,,,,,Travis,Capital Area WDA,07/09/2025,,,,,,
Texas,Management & Training Corporation (Dominguez State Jail),San Antonio,07/09/2025,08/31/2025,8.0,,,,,,,Bexar,Alamo WDA,07/09/2025,,,,,,
Texas,Management & Training Corporation (Gist State Jail),Beaumont,07/09/2025,08/31/2025,6.0,,,,,,,Jefferson,South East Texas WDA,07/09/2025,,,,,,
Texas,Management & Training Corporation (Hutchins State Jail),Dallas,07/09/2025,08/31/2025,8.0,,,,,,,Dallas,Dallas County WDA,07/09/2025,,,,,,
Texas,Management & Training Corporation (Lychner State Jail),Humble,07/09/2025,08/31/2025,17.0,,,,,,,Harris,Gulf Coast WDA,07/09/2025,,,,,,
Texas,Management & Training Corporation (Plane State Jail),Dayton,07/09/2025,08/31/2025,8.0,,,,,,,Liberty,Gulf Coast WDA,07/09/2025,,,,,,
Texas,Management & Training Corporation (Travis County State Jail),Austin,07/09/2025,08/31/2025,4.0,,,,,,,Travis,Capital Area WDA,07/09/2025,,,,,,
Texas,"Movate, Inc. (AT&T Project)",Temple,07/08/2025,07/01/2025,71.0,,,,,,,Bell,Central Texas WDA,07/08/2025,,,,,,
Texas,International Business Machines-Coppell,Coppell,07/02/2025,08/29/2025,59.0,,,,,,,Dallas,Dallas County WDA,07/02/2025,,,,,,
Texas,Fed Ex Corporation (Garland),Garland,07/02/2025,09/01/2025,81.0,,,,,,,Dallas,Dallas County WDA,07/02/2025,,,,,,
Texas,Santa Maria Hostel,Houston,07/02/2025,08/31/2025,41.0,,,,,,,Harris,Gulf Coast WDA,07/02/2025,,,,,,
Texas,FedEx Corporation (Plano),Plano,07/02/2025,09/01/2025,50.0,,,,,,,Collin,North Central Texas WDA,07/02/2025,,,,,,
Texas,Memorial Herman Health System Skilled Nursing Facility,Houston,07/02/2025,09/01/2025,83.0,,,,,,,Harris,Gulf Coast WDA,07/02/2025,,,,,,
Texas,TT Electronics Facility IRC (Plano),Plano,07/02/2025,08/31/2025,75.0,,,,,,,Collin,North Central Texas WDA,07/02/2025,,,,,,
Texas,MPW Services,Austin,08/27/2025,09/01/2025,82.0,,,,,,,Travis,Capital Area WDA,08/27/2025,,,,,,
Texas,"Tech Werks, LLC (San Antonio)",San Antonio,08/20/2025,09/15/2025,87.0,,,,,,,Bexar,Alamo WDA,08/20/2025,,,,,,
Texas,"Promises Behavioral Health, LLC",Wimberley,08/18/2025,10/17/2025,58.0,,,,,,,Hays,Rural Capital WDA,08/18/2025,,,,,,
Texas,"CarOffer, LLC",Addison,08/13/2025,10/06/2025,101.0,,,,,,,Dallas,Dallas County WDA,08/13/2025,,,,,,
Texas,UPS (Dallas Facility),Dallas,08/06/2025,08/05/2025,62.0,,,,,,,Dallas,Dallas County WDA,08/06/2025,,,,,,
Texas,"Solarcycle, Inc.",Odessa,08/06/2025,10/06/2025,70.0,,,,,,,Ector,Permian Basin WDA,08/06/2025,,,,,,
Texas,"Southwest Key Programs, Inc. (SWK National Headquarters)",Austin,08/06/2025,10/06/2025,45.0,,,,,,,Travis,Capital Area WDA,08/06/2025,,,,,,
Texas,"Southwest Key Programs, Inc. La Esperanza)",Brownsville,08/06/2025,10/05/2025,4.0,,,,,,,Cameron,Cameron County WDA,08/06/2025,,,,,,
Texas,"Southwest Key Programs, Inc.(Casa Nueva Esperanza)",Brownsville,08/06/2025,10/05/2025,9.0,,,,,,,Cameron,Cameron County WDA,08/06/2025,,,,,,
Texas,"Southwest Key Programs, Inc.(South Texas HQ)",Brownsville,08/06/2025,10/05/2025,13.0,,,,,,,Cameron,Cameron County WDA,08/06/2025,,,,,,
Texas,"Southwest Key Programs, Inc. (Casa Franklin)",El Paso,08/06/2025,10/05/2025,1.0,,,,,,,El Paso,Borderplexjobs WDA,08/06/2025,,,,,,
Texas,"Southwest Key Programs, Inc. (Casa Norma Linda)",Los Fresnos,08/06/2025,10/05/2025,3.0,,,,,,,Cameron,Cameron County WDA,08/06/2025,,,,,,
Texas,"Southwest Key Programs, Inc. (Casa Rio Grande)",San Benito,08/06/2025,10/05/2025,3.0,,,,,,,Cameron,Cameron County WDA,08/06/2025,,,,,,
Texas,"Southwest Key Programs, Inc. (Casa Canutillo)",Canutillo,08/06/2025,10/05/2025,3.0,,,,,,,El Paso,Borderplexjobs WDA,08/06/2025,,,,,,
Texas,"Equus Workforce Solutions Houston Opertions- Acres Home (Arbor E&T, LLC)",Houston,08/01/2025,09/30/2025,12.0,,,,,,,Harris,Gulf Coast WDA,08/01/2025,,,,,,
Texas,"Equus Workforce Solutions Houston Opertions- Pearland (Arbor E&T, LLC)",Pearland,08/01/2025,09/30/2025,13.0,,,,,,,Brazoria,Gulf Coast WDA,08/01/2025,,,,,,
Texas,"Equus Workforce Solutions Houston Opertions- Westheimer Rd. (Arbor E&T, LLC)",Houston,08/01/2025,09/30/2025,28.0,,,,,,,Harris,Gulf Coast WDA,08/01/2025,,,,,,
Texas,"Equus Workforce Solutions-Camp Wisdom (Arbor E&T, LLC)",Dallas,07/31/2025,09/30/2025,1.0,,,,,,,Dallas,Dallas County WDA,07/31/2025,,,,,,
Texas,"Equus Workforce Solutions-N.Tenth St. (Arbor E&T, LLC)",Garland,07/31/2025,09/30/2025,10.0,,,,,,,Dallas,Dallas County WDA,07/31/2025,,,,,,
Texas,"Equus Workforce Solutions-Highway 161. (Arbor E&T, LLC)",Grand Prairie,07/31/2025,09/30/2025,71.0,,,,,,,Dallas,Dallas County WDA,07/31/2025,,,,,,
Texas,"Equus Workforce Solutions-Greenville Ave. (Arbor E&T, LLC)",Dallas,07/31/2025,09/30/2025,10.0,,,,,,,Dallas,Dallas County WDA,07/31/2025,,,,,,
Texas,"Equus Workforce Solutions-Irving Blvd. (Arbor E&T, LLC)",Irving,07/31/2025,09/30/2025,13.0,,,,,,,Dallas,Dallas County WDA,07/31/2025,,,,,,
Texas,"Equus Workforce Solutions-Alpha Rd.(Arbor E&T, LLC)",Dallas,07/31/2025,09/30/2025,17.0,,,,,,,Dallas,Dallas County WDA,07/31/2025,,,,,,
Texas,"Equus Workforce Solutions-Malcolm X Blvd.(Arbor E&T, LLC)",Dallas,07/31/2025,09/30/2025,16.0,,,,,,,Dallas,Dallas County WDA,07/31/2025,,,,,,
Texas,"Equus Workforce Solutions-Buckner Blvd.(Arbor E&T, LLC)",Dallas,07/31/2025,09/30/2025,16.0,,,,,,,Dallas,Dallas County WDA,07/31/2025,,,,,,
Texas,"Turner Industries (Paris, Texas September 2025)",Paris,07/31/2025,09/30/2025,211.0,,,,,,,Lamar,North East Texas WDA,07/31/2025,,,,,,
Texas,Planned Parenthood Gulf Coast (Prevention Park Facility),Houston,07/31/2025,09/30/2025,114.0,,,,,,,Harris,Gulf Coast WDA,07/31/2025,,,,,,
Texas,"Southwest Key Programs, Inc. (Casa Houston Reliant)",Houston,07/31/2025,10/05/2025,211.0,,,,,,,Harris,Gulf Coast WDA,07/31/2025,,,,,,
Texas,"Southwest Key Programs, Inc. (Houston HQ)",Houston,07/31/2025,10/05/2025,11.0,,,,,,,Harris,Gulf Coast WDA,07/31/2025,,,,,,
Texas,"Southwest Key Programs, Inc. (Casa Quetzal)",Houston,07/31/2025,10/05/2025,309.0,,,,,,,Harris,Gulf Coast WDA,07/31/2025,,,,,,
Texas,"Southwest Key Programs, Inc. (Casa Sunzal)",Houston,07/31/2025,10/05/2025,223.0,,,,,,,Harris,Gulf Coast WDA,07/31/2025,,,,,,
Texas,"Southwest Key Programs, Inc. (Casa Oasis)",McAllen,07/31/2025,10/05/2025,128.0,,,,,,,Hidalgo,Lower Rio Grande Valley WDA,07/31/2025,,,,,,
Texas,"Southwest Key Programs, Inc. (Casa Sueno)",Weslaco,07/31/2025,10/05/2025,93.0,,,,,,,Hidalgo,Lower Rio Grande Valley WDA,07/31/2025,,,,,,
Texas,"Southwest Key Programs, Inc. (Casa Montezuma)",Channelview,07/31/2025,10/05/2025,238.0,,,,,,,Harris,Gulf Coast WDA,07/31/2025,,,,,,
Texas,"Equus Workforce Solutions Greenville (Arbor E&T, LLC)",Greenville,07/30/2025,09/30/2025,9.0,,,,,,,Hunt,North Central Texas WDA,07/30/2025,,,,,,
Texas,"Equus Workforce Solutions McKinney (Arbor E&T, LLC)",McKinney,07/30/2025,09/30/2025,15.0,,,,,,,Collin,North Central Texas WDA,07/30/2025,,,,,,
Texas,"Equus Workforce Solutions Stephenville (Arbor E&T, LLC)",Stephenville,07/30/2025,09/30/2025,2.0,,,,,,,Erath,North Central Texas WDA,07/30/2025,,,,,,
Texas,"Equus Workforce Solutions Terrell  (Arbor E&T, LLC)",Terrell,07/30/2025,09/30/2025,8.0,,,,,,,Kaufman,North Central Texas WDA,07/30/2025,,,,,,
Texas,"Equus Workforce Solutions Weatherford (Arbor E&T, LLC)",Weatherford,07/30/2025,09/30/2025,16.0,,,,,,,Parker,North Central Texas WDA,07/30/2025,,,,,,
Texas,Cottonwood Creek Healthcare Community,Richardson,09/24/2025,12/01/2025,70.0,,,,,,,Dallas,Dallas County WDA,09/24/2025,,,,,,
Texas,Sunny Glen Children's Home,Raymondville,09/18/2025,11/17/2025,424.0,,,,,,,Willacy,Lower Rio Grande Valley WDA,09/18/2025,,,,,,
Texas,Accelore Group-Amazon Logistics (DDA9- Fort Worth),Fort Worth,09/17/2025,11/01/2025,107.0,,,,,,,Tarrant,Tarrant County WDA,09/17/2025,,,,,,
Texas,Accelore Group-Amazon Logistics (DDF2-Balch Springs),Mesquite,09/17/2025,11/01/2025,107.0,,,,,,,Dallas,Dallas County WDA,09/17/2025,,,,,,
Texas,"Hill & Smith, Inc.",Garland,09/10/2025,11/01/2025,46.0,,,,,,,Dallas,Dallas County WDA,09/10/2025,,,,,,
Texas,"Essendant Management Services, LLC",Houston,09/04/2025,11/07/2025,92.0,,,,,,,Harris,Gulf Coast WDA,09/04/2025,,,,,,
Texas,CyraCom International Inc.,Houston,09/04/2025,12/01/2025,327.0,,,,,,,Harris,Gulf Coast WDA,09/04/2025,,,,,,
Texas,"Condair Operations, LLC",Center,09/03/2025,11/03/2025,51.0,,,,,,,Shelby,Deep East Texas WDA,09/03/2025,,,,,,
Texas,Tekni-Plex (Dallas Facility),Dallas,10/29/2025,12/26/2025,64.0,,,,,,,Dallas,Dallas County WDA,10/29/2025,,,,,,
Texas,"Colonial Savings, F.A.",Fort Worth,10/29/2025,01/01/2026,130.0,,,,,,,Tarrant,Tarrant County WDA,10/29/2025,,,,,,
Texas,Wells Fargo & Co. (Lubbock),Lubbock,10/29/2025,10/28/2025,225.0,,,,,,,Lubbock,South Plains WDA,10/29/2025,,,,,,
Texas,"Cherokee Nation System Solutions, L.L.C.",Austin,10/29/2025,12/19/2025,87.0,,,,,,,Travis,Capital Area WDA,10/29/2025,,,,,,
Texas,Job1 USA (Arlington),Arlington,10/28/2025,11/15/2025,31.0,,,,,,,Tarrant,Tarrant County WDA,10/28/2025,,,,,,
Texas,Job1 USA (Fort Worth),Fort Worth,10/28/2025,11/15/2025,25.0,,,,,,,Tarrant,Tarrant County WDA,10/28/2025,,,,,,
Texas,Job1 USA (Haslet),Haslet,10/28/2025,11/15/2025,25.0,,,,,,,Tarrant,Tarrant County WDA,10/28/2025,,,,,,
Texas,"Congo, LLC",Lewisville,10/28/2025,12/31/2025,155.0,,,,,,,Denton,North Central Texas WDA,10/29/2025,,,,,,
Texas,Job1 USA (San Antonio),San Antonio,10/23/2025,11/15/2025,18.0,,,,,,,Bexar,Alamo WDA,10/29/2025,,,,,,
Texas,Job1 USA (Houston),Houston,10/23/2025,11/15/2025,13.0,,,,,,,Harris,Gulf Coast WDA,10/29/2025,,,,,,
Texas,"Flagstone Foods, LLC (El Paso Plant)",El Paso,10/22/2025,12/19/2025,225.0,,,,,,,El Paso,Borderplexjobs WDA,10/22/2025,,,,,,
Texas,Texas Instruments - Sherman,Sherman,10/15/2025,12/12/2025,19.0,,,,,,,Grayson,Texoma WDA,10/15/2025,,,,,,
Texas,Eden Green Technology,Cleburne,10/15/2025,12/13/2025,102.0,,,,,,,Johnson,North Central Texas WDA,10/15/2025,,,,,,
Texas,"M & M Manufacturing, Inc.",Houston,10/13/2025,12/15/2025,75.0,,,,,,,Harris,Gulf Coast WDA,10/13/2025,,,,,,
Texas,Creative Testing Solutions,Austin,10/09/2025,12/12/2025,91.0,,,,,,,Travis,Capital Area WDA,10/09/2025,,,,,,
Texas,"Meadow Burke, LLC d/b/a Leviat",Fort Worth,10/08/2025,12/02/2025,75.0,,,,,,,Tarrant,Tarrant County WDA,10/08/2025,,,,,,
Texas,"Lion Elastomers Orange, LLC (Orange Plant)",Orange,10/08/2025,12/08/2025,113.0,,,,,,,Orange,South East Texas WDA,10/08/2025,,,,,,
Texas,J & J Maintenance,San Antonio,10/02/2025,11/30/2025,279.0,,,,,,,Bexar,Alamo WDA,10/02/2025,,,,,,
Texas,Southwest Key Programs-Casa Canutillo,Canutillo,10/02/2025,11/05/2025,2.0,,,,,,,El Paso,Borderplexjobs WDA,10/02/2025,,,,,,
Texas,Southwest Key Programs-Casita Del Valle,Clint,10/02/2025,11/05/2025,5.0,,,,,,,El Paso,Borderplexjobs WDA,10/02/2025,,,,,,
Texas,Southwest Key Programs-Casa Houston Reliant,Houston,10/02/2025,11/05/2025,1.0,,,,,,,Harris,Gulf Coast WDA,10/02/2025,,,,,,
Texas,Southwest Key Programs-Casa Montezuma,Channelview,10/02/2025,11/05/2025,1.0,,,,,,,Harris,Gulf Coast WDA,10/02/2025,,,,,,
Texas,Southwest Key Programs-Casa Norma Linda,Los Fresnos,10/02/2025,11/05/2025,3.0,,,,,,,Cameron,Cameron County WDA,10/02/2025,,,,,,
Texas,Southwest Key Programs-Casa Nueva Esperanza,Brownsville,10/02/2025,11/05/2025,8.0,,,,,,,Cameron,Cameron County WDA,10/02/2025,,,,,,
Texas,Southwest Key Programs-Casa Rio Grande,San Benito,10/02/2025,11/05/2025,3.0,,,,,,,Cameron,Cameron County WDA,10/02/2025,,,,,,
Texas,Southwest Key Programs-National Headquarters (Austin),Austin,10/02/2025,11/05/2025,3.0,,,,,,,Travis,Capital Area WDA,10/02/2025,,,,,,
Texas,Southwest Key Programs-STX Regional Headquarters,Brownsville,10/02/2025,11/05/2025,12.0,,,,,,,Cameron,Cameron County WDA,10/02/2025,,,,,,
Texas,Southwest Key Programs-Houston Headquarters,Houston,10/02/2025,11/05/2025,10.0,,,,,,,Harris,Gulf Coast WDA,10/02/2025,,,,,,
Texas,Memorial Hermann Health System Senior Living Facility,Houston,10/01/2025,10/01/2025,26.0,,,,,,,Harris,Gulf Coast WDA,10/01/2025,,,,,,
Texas,Yang Ming (America) Corporation,Houston,10/01/2025,10/01/2025,118.0,,,,,,,Harris,Gulf Coast WDA,10/01/2025,,,,,,
Texas,"DTSV, Inc. (ITC Federal)",Irving,09/30/2025,11/30/2025,169.0,,,,,,,Dallas,Dallas County WDA,09/30/2025,,,,,,
Texas,"Seatrium AmFELS, Inc.",Brownsville,09/30/2025,11/28/2025,91.0,,,,,,,Cameron,Cameron County WDA,09/30/2025,,,,,,
Texas,Urban Alchemy (Arch Shelter),Austin,09/30/2025,09/30/2025,55.0,,,,,,,Travis,Capital Area WDA,09/30/2025,,,,,,
Texas,Holiday Inn Club Vacations Incorporated-The Villages Resort,Flint,09/30/2025,11/28/2025,82.0,,,,,,,Smith,East Texas WDA,09/30/2025,,,,,,
Texas,Urban Alchemy (8th Street Shelter),Austin,09/30/2025,09/30/2025,54.0,,,,,,,Travis,Capital Area WDA,09/30/2025,,,,,,
Texas,Texas Instruments  (DFAB),Dallas,09/29/2025,12/12/2025,163.0,,,,,,,Dallas,Dallas County WDA,09/29/2025,,,,,,
Texas,"Kira Aerospace, LLC. (NBOC)",Palestine,09/25/2025,09/30/2025,6.0,,,,,,,Anderson,East Texas WDA,09/25/2025,,,,,,
Texas,Spirit Airlines (W PGL Warehouse),Irving,09/25/2025,12/01/2025,51.0,,,,,,,Dallas,Dallas County WDA,09/25/2025,,,,,,
Texas,Spirit Airlines (IAH),Houston,09/24/2025,12/01/2025,173.0,,,,,,,Harris,Gulf Coast WDA,09/24/2025,,,,,,
Texas,United Supermarkets,Lubbock,11/19/2025,01/19/2026,126.0,,,,,,,Lubbock,South Plains WDA,11/19/2025,,,,,,
Texas,"Couchbase, Inc.",Austin,11/17/2025,01/12/2026,11.0,,,,,,,Travis,Capital Area WDA,11/17/2025,,,,,,
Texas,Dometic Corporation,Grand Prairie,11/14/2025,01/12/2026,54.0,,,,,,,Dallas,Dallas County WDA,11/17/2025,,,,,,
Texas,DLH Solutions (Dallas CMOP),Lancaster,11/12/2025,11/29/2025,298.0,,,,,,,Dallas,Dallas County WDA,11/12/2025,,,,,,
Texas,"Dillard's Inc.(Dillard's Texas Central, LLC)",Plano,11/08/2025,01/12/2026,93.0,,,,,,,Collin,North Central Texas WDA,11/12/2025,,,,,,
Texas,AI Fleet,Austin,11/06/2025,11/04/2025,56.0,,,,,,,Travis,Capital Area WDA,11/06/2025,,,,,,
Texas,Apogee Architectural Metals,Mesquite,11/05/2025,01/03/2026,58.0,,,,,,,Dallas,Dallas County WDA,11/05/2025,,,,,,
Texas,"Firebird Bulk Carriers, Inc. (Victoria)",Victoria,11/04/2025,12/30/2025,3.0,,,,,,,Victoria,Golden Crescent WDA,11/04/2025,,,,,,
Texas,"Firebird Bulk Carriers, Inc. (George West)",George West,11/04/2025,12/31/2025,21.0,,,,,,,Live Oak,Coastal Bend WDA,11/04/2025,,,,,,
Texas,"Firebird Bulk Carriers, Inc.(Tarzan)",Tarzan,11/04/2025,12/31/2025,1.0,,,,,,,Martin,Permian Basin WDA,11/04/2025,,,,,,
Texas,"Firebird Bulk Carriers, Inc.(Dilley)",Dilley,10/31/2025,12/31/2025,6.0,,,,,,,Frio,Alamo WDA,10/31/2025,,,,,,
Texas,"Firebird Bulk Carriers, Inc (Dayton)",Dayton,10/31/2025,12/31/2025,2.0,,,,,,,Liberty,Gulf Coast WDA,10/31/2025,,,,,,
Texas,"Natura PCR, LLC",Waller,10/31/2025,10/15/2025,88.0,,,,,,,Harris,Gulf Coast WDA,11/03/2025,,,,,,
Texas,"Firebird Bulk Carriers, Inc. (Carrizo Springs)",Carrizo Springs,10/30/2025,12/31/2025,31.0,,,,,,,Dimmit,Middle Rio Grande WDA,10/31/2025,,,,,,
Texas,"Firebird Bulk Carriers, Inc. (Bryan)",Bryan,10/30/2025,12/31/2025,10.0,,,,,,,Brazos,Middle Rio Grande WDA,10/31/2025,,,,,,
Texas,Pure Hothouse Foods LLC,San Antonio,10/30/2025,12/31/2025,80.0,,,,,,,Bexar,Alamo WDA,11/03/2025,,,,,,
Texas,FedEx Corporation Facility (Ft. Worth),Ft. Worth,12/29/2025,03/02/2026,89.0,,,,,,,Tarrant,North Central Texas WDA,12/29/2025,,,,,,
Texas,"Telvista, Inc.",Dallas,12/26/2025,02/28/2026,110.0,,,,,,,Tarrant,Tarrant County WDA,12/29/2025,,,,,,
Texas,ABM Texas General Services (SMU),Dallas,12/22/2025,03/12/2025,211.0,,,,,,,Dallas,Dallas County WDA,12/22/2025,,,,,,
Texas,LeeMAH Electronics. Inc.,Richardson,12/10/2025,12/08/2025,84.0,,,,,,,Dallas,Dallas County WDA,12/10/2025,,,,,,
Texas,S&S Activewear,Irving,12/10/2025,12/04/2025,146.0,,,,,,,Dallas,Dallas County WDA,12/10/2025,,,,,,
Texas,"CRST Expedited, Inc. d/b/a CRST The Transportation Solution, Inc.",Mansfield,12/03/2025,02/26/2026,1.0,,,,,,,Tarrant,Tarrant County WDA,12/03/2025,,,,,,
Texas,Grand Lux Café LLC,Houston,12/03/2025,01/24/2026,83.0,,,,,,,Harris,Gulf Coast WDA,12/04/2025,,,,,,
Texas,Yang Ming (America) Corporation Updated,Houston,12/02/2025,11/30/2025,105.0,,,,,,,Harris,Gulf Coast WDA,12/02/2025,,,,,,
Texas,The Sheraton Arlington Hotel (Urbana Varro Hospitality Management),Arlington,12/02/2025,02/15/2026,110.0,,,,,,,Tarrant,Tarrant County WDA,12/03/2025,,,,,,
Texas,"Tyson Foods, Inc. (Amarillo B-Shift Operations",Amarillo,11/26/2025,01/20/2026,1761.0,,,,,,,Potter,Panhandle WDA,11/26/2025,,,,,,
Texas,"FedEx Supply Chain Logistics & Electrronics, Inc. (Coppell)",Coppell,11/25/2025,01/29/2026,856.0,,,,,,,Dallas,Dallas County WDA,11/25/2025,,,,,,
Texas,Huntington National Bank,Dallas,11/21/2025,01/19/2026,63.0,,,,,,,Dallas,Dallas County WDA,11/21/2025,,,,,,
Texas,Wood Group USA Inc.,Freeport,11/18/2025,01/05/2025,180.0,,,,,,,Brazoria,Gulf Coast WDA,11/19/2025,,,,,,
Texas,Cardone Industries-Harlingen,Harlingen,01/28/2026,01/26/2026,41.0,,,,,,,Cameron,Cameron County WDA,01/28/2026,,,,,,
Texas,Cardone Industries-Arlington,Arlington,01/28/2026,01/26/2026,87.0,,,,,,,Tarrant,Tarrant County WDA,01/28/2026,,,,,,
Texas,Fresenius USA Manufacturing,Coppell,01/28/2026,04/10/2026,67.0,,,,,,,Dallas,Dallas County WDA,01/28/2026,,,,,,
Texas,Power Plug Inc. (Houston Manufacturing Company),Houston,01/23/2026,01/23/2026,74.0,,,,,,,Harris,Gulf Coast WDA,01/26/2026,,,,,,
Texas,Future Proof Brands LLC (Austin),Austin,01/21/2026,02/21/2026,158.0,,,,,,,Travis,Capital Area WDA,01/21/2026,,,,,,
Texas,"Tyson Foods, Inc (Amarillo B-Shift Operations) Updated",Amarillo,01/20/2026,02/24/2026,1761.0,,,,,,,Potter,Panhandle WDA,01/26/2026,,,,,,
Texas,Francesca's (Houston),Houston,01/14/2026,01/08/2026,202.0,,,,,,,Harris,Gulf Coast WDA,01/15/2026,,,,,,
Texas,"Congo, LLC (Updated March 2026)",Lewisville,01/09/2026,03/13/2026,31.0,,,,,,,Denton,North Central Texas WDA,01/12/2026,,,,,,
Texas,ComericA Frisco Star Tower Facility,Frisco,01/07/2026,03/13/2026,184.0,,,,,,,Denton,North Central Texas WDA,01/07/2026,,,,,,
Texas,Tessera Therapeutics,Friendswood,01/07/2026,03/08/2026,2.0,,,,,,,Harris,Gulf Coast WDA,01/07/2026,,,,,,
Texas,"First Brands Group, LLC(Billy Mitchell)",Brownsville,03/04/2026,04/30/2026,345.0,,,,,,,Cameron,Cameron County WDA,03/04/2026,,,,,,
Texas,"First Brands Group, LLC. (Titan Dist. Center)",Brownsville,03/04/2026,04/30/2026,183.0,,,,,,,Cameron,Cameron County WDA,03/04/2026,,,,,,
Texas,First Brands Group LLC. (ASC Facility),Brownsville,03/04/2026,04/30/2026,43.0,,,,,,,Cameron,Cameron County WDA,03/04/2026,,,,,,
Texas,"Campbell Soup Supply Company, LLC",Paris,03/03/2026,05/01/2026,205.0,,,,,,,Lamar,North East Texas WDA,03/03/2026,,,,,,
Texas,Stockyards Hotel and H3 Ranch,Fort Worth,02/19/2026,04/06/2026,120.0,,,,,,,Tarrant,Tarrant County WDA,02/19/2026,,,,,,
Texas,Bluum USA Inc.,Irving,02/19/2026,04/20/2026,60.0,,,,,,,Dallas,Dallas County WDA,02/19/2026,,,,,,
Texas,"Main Street Sports Group, LLC.",The Woodlands,02/19/2026,04/14/2026,18.0,,,,,,,Montgomery,Gulf Coast WDA,02/19/2026,,,,,,
Texas,Walgreens (Greens Rd.),Houston,02/18/2026,06/01/2026,159.0,,,,,,,Harris,Gulf Coast WDA,02/18/2026,,,,,,
Texas,Comerica Bank(Frisco Star Tower Facility),Frisco,02/11/2026,04/24/2026,54.0,,,,,,,Denton,North Central Texas WDA,02/11/2026,,,,,,
Texas,Randalls #3067,Houston,02/09/2026,04/18/2026,94.0,,,,,,,Harris,Gulf Coast WDA,02/11/2026,,,,,,
Texas,HGS Solutions,El Paso,02/04/2026,03/31/2026,92.0,,,,,,,El Paso,Borderplexjobs WDA,02/04/2026,,,,,,
Texas,"First Brands Group, LLC",Arlington,02/04/2026,01/26/2026,87.0,,,,,,,Tarrant,North Central Texas WDA,02/04/2026,,,,,,
Texas,"Empower Clinic Services, LLC",Houston,02/04/2026,02/04/2026,57.0,,,,,,,Harris,Gulf Coast WDA,02/04/2026,,,,,,
Texas,Expedia Group Inc. (Austin),Austin,02/03/2026,04/01/2026,100.0,,,,,,,Travis,Capital Area WDA,02/03/2026,,,,,,
Texas,Janus International Group,Houston,02/02/2026,04/03/2026,113.0,,,,,,,Harris,Gulf Coast WDA,02/04/2026,,,,,,
Texas,Helpful Hands Inc. Joint Base San Antonio-Lackland,San Antonio,02/02/2026,03/31/2026,96.0,,,,,,,Bexar,Alamo WDA,02/04/2026,,,,,,
Texas,Compass Connections,Harlingen,01/29/2026,03/29/2026,148.0,,,,,,,Cameron,Cameron County WDA,01/29/2026,,,,,,
Texas,"Sodexo (SDH Services East, LLC) HCA Kingwood",Kingwood,04/06/2026,06/13/2026,81.0,,,,,,,Harris,Gulf Coast WDA,04/06/2026,,,,,,
Texas,"Sodexo (SDH Services East, LLC) HCA Clear Lake",Webster,04/06/2026,06/13/2026,86.0,,,,,,,Harris,Gulf Coast WDA,04/06/2026,,,,,,
Texas,"Sodexo (SDH Services East, LLC) HCA Women's Hospital of Texas",Houston,04/06/2026,06/13/2026,66.0,,,,,,,Harris,Gulf Coast WDA,04/06/2026,,,,,,
Texas,"Sodexo (SDH Services East, LLC) HCA Southeast Texas Medical Center",Pasadena,04/06/2026,06/13/2026,63.0,,,,,,,Harris,Gulf Coast WDA,04/06/2026,,,,,,
Texas,DSV Contract Logistics (3PL Logistics Facility),Wilmer,04/02/2026,04/30/2026,391.0,,,,,,,Dallas,Dallas County WDA,04/07/2026,,,,,,
Texas,"Compass Group USA, Inc. (d/b/a Chartwell's Higher Education (Texas State University)",San Marcos,03/31/2026,05/31/2026,183.0,,,,,,,Hays,Rural Capital WDA,03/31/2026,,,,,,
Texas,Hyatt Regency (South Congress Hotel),Austin,03/31/2026,05/31/2026,126.0,,,,,,,Travis,Capital Area WDA,03/31/2026,,,,,,
Texas,Tempus Holding INC. d/b/a The Lodge Card Club,Round Rock,03/26/2026,03/24/2026,144.0,,,,,,,Travis,Rural Capital WDA,03/31/2026,,,,,,
Texas,Endeavors Eagle Lake Children's Center (Eagle Lake),Eagle Lake,03/26/2026,03/24/2026,88.0,,,,,,,Colorado,Gulf Coast WDA,03/31/2026,,,,,,
Texas,"CPLC Texas, Inc. (Magnolia ORR Site)",Los Fresnos,03/26/2026,03/31/2026,56.0,,,,,,,Cameron,Cameron County WDA,03/31/2026,,,,,,
Texas,Albertsons #106 (Euless),Euless,03/25/2026,04/25/2026,82.0,,,,,,,Tarrant,Tarrant County WDA,03/25/2026,,,,,,
Texas,Albertsons #4286 (W. Freeway),Fort Worth,03/25/2026,04/25/2026,56.0,,,,,,,Tarrant,Tarrant County WDA,03/25/2026,,,,,,
Texas,Saks & Company LLC (Saks Fifth Avenue - San Antonio),San Antonio,03/06/2026,05/06/2026,71.0,,,,,,,Bexar,Alamo WDA,03/09/2026,,,,,,
Texas,Ashley Furniture Industries (Mesquite),Mesquite,03/05/2026,05/07/2026,266.0,,,,,,,Dallas,Dallas County WDA,03/11/2026,,,,,,
Vermont,The Orvis Company,Arlington,"Jun 18, 2025",,,WARN,,,,,,,,,05250,00 - Vermont Workforce Investment Area,,,,
Vermont,Fed Ex Corporation,Williston,"Apr 30, 2025",,,WARN,,,,,,,,,05495,00 - Vermont Workforce Investment Area,,,,
Vermont,"America's Gardening Resouces inc, dba Gardeners supply",Burlington,"Jul 24, 2025",,,WARN,,,,,,,,,05401,00 - Vermont Workforce Investment Area,,,,
Vermont,University of Vermont Health Network,Burlington,"Jul 29, 2025",,,WARN,,,,,,,,,05401,00 - Vermont Workforce Investment Area,,,,
Vermont,ITC Federal,Essex Junction,"Sep 30, 2025",,,WARN,,,,,,,,,05452,00 - Vermont Workforce Investment Area,,,,
Vermont,HP Hood,Barre,"Sep 24, 2025",,,WARN,,,,,,,,,05641,00 - Vermont Workforce Investment Area,,,,
Vermont,Calmont Beverage,Barre,"Jan 22, 2026",,,WARN,,,,,,,,,05641,00 - Vermont Workforce Investment Area,,,,
Vermont,Maple Ridge Memory Care and Lodge,Essex Junction,"Jan 30, 2026",,,WARN,,,,,,,,,05452,00 - Vermont Workforce Investment Area,,,,
Virginia,Central Garden & Pet,"Richmond, VA",04/14/2026,04/14/2026,94,Closure,,,,,,,,,,,"5701 Eastport Blvd, Richmond, VA 23231",Erin Carr,,
Virginia,Voyant Beauty,"Roanoke, VA",04/10/2026,06/30/2026,95,Closure,,,,,,,,,,,"4411 Plantation Road NE, Roanoke, VA 24012",Marbella Duran,,
Virginia,PCA (Packaging Corporation of America),"Richmond, VA",03/31/2026,06/01/2026,109,Closure,,,,,,,,,,,"2000 Richmond Highway, Richmond, VA 23224",Mark Romaniuk,"United Steel, Paper and Forestry, Rubber, Manufacturing, Energy, Allied Industrial and service Workers International Union, Local No. 8-699",
Virginia,BAE Systems,"Vienna, VA",03/19/2026,03/18/2026,119,Layoff,,,,,,,,,,,"47479 Holiday Drive, Sterling, VA 20166",Leriza Alcancia,,
Virginia,Bering Global Solutions (BGS),"Arlington, VA",03/18/2026,06/30/2026,108,Layoff,,,,,,,,,,,"701 S Courthouse Rd, Arlington, VA 22204",Kat Stevens,"Kent Emery, President, kemery@quspu.com; Lonnie Davis, Vice President, comedianl@yahoo.com; Mike Martin, Union Representative, michaeltyronema@gmail.com; John Rymes, Union Representative, johnrhymes@icloud.com",
Virginia,C2 Technologies,"McLean, VA",03/02/2026,03/06/2026,2,Layoff,,,,,,,,,,,"7601 Lewinsville Road, Suite 200, McLean, VA 22102",Felicity Booker,,
Virginia,Saks & Company LLC (Saks Fifth Avenue Store),"McLean, VA",03/06/2026,05/06/2026,70,Closure,,,,,,,,,,,"2051 International Drive, McLean, VA 22102",Dana Schwatzenfeld,,
Virginia,"Speyside Bourbon Cooperage in Virginia, Inc.","Atkins, VA",02/23/2026,04/23/2026,52,Layoff,,,,,,,,,,,"6373 Lee Highway, Atkins, VA 24311",Drew Brock,,
Virginia,AOL,"Reston, VA",02/17/2026,03/01/2026,108,Layoff,,,,,,,,,,,"11955 Democracy Drive, 14th Floor, Reston, VA 20190",James Murphy,,
Virginia,Huntington Ingall Industries (HII) Mission Technologies,"Virginia Beach, VA",02/17/2026,04/17/2026,74,Layoff,,,,,,,,,,,"12730 Fair Lakes Circle, Fairfax , VA 22033",Neela Guthrie,,
Virginia,JC Penney,"Springfield, VA",02/18/2026,05/29/2026,74,Closure,,,,,,,,,,,"6699 Springfield Mall, Springfield, VA 22150",Kristin Bowling,,
Virginia,Saks & Company LLC (Saks Fifth Avenue Store),"Richmond, VA",02/10/2026,04/11/2026,40,Closure,,,,,,,,,,,"9214 Stony Point Parkway, Richmond, VA 23235",Janet Lee,,
Virginia,Liberty Dental Plan Corporation,"Staunton, VA",02/05/2026,04/06/2026,0,Layoff,,,,,,,,,,,"1730 Flight Way, Suite 125, Tustin, CA 92782",Robin Wiessner,,
Virginia,Bahama Breeze,"Woodbridge, VA",02/03/2026,04/05/2026,62,Closure,,,,,,,,,,,"2714 Potomac Mills Circle, Woodbridge, VA 22192",Megan Robinson,,
Virginia,Bear Express LLC,"Norfolk & Virginia Beach, VA",01/27/2026,04/01/2026,168,Closure,,,,,,,,,,,"1400 Sewells Point Road, Norfolk, VA 23502",Matthew Poulos,,
Virginia,PMI-U.S. Corporate Services (Phillip Morris),"Richmond, VA",01/28/2026,04/17/2026,135,Closure,,,,,,,,,,,"1021 E. Cary Street #1600, Richmond, VA 23219",Susan Woodard,,
Virginia,Amazon,"Fairfax, Franconia, Lorton, Alexandria & Falls church, VA",01/28/2026,04/27/2026,691,Layoff,,,,,,,,,,,"10360 Fairfax Blvd, Fairfax, VA 22030",Lindsey Winter,,
Virginia,Leidos,"Ashburn, VA",01/21/2026,03/23/2026,93,Layoff,,,,,,,,,,,"22001 Loudoun County Parkway, Ashburn, VA 20147",Sharday Torres,,
Virginia,"Yokohama Tire Manufacturing Virginia, LLC","Salem, VA",01/16/2026,03/18/2026,533,Closure,,,,,,,,,,,"1500 Indiana Street, Salem, VA 24153",Adam Bruce,"The United Steel, Paper & Forestry, Rubber, Manufacturing, Energy, Allied Industrial & Service Workers International Union, Local Union 1203. Steve Jones, chief elected officer, United Steelworkers, USW Local 1023, 116 W. Riverside Dr., Salem, VA 24153",
Virginia,SMBC Manubank,"Various, VA",01/08/2026,03/10/2026,6,Closure,,,,,,,,,,,"277 Park Avenue, New York, NY 10172",Robin Milberg,,
Virginia,Railcrew Xpress (RCX),"Richmond, VA",12/22/2025,02/27/2026,26,Closure,,,,,,,,,,,"101 Armour Road, Suite B, North Kansas City, MO 64116",Tara Johnson,,
Virginia,AeroFarms,"Ringgold, VA",03/27/2026,04/17/2026,133,Closure,,,,,,,,,,,"1526 Cane Creek Parkway, Ringgold, VA 24586",Carlos Nunez,,
Virginia,Giant Delivers,"Manassas, VA",12/12/2025,02/10/2026,90,Closure,,,,,,,,,,,"7413 Cushing Road, Suite 160, Manassas, VA 20109",Joe Urban,"Sean M. O'Brian, General President International Brotherhood of Teamsters, Local639, 25 Louisiana Ave., NW Washington, DC2000 & Milton Jones, President, United Food & Commercial Workers International Union, Local 400, 1775 K St., NW, Washingotn, DC2006",
Virginia,Richmond Print Group,"Richmond, VA",12/09/2025,02/08/2026,76,Layoff,,,,,,,,,,,"8000 Villa Park Drive, Richmond, VA 23228",Shane Hillmer,,
Virginia,Fortrex,"Martinsville, VA",12/02/2025,12/05/2025,68,Layoff,,,,,,,,,,,"1050 Crown Pointe Parkway, Suite 1000, Atlanta, GA 30338",Nicholas Wallace,,
Virginia,"10 Roads Express, LLC","Harrisonburg, VA",12/01/2025,01/30/2026,70,Closure,,,,,,,,,,,"888 Auto Motion Way, Harrisonburg, VA 22801",Aaron Gunderson,,
Virginia,Harris Teeter,"Franconia, VA",11/18/2025,02/01/2026,91,Closure,,,,,,,,,,,"6306 Gravel Avenue, Franconia, VA 22310",Angie Danielewicz,,
Virginia,Amazon-BWI1,"Sterling, VA",11/14/2025,01/30/2026,247,Closure,,,,,,,,,,,"45121 Global Plaza, Sterling, VA 20166",Lindsay Winter,,
Virginia,"Diamond Transportation Services, Inc.","Springfield, VA",11/07/2025,11/30/2025,61,Closure,,,,,,,,,,,"6851 Industrial Road, Springfield, VA 22151",Jahaira Zagarell,"Amalgamated Transit Union Local 689 (“ATU 689”) 2701 Whitney Place, Forestville, MD 20747. Raymond Jackson, agent/president email: rjackson@atu689.org or International Brotherhood Teamsters Local 639 (“IBT 639”) 3100 Ames Place N.E., Washington, D.C. 20018. Ronald Davis, agent email: davis@local639.org",
Virginia,"Wellmore Energy Compny, LLC","Big Rock, VA",10/31/2025,12/31/2025,9,Layoff,,,,,,,,,,,"1073 Riverview Street, Grundy, VA 24616",Gary Prater,,
Virginia,Qbase LLC,"Reston, VA",10/31/2025,12/30/2025,60,Closure,,,,,,,,,,,"11950 Democracy Drive, Reston, VA 20190",Davida Gray,,
Virginia,Top Guard Security,"Richmond, VA",10/23/2025,10/31/2025,79,Closure,,,,,,,,,,,"10100 Iron Bridge Road, Suite 102, Chesterfield, VA 23832",Theresa Morris,,
Virginia,"Wellmore Energy Company, LLC","Grundy, VA",10/06/2025,12/06/2025,2,Layoff,,,,,,,,,,,"3461 Belchers Fork Road, Grundy, VA 24614",Gary Prater,,
Virginia,"Wellmore Energy, LLC (Paw Paw 2 South)","Big Rock, VA",10/06/2025,12/06/2025,95,Layoff,,,,,,,,,,,"3113 Old Rock Lick Road, Big Rock, VA 24603",Gary Prater,,
Virginia,United States Patent and Trademark Office (USPTO),"Alexandria, VA",10/14/2025,12/09/2025,126,Closure,,,,,,,,,,,"600 Dulany Avenue, Alexandria, VA 22314",Carolyn Schad,,
Virginia,Merrifield Garden Center Corp,"Manassas, VA",10/17/2025,12/31/2025,97,Closure,,,,,,,,,,,"6895 Wellington Road, Manassas, VA 20109",David Watkins,,
Virginia,SimplyIOA LLC,"Spotsylvania, VA",10/03/2025,12/02/2025,1,Closure,,,,,,,,,,,"1855 West State Road 434, Longwood , FL 32750",Amanda Russ,,
Virginia,"Home Care Delivered, Inc.","Glen Allen, VA",10/06/2025,12/10/2025,73,Layoff,,,,,,,,,,,"11013 West Broad Street, 4th Floor, Glen Allen, VA 23060",Maggie Smith,,
Virginia,Peraton,"Reston, VA",10/03/2025,12/05/2025,92,Layoff,,,,,,,,,,,"1875 Explorer St, Reston, VA 20190",Brittany Dellinger,,
Virginia,Sentara Health,"Virginia Beach, VA",10/03/2025,12/05/2025,127,Layoff,,,,,,,,,,,"1300 Sentara Park, Virginia Beach, VA 23464",Jacqueline Scott,,
Virginia,"ImmunityBio, Inc.","Halifax Co. , VA",09/18/2025,11/17/2025,1,Layoff,,,,,,,,,,,"25 DeFost Avenue, Summit, NJ 07901",Emily Arison,,
Virginia,Parkdale,"Hillsville, VA",08/26/2025,10/24/2025,68,Closure,,,,,,,,,,,"531 Cotton Blossom Circle, Gastonia, NC 28054",Karen Menting,,
Virginia,Paradies Lagardere,"Arlington, VA",08/28/2025,09/26/2025,55,Closure,,,,,,,,,,,"2401 Smith Blvd, Arlington, VA 22202",Dino Venianakis,"Unite Here Local 23 Washington DC Chapter, Anthony Randolph, President, 275 7th Ave., 16th Fl., New York, New York 10001",
Virginia,Butler Human Services a Sauder Manufacturing Co. Brand,"Chase City , VA",08/25/2025,10/24/2025,51,Closure,,,,,,,,,,,"239 B Street, Chase City, VA 23924",Micah Frankenfield,,
Virginia,Lutheran Social Services National Capital Area (LSSNA),"Fairfax & Woodbridge, VA",08/11/2025,09/30/2025,52,Layoff,,,,,,,,,,,"1730 Rhode Island Avenue NW, Washington, DC 20036",Peter Loew,,
Virginia,"Wellmore Energy Company, LLC","Big Rock, VA",08/04/2025,10/04/2025,17,Layoff,,,,,,,,,,,"1073 Riverview Street, Grundy, VA 24614",Tammy Fields,,
Virginia,"Wellmore Energy Company, LLC","Hurley, VA",07/07/2025,09/06/2025,27,Layoff,,,,,,,,,,,"1073 Riverview Street, Grundy, VA 24614",Gary Prater,,
Virginia,Atlantic Dominion Distributors,"Williamsburg & Virginia Beach, VA 23462, VA",07/30/2025,09/26/2025,104,Closure,,,,,,,,,,,"5400 Virginia Beach Blvd, Virginia Beach, VA 23462",Andrea Tanner,,
Virginia,Rochambeau Logistics Inc.,"Hampton, VA",07/22/2025,07/25/2025,63,Closure,,,,,,,,,,,"61 Floyd Thompson Dr, Hampton, VA 23666",Jeff Aldridge,,
Virginia,KIRA Services and KIRA Training Services (TLINGIT HAIDA Tribal Business Corporation),"Virginia Beach, VA",07/15/2025,08/11/2025,46,Layoff,,,,,,,,,,,"601 Oceana Blvd, Virginia Beach, VA 23460",Frances Adragna-Hayes,"International Union of Electrical Workers/Communications Workers of America (IUE-CWA) local 83225, Eric Benjamin, (775) 232-2843, ericbenjamin09@gmail.com",
Virginia,Omniplex World Services Corp.,"Chantilly, VA",07/14/2025,07/31/2025,199,Closure,,,,,,,,,,,"25316 Prediction Lane, Chantilly, VA 20152",Tanni Wiersema,,
Virginia,"Amentum, Operations and Maintenance Services","Richmond, VA",07/02/2025,08/31/2025,56,Layoff,,,,,,,,,,,"6601 West Broad Street, Richmond, VA 23230",Dan Feldman,,
Virginia,"Emerson Automation Solutions (Intelligent Platforms, LLC)","Charlottesville, VA",06/26/2025,12/31/2025,87,Layoff,,,,,,,,,,,"2500 Austin DR, Charlottesville, VA 22911",Megan Ambrose,,
Virginia,CarParts.com,"Chesapeake, VA",06/09/2025,08/08/2025,104,Closure,,,,,,,,,,,"2601 Indian River RD, Chesapeake, VA 23325",Cari Graham,,
Virginia,Kroger,"Charlottesville, VA",06/20/2025,08/22/2025,81,Closure,,,,,,,,,,,"1904 Emmet ST, Charlottesville, VA 22901",Kroger Mid-Atlantic,"UFCW Local 400, Mark Federici, 8400 Corporate Dr., #200, Landover, MD 20785",
Virginia,Nakupuna,"Arlington, VA",06/09/2025,06/30/2025,103,Layoff,,,,,,,,,,,"251 18th Street S., Arlington, VA 22202",Ret Grady,,
Virginia,"TransAxle, LLC","Richmond and Springfield, VA",05/16/2025,07/15/2025,10,Layoff,,,,,,,,,,,"2501 Route 73 S, Cinnaminson, NJ 08077",Human Resources,,
Virginia,Leidos QTC,"Reston, VA",06/13/2025,08/15/2025,77,Layoff,,,,,,,,,,,"924 Overland CT, San Dimas, CA 91773",Amy Freeman,,
Virginia,"Molina Healthcare of Virginia, Inc.","Richmond, VA",05/13/2025,06/30/2025,268,Closure,,,,,,,,,,,"3829 Gaskins Road, Richmond, VA 23233",Cristina Siepel,,
Virginia,Old Dominion Job Corps Center,"Monroe, VA",06/03/2025,06/30/2025,130,Closure,,,,,,,,,,,"1073 Father Judge RD, Monroe, VA 24574",Tiffanie Francillon,,
Virginia,The Kenific Group LLC dba Pantheon Data,"Arlington, VA",05/13/2025,05/12/2025,155,Closure,,,,,,,,,,,"305 Harrison Street, SE, Leesburg, VA 20175",Cheri Hostetler,,
Virginia,Saddle Creek Logistics Services,"Richmond, VA",05/09/2025,07/01/2025,54,Layoff,,,,,,,,,,,"3010 Saddle Creek Road, Lakeland, FL 33801",Stacey Loyd,,
Virginia,Georgia-Pacific LLC,"Emporia, VA",05/02/2025,07/01/2025,554,Closure,,,,,,,,,,,"133 Peachtree Street NE, Atlanta, GA 30348",Hadiya Gayle,"International Association of Machinists and Aerospace Workers, Larry Battle, President of Local W331, 819 W. 21st St., Suite 100, Norfolk, VA 23517",
Virginia,"Goldschmitt and Associates, LLC","Sterling, VA",04/24/2025,05/01/2025,217,Layoff,,,,,,,,,,,"21515 Ridgetop Circle, Sterling, VA 20166",Anne Dodson,,
Virginia,"United States Cellular (""USCC"")","Various, VA",03/26/2025,06/02/2025,95,Layoff,,,,,,,,,,,"Various, , VA",Izik Youker,,
Virginia,American Institutes of Research (AIR),"Arlington, VA",04/02/2025,06/01/2025,84,Layoff,,,,,,,,,,,"Arlington, VA",Lesley Sepanloo,,
Virginia,MITRE Corporation,"McLean, VA",04/02/2025,06/03/2025,442,Layoff,,,,,,,,,,,"7515 Colshire Drive, McLean, VA 22102",Julie Bowen,,
Virginia,Novelis Inc.,"Richmond, VA",03/31/2025,05/30/2025,72,Closure,,,,,,,,,,,"3550 Peachtree Road NE, Atlanta, GA 30326",Lauren Houdek,,
Virginia,King Abdullah,"Herndon, VA",03/31/2025,07/31/2025,162,Closure,,,,,,,,,,,"2949 Education Dr, Herndon, VA 20171",­­­­­­­­­­Salwa Linjawi,,
Virginia,Leidos,"Alexandria, VA",03/31/2025,05/30/2025,29,Layoff,,,,,,,,,,,"1750 Presidents St, Reston, VA 20190",Karey Jamison,,
Virginia,Goodyear,"Danville, VA",01/31/2025,04/02/2025,815,Layoff,,,,,,,,,,,"200 Innovation Way, Akron, OH 44316",Jennifer Vernon,"United Steelworkers, Local 831, J.L. Pete Morton, President, 285 Shady Grove Road, Providence, NC 27315; Emil Ramirez, International Vice President, 60 Boulevard of the Allies, Pittsburgh, PA 15222",
Virginia,International Foundation for Electoral Systems,"Arlington, VA",03/11/2025,03/02/2025,48,Layoff,,,,,,,,,,,"2011 Crystal Drive, Arlington, VA 22202",Natasha Campbell,,
Virginia,Amazon MAK7 Facility,"Manassas, VA",03/12/2025,05/13/2025,88,Closure,,,,,,,,,,,"Manassas, VA",Cabell Wagner,,
Virginia,"Speyside Bourbon Cooperage, INC.","Atkins, VA",02/28/2025,04/30/2025,75,Layoff,,,,,,,,,,,"960 Main St, Jackson, OH 45640",Drew Brooks,,
Virginia,American Institutes of Research (AIR),"Arlington, VA",03/11/2025,05/09/2025,149,Layoff,,,,,,,,,,,"1400 Crystal Dr, Arlington, VA 22202",Lesly Sepanloo,,
Virginia,Management Science for Health (MSH),"Arlington, VA",02/07/2025,02/04/2025,182,,,,,,,,,,,,"4201 Wilson Boulevard, Arlington, VA 22203",Kathryn Erskine,,
Virginia,"D&A Consulting Service, LLC dba GetInsured","Virginia, VA",01/21/2025,02/19/2025,35,Permanent Reduction,,,,,,,,,,,"7908 Point Hollow Dr, Richmond, VA 23227",Elena Fuller,,
Virginia,American Woodmark Corporation,"Orange, VA",01/07/2025,03/24/2025,131,Closure,,,,,,,,,,,"561 Shady Elm Road, Winchester, VA 22602",Eric Miller,,
Virginia,"Nitto, Inc","Chesapeake, VA",01/08/2025,03/07/2025,86,Closure,,,,,,,,,,,"809 Principal Ct, Chesapeake, VA 23320",Becky Carroll,,
Washington,12345678910...,1,6,2,3,4,,,,,,,,,,,,,,5
Washington,ZoomCare,Bellevue & Remote,4/16/2026,6/15/2026,36,Layoff,,,,,,,,,,,,,,Permanent
Washington,Snap Inc.,"Bellevue, Seattle, Vancouver",4/15/2026,4/16/2026,95,Layoff,,,,,,,,,,,,,,Permanent
Washington,"Astellas US Holding, Inc.",Seattle,4/10/2026,7/1/2026,50,Closure,,,,,,,,,,,,,,Permanent
Washington,"Meta Platforms, Inc","Seattle, Bellevue, Redmond",3/31/2026,5/8/2026,168,Layoff,,,,,,,,,,,,,,Permanent
Washington,"Oracle America, Inc.",Seattle and Remote,3/31/2026,6/1/2026,475,Layoff,,,,,,,,,,,,,,Permanent
Washington,Starbucks,Seattle,3/27/2026,3/29/2026,69,Closure,,,,,,,,,,,,,,Permanent
Washington,"Epic Games, Inc.",Bellevue,3/24/2026,3/27/2026,82,Layoff,,,,,,,,,,,,,,Permanent
Washington,"Blue Star Growers, Inc.",Cashmere,3/20/2026,5/19/2026,143,Layoff,,,,,,,,,,,,,,Permanent
Washington,"Blue Bird, Inc.",Wenatchee,3/17/2026,5/16/2026,82,Layoff,,,,,,,,,,,,,,Permanent
Washington,"John I. Haas, Inc.",Yakima,3/13/2026,5/15/2026,12,Layoff,,,,,,,,,,,,,,Temporary
Washington,"Rise Baking Company, LLC",Kent,3/12/2026,8/7/2026,120,Closure,,,,,,,,,,,,,,Permanent
Washington,"Atlassian US, Inc.",Bellevue,3/11/2026,3/13/2026,63,Layoff,,,,,,,,,,,,,,Permanent
Washington,"Agrimacs, Inc.",Chelan,3/9/2026,5/8/2026,145,Closure,,,,,,,,,,,,,,Permanent
Washington,CHS Northwest,"Whatcom, County",3/5/2026,5/5/2026,57,Closure,,,,,,,,,,,,,,Permanent
Washington,C2 Technologies,Virtual,3/5/2026,3/6/2026,1,Layoff,,,,,,,,,,,,,,Permanent
Washington,12345678910...,1,6,2,3,4,,,,,,,,,,,,,,5
Washington,12345678910...,1,6,2,3,4,,,,,,,,,,,,,,5
Washington,Refresco Beverages US Inc,Walla Walla,3/3/2026,5/2/2026,58,Closure,,,,,,,,,,,,,,Permanent
Washington,Northwest Hardwoods,Centralia,3/3/2026,3/5/2026,70,Closure,,,,,,,,,,,,,,Permanent
Washington,"MicroVision, Inc.",Redmond,3/2/2026,4/30/2026,49,Layoff,,,,,,,,,,,,,,Permanent
Washington,Doosan GridTech,Bellevue,3/2/2026,5/1/2026,18,Layoff,,,,,,,,,,,,,,Permanent
Washington,"IPIC Theaters, LLC",Redmond,2/27/2026,4/28/2026,64,Closure,,,,,,,,,,,,,,Permanent
Washington,CHS Northwest,Various locations in Washington,2/19/2026,4/19/2026,38,Layoff,,,,,,,,,,,,,,Permanent
Washington,"Peshastin Pear Packers, LLC.",Peshastin,2/16/2026,4/23/2026,31,Layoff,,,,,,,,,,,,,,Permanent
Washington,PeaceHealth,Various locations in Washington,2/11/2026,4/12/2026,94,Layoff,,,,,,,,,,,,,,Permanent
Washington,Eddie Bauer LLC,Seattle,2/9/2026,4/15/2026,60,Closure,,,,,,,,,,,,,,Permanent
Washington,Congdon Packing Company,Yakima,2/9/2026,4/15/2026,102,Layoff,,,,,,,,,,,,,,Permanent
Washington,"GMRI, Inc. dba Bahama Breeze",Tukwila,2/3/2026,4/5/2026,93,Closure,,,,,,,,,,,,,,Permanent
Washington,T-Mobile,Various locations in Washington,2/2/2026,4/2/2026,637,Layoff,,,,,,,,,,,,,,Permanent
Washington,Amazon,Various locations in Washington,1/30/2026,4/28/2026,2198,Layoff,,,,,,,,,,,,,,Permanent
Washington,International Paper Company,Union Gap,1/30/2026,4/3/2026,102,Closure,,,,,,,,,,,,,,Permanent
Washington,"Expedia, Inc.",Seattle,1/28/2026,4/1/2026,162,Layoff,,,,,,,,,,,,,,Permanent
Washington,12345678910...,1,6,2,3,4,,,,,,,,,,,,,,5
Washington,12345678910...,1,6,2,3,4,,,,,,,,,,,,,,5
Washington,Amazon,Various locations in Washington,1/28/2026,4/28/2026,401,Closure,,,,,,,,,,,,,,Permanent
Washington,CHS Northwest,Lynden,1/28/2026,4/1/2026,11,Layoff,,,,,,,,,,,,,,Permanent
Washington,"Meta Platforms, Inc",King County,1/19/2026,3/20/2026,331,Layoff,,,,,,,,,,,,,,Permanent
Washington,Food Service Slicing LLC dba Crunch Pak,Selah,1/15/2026,3/31/2026,101,Closure,,,,,,,,,,,,,,Permanent
Washington,SMBC Manubank,Various locations in Washington,1/8/2026,3/10/2026,5,Layoff,,,,,,,,,,,,,,Permanent
Washington,Tessera,King County,1/6/2026,3/8/2026,1,Layoff,,,,,,,,,,,,,,Permanent
Washington,Swedish Health Services,King and Snohomish Counties,1/6/2026,3/7/2026,50,Layoff,,,,,,,,,,,,,,Permanent
Washington,Doosan GridTech,Bellevue,12/29/2025,2/27/2026,24,Layoff,,,,,,,,,,,,,,Permanent
Washington,Amazon,Seattle & Bellevue,12/13/2025,2/2/2026,84,Layoff,,,,,,,,,,,,,,Permanent
Washington,Packaging Corporation of America,Wallula,12/11/2025,2/9/2026,200,Closure,,,,,,,,,,,,,,Permanent
Washington,Verizon,Various locations in Washington,11/21/2025,1/23/2026,165,Layoff,,,,,,,,,,,,,,Permanent
Washington,Providence Health & Services,Various locations in Washington,11/21/2025,1/20/2026,57,Layoff,,,,,,,,,,,,,,Permanent
Washington,Nordstrom Credit Bank,Remote in Washington,11/20/2025,3/1/2026,6,Layoff,,,,,,,,,,,,,,Permanent
Washington,Nordstrom Credit Bank,Remote in Washington,11/20/2025,2/1/2026,2,Layoff,,,,,,,,,,,,,,Permanent
Washington,Meteorcomm LLC,Renton,11/18/2025,1/17/2026,49,Layoff,,,,,,,,,,,,,,Permanent
Washington,12345678910...,1,6,2,3,4,,,,,,,,,,,,,,5
Washington,12345678910...,1,6,2,3,4,,,,,,,,,,,,,,5
Washington,Battelle Memorial Institute / Pacific Northwest National Laboratory,Various locations in Washington,11/18/2025,11/18/2025,68,Layoff,,,,,,,,,,,,,,Permanent
Washington,Nordstrom Credit Bank,Remote in Washington,11/17/2025,2/21/2026,1,Layoff,,,,,,,,,,,,,,Permanent
Washington,"The Skillet Group / Skillet SA, LLC",Seattle,11/14/2025,12/12/2025,9,Closure,,,,,,,,,,,,,,Permanent
Washington,"The Skillet Group / Skillet Diner, LLC",Seattle,11/14/2025,11/12/2025,18,Closure,,,,,,,,,,,,,,Permanent
Washington,"The Skillet Group / Skillet Street Food, Inc. DBA Skillet Diner Harbor Steps",Seattle,11/14/2025,11/12/2025,20,Closure,,,,,,,,,,,,,,Permanent
Washington,Great Floors (Artisan Designer Group),Various locations in Washington,11/13/2025,1/12/2026,58,Closure,,,,,,,,,,,,,,Permanent
Washington,"Solgen Power, LLC, d/b/a Purelight Power",Various locations in Washington,11/13/2025,12/23/2025,71,Closure,,,,,,,,,,,,,,Permanent
Washington,"Rad Power Bikes, Inc.",Seattle,11/7/2025,3/6/2026,64,Closure,,,,,,,,,,,,,,Permanent
Washington,"Adams County Public Hospital District #2, DBA East Adams Rural Healthcare",Ritzville,11/7/2025,1/7/2026,108,Layoff,,,,,,,,,,,,,,Permanent
Washington,Infineon Technologies Americas Corp.,Lynnwood,11/4/2025,11/14/2025,61,Layoff,,,,,,,,,,,,,,Permanent
Washington,"Phillips Ultrasound, Inc",Bothell,10/31/2025,12/31/2025,33,Layoff,,,,,,,,,,,,,,Permanent
Washington,Tessera,Joint Base Lewis McChord,10/31/2025,11/1/2025,85,Layoff,,,,,,,,,,,,,,Temporary
Washington,Inventprise Inc.,Redmond,10/30/2025,12/31/2025,150,Layoff,,,,,,,,,,,,,,Permanent
Washington,Green Diamond Resource Company,"Seattle, Shelton",10/30/2025,12/31/2025,42,Layoff,,,,,,,,,,,,,,Permanent
Washington,TransAlta,Centralia,10/30/2025,1/5/2026,72,Layoff,,,,,,,,,,,,,,Permanent
Washington,12345678910...,1,6,2,3,4,,,,,,,,,,,,,,5
Washington,12345678910...,1,6,2,3,4,,,,,,,,,,,,,,5
Washington,Amazon,Various locations in Washington,10/28/2025,1/26/2026,2303,Layoff,,,,,,,,,,,,,,Permanent
Washington,PeaceHealth,Various locations in Washington,10/28/2025,12/27/2025,241,Layoff,,,,,,,,,,,,,,Permanent
Washington,PacificSource,Tacoma,10/28/2025,12/31/2025,4,Layoff,,,,,,,,,,,,,,Permanent
Washington,JARDE LLC,Bremerton,10/24/2025,10/31/2025,110,Closure,,,,,,,,,,,,,,Permanent
Washington,"Meta Platforms, Inc","Seattle, Bellevue, Redmond",10/23/2025,12/22/2025,101,Layoff,,,,,,,,,,,,,,Permanent
Washington,Virginia Mason Franciscan Health Virtual Health Services,Tacoma,10/17/2025,1/2/2026,5,Layoff,,,,,,,,,,,,,,Permanent
Washington,Above The Dirt LLC,Quincy,10/16/2025,12/15/2025,392,Layoff,,,,,,,,,,,,,,Permanent
Washington,"FirstFruits, LLC",Prescott,10/16/2025,11/30/2025,1200,Layoff,,,,,,,,,,,,,,Permanent
Washington,Double M Orchards,Quincy,10/10/2025,12/5/2025,197,Layoff,,,,,,,,,,,,,,Permanent
Washington,"Gebbers Farms, Etal",Brewster,10/10/2025,11/25/2025,3465,Layoff,,,,,,,,,,,,,,Permanent
Washington,"King Fuji Ranch, Inc.",Mattawa,10/10/2025,11/28/2025,334,Layoff,,,,,,,,,,,,,,Permanent
Washington,Starbucks,"Seattle, Kent",10/9/2025,12/5/2025,974,Layoff,,,,,,,,,,,,,,Permanent
Washington,"SimplyIOA, LLC",Olympia,10/6/2025,12/2/2025,1,Closure,,,,,,,,,,,,,,Permanent
Washington,Stemilt Ag Services LLC,Wenatchee,10/6/2025,11/21/2025,1561,Layoff,,,,,,,,,,,,,,Permanent
Washington,Starbucks,Various locations in Washington,10/3/2025,12/5/2025,338,Closure,,,,,,,,,,,,,,Permanent
Washington,12345678910...,1,6,2,3,4,,,,,,,,,,,,,,5
Washington,12345678910...,1,6,2,3,4,,,,,,,,,,,,,,5
Washington,"Oracle America, Inc.",Seattle,10/1/2025,11/3/2025,4,Layoff,,,,,,,,,,,,,,Permanent
Washington,Manson Growers Orchard Services,Manson,10/1/2025,11/30/2025,257,Layoff,,,,,,,,,,,,,,Permanent
Washington,Farmers New World Life Insurance Company,Bellevue,10/1/2025,10/1/2025,65,Layoff,,,,,,,,,,,,,,Permanent
Washington,AgriNorthwest,Kennewick,10/1/2025,11/30/2025,62,Layoff,,,,,,,,,,,,,,Permanent
Washington,BM Administrative Services,Various locations in Washington,9/30/2025,11/30/2025,268,Layoff,,,,,,,,,,,,,,Permanent
Washington,Walmart,Federal Way,9/29/2025,10/31/2025,253,Closure,,,,,,,,,,,,,,Permanent
Washington,"Agrimacs, Inc.",Chelan,9/29/2025,11/14/2025,1368,Layoff,,,,,,,,,,,,,,Permanent
Washington,Kershaw Farm Labor Management,Yakima,9/26/2025,11/25/2025,539,Layoff,,,,,,,,,,,,,,Permanent
Washington,"Darigold, Inc.",Chehalis,9/23/2025,11/23/2025,55,Closure,,,,,,,,,,,,,,Permanent
Washington,"Gilbert Orchards, Inc.",Yakima,9/23/2025,11/22/2025,599,Layoff,,,,,,,,,,,,,,Permanent
Washington,Overlake Medical Center & Clinics,Bellevue,9/22/2025,11/23/2025,55,Layoff,,,,,,,,,,,,,,Permanent
Washington,"Sundquist Fruit, LLC",Yakima and Franklin Counties,9/19/2025,11/20/2025,424,Layoff,,,,,,,,,,,,,,Permanent
Washington,"Monson Ranches Snake River Orchards, LLC DBA Goose Ridge Vineyards",Benton City,9/19/2025,11/7/2025,310,Layoff,,,,,,,,,,,,,,Permanent
Washington,Seattle Children's Hospital,"Seattle, Bellevue, Everett, Federal Way, Kennewick",9/17/2025,11/15/2025,154,Layoff,,,,,,,,,,,,,,Permanent
Washington,"AG Management Group, LLC",Yakima,9/17/2025,11/19/2025,1276,Layoff,,,,,,,,,,,,,,Permanent
Washington,12345678910...,1,6,2,3,4,,,,,,,,,,,,,,5
Washington,12345678910...,1,6,2,3,4,,,,,,,,,,,,,,5
Washington,"Borton & Sons, Inc.",Various locations in Washington,9/17/2025,11/9/2025,1025,Layoff,,,,,,,,,,,,,,Permanent
Washington,"Cascade View Fruit & Cold Storage, LLC",Selah,9/15/2025,11/16/2025,263,Layoff,,,,,,,,,,,,,,Permanent
Washington,Columbia Orchard Management,Wenatchee,9/15/2025,11/14/2025,898,Layoff,,,,,,,,,,,,,,Permanent
Washington,NWFM,Various locations in Washington,9/12/2025,11/15/2025,283,Layoff,,,,,,,,,,,,,,Permanent
Washington,Washington Orchard Management,Various locations in Washington,9/11/2025,11/7/2025,336,Layoff,,,,,,,,,,,,,,Temporary
Washington,Microsoft,Redmond,9/8/2025,11/7/2025,42,Layoff,,,,,,,,,,,,,,Permanent
Washington,Virginia Mason Franciscan Health Virtual Health Services,Tacoma,9/8/2025,11/10/2025,24,Layoff,,,,,,,,,,,,,,Permanent
Washington,Virginia Mason Franciscan Health Insurance Verification,Tacoma,9/8/2025,11/7/2025,6,Layoff,,,,,,,,,,,,,,Permanent
Washington,"Oracle America, Inc.",Seattle,9/2/2025,11/3/2025,101,Layoff,,,,,,,,,,,,,,Permanent
Washington,"Salesforce, Inc.","Seattle, Bellevue",9/2/2025,11/3/2025,93,Layoff,,,,,,,,,,,,,,Permanent
Washington,Providence Health & Services,Seattle,8/28/2025,10/25/2025,5,Layoff,,,,,,,,,,,,,,Permanent
Washington,"Rec Room, Inc.",Seattle,8/25/2025,10/26/2025,141,Layoff,,,,,,,,,,,,,,Permanent
Washington,Pfizer,Bothell,8/25/2025,8/25/2025,100,Layoff,,,,,,,,,,,,,,Permanent
Washington,Fred Meyer,Kent,8/22/2025,10/17/2025,172,Closure,,,,,,,,,,,,,,Permanent
Washington,Fred Meyer,Everett,8/22/2025,10/17/2025,189,Closure,,,,,,,,,,,,,,Permanent
Washington,12345678910...,1,6,2,3,4,,,,,,,,,,,,,,5
Washington,12345678910...,1,6,2,3,4,,,,,,,,,,,,,,5
Washington,Fred Meyer,Redmond,8/22/2025,10/18/2025,194,Closure,,,,,,,,,,,,,,Permanent
Washington,Fred Meyer,Seattle,8/22/2025,10/18/2025,201,Closure,,,,,,,,,,,,,,Permanent
Washington,Nordstrom Credit Bank,Remote in Washington,8/21/2025,11/15/2025,1,Layoff,,,,,,,,,,,,,,Permanent
Washington,"Car Toys, Inc.",Various locations in Washington,8/19/2025,10/20/2025,177,Closure,,,,,,,,,,,,,,Permanent
Washington,"Zeco Systems, Inc.",Various locations in Washington,8/18/2025,10/31/2025,6,Layoff,,,,,,,,,,,,,,Permanent
Washington,T-Mobile,King County,8/15/2025,10/13/2025,131,Layoff,,,,,,,,,,,,,,Permanent
Washington,"Oracle America, Inc.",Seattle,8/13/2025,10/13/2025,161,Layoff,,,,,,,,,,,,,,Permanent
Washington,"F5, Inc.",Seattle and Liberty Lake,8/12/2025,10/15/2025,106,Layoff,,,,,,,,,,,,,,Permanent
Washington,"Block, Inc.",Statewide,8/12/2025,10/13/2025,4,Layoff,,,,,,,,,,,,,,Permanent
Washington,Providence Health & Services,Various locations in Washington,8/8/2025,10/7/2025,126,Layoff,,,,,,,,,,,,,,Permanent
Washington,Microsoft,Redmond,8/4/2025,10/3/2025,40,Layoff,,,,,,,,,,,,,,Permanent
Washington,Jack in the Box,Seattle,8/4/2025,10/3/2025,13,Closure,,,,,,,,,,,,,,Permanent
Washington,"LevelTen Energy, Inc.",Seattle,8/1/2025,8/15/2025,60,Layoff,,,,,,,,,,,,,,Permanent
Washington,Fred Meyer,Tacoma,7/29/2025,9/27/2025,226,Closure,,,,,,,,,,,,,,Permanent
Washington,RV Country Washington LLC,Kelso,7/25/2025,9/30/2025,17,Closure,,,,,,,,,,,,,,Permanent
Washington,12345678910...,1,6,2,3,4,,,,,,,,,,,,,,5
Washington,12345678910...,1,6,2,3,4,,,,,,,,,,,,,,5
Washington,"Quality Food Centers, Inc",Mill Creek,7/21/2025,9/3/2025,76,Closure,,,,,,,,,,,,,,Permanent
Washington,"KIRA Services, LLC",Pacific Beach,7/18/2025,8/11/2025,7,Layoff,,,,,,,,,,,,,,Permanent
Washington,Jack in the Box,Seattle,7/14/2025,9/10/2025,12,Closure,,,,,,,,,,,,,,Permanent
Washington,Jack in the Box,Tukwila,7/14/2025,9/10/2025,14,Closure,,,,,,,,,,,,,,Permanent
Washington,FIS,Bellevue,7/11/2025,9/15/2025,138,Layoff,,,,,,,,,,,,,,Permanent
Washington,"GSC Transport, Inc.",Tacoma,7/10/2025,7/10/2025,10,Layoff,,,,,,,,,,,,,,Permanent
Washington,"GSC Solutions, Inc.",Tacoma,7/10/2025,7/10/2025,7,Layoff,,,,,,,,,,,,,,Permanent
Washington,"MacMillan-Piper, LLC.","Seattle, Tacoma",7/10/2025,7/10/2025,92,Closure,,,,,,,,,,,,,,Permanent
Washington,"Indeed, Inc.",Seattle,7/10/2025,9/9/2025,92,Layoff,,,,,,,,,,,,,,Permanent
Washington,Western Forest Products Inc.,Vancouver,7/9/2025,7/8/2025,112,Closure,,,,,,,,,,,,,,Temporary
Washington,"ByteDance, Inc.",Bellevue,7/7/2025,7/28/2025,27,Layoff,,,,,,,,,,,,,,Permanent
Washington,"TikTok, Inc.",Bellevue,7/7/2025,7/28/2025,38,Layoff,,,,,,,,,,,,,,Permanent
Washington,"Quality Built, LLC",Not Provided,7/7/2025,7/3/2025,1,Closure,,,,,,,,,,,,,,Permanent
Washington,Microsoft,Redmond and Bellevue,7/2/2025,8/31/2025,830,Layoff,,,,,,,,,,,,,,Permanent
Washington,"Northwest Offset Printing, Inc.",Spokane Valley,7/1/2025,8/31/2025,68,Closure,,,,,,,,,,,,,,Permanent
Washington,12345678910...,1,6,2,3,4,,,,,,,,,,,,,,5
Washington,12345678910...,1,6,2,3,4,,,,,,,,,,,,,,5
Washington,Amazon Fresh,Federal Way,6/20/2025,8/19/2025,125,Closure,,,,,,,,,,,,,,Permanent
Washington,"Del Monte Foods, Inc.","Yakima, Wapato",6/6/2025,8/8/2025,51,Closure,,,,,,,,,,,,,,Permanent
Washington,Virginia Mason Franciscan Health Virtual Health Services,Tacoma,6/5/2025,7/28/2025,116,Closure,,,,,,,,,,,,,,Permanent
Washington,Hood Packaging Corporation,Vancouver,6/3/2025,8/1/2025,94,Closure,,,,,,,,,,,,,,Permanent
Washington,Microsoft,Redmond,6/2/2025,8/1/2025,305,Layoff,,,,,,,,,,,,,,Permanent
Washington,LifeSkills Connection Inc.,Sedro Woolley,5/30/2025,6/30/2025,119,Closure,,,,,,,,,,,,,,Permanent
Washington,Emerald Transport Inc.,Quincy,5/27/2025,5/27/2025,1,Layoff,,,,,,,,,,,,,,Permanent
Washington,Enterprise for Progress in the Community (EPIC),Yakima,5/22/2025,6/30/2025,198,Layoff,,,,,,,,,,,,,,Permanent
Washington,Incyte Diagnostics,Spokane Valley,5/22/2025,8/4/2025,310,Layoff,,,,,,,,,,,,,,Permanent
Washington,Microsoft,Redmond,5/13/2025,7/12/2025,1985,Layoff,,,,,,,,,,,,,,Permanent
Washington,College Success Foundation,Bellevue,5/12/2025,7/9/2025,100,Layoff,,,,,,,,,,,,,,Permanent
Washington,The Bartell Drug Company (Rite Aid),Des Moines,5/7/2025,6/4/2025,131,Closure,,,,,,,,,,,,,,Permanent
Washington,Starbucks,Seattle,5/5/2025,7/4/2025,8,Layoff,,,,,,,,,,,,,,Permanent
Washington,SDS Lumber LLC,Bingen,5/1/2025,6/2/2025,81,Closure,,,,,,,,,,,,,,Permanent
Washington,"Accelerate360 Distribution, LLC - Dakota Merchandising Work Unit",Various locations in Washington,4/28/2025,6/28/2025,31,Closure,,,,,,,,,,,,,,Permanent
Washington,12345678910...,1,6,2,3,4,,,,,,,,,,,,,,5
