Store,Analyst,Industry,Type,Title,Link,Published,Summary
Whole Foods Market,Rahul Shinde,Grocery,Opening,"New Whole Foods Market in Jacksonville, Florida, to Open May 21 - WebWire",https://news.google.com/rss/articles/CBMiYEFVX3lxTE5yZ0lLVGh2Q21hbDFRT2JFSTVva3ZEbFdhRlZVajg0VDc5V0lmY1ZlUV8zcFl3cVprbjJ1TjRzNi14ZDI1empGUmZkYW03R2FwYm8zZmhoMjdlbExjcXhpTQ?oc=5,2026-04-23 14:25:45+00:00,"New Whole Foods Market in Jacksonville, Florida, to Open May 21 WebWire"
Party City,Dhiraj Manghani,Mass Merchandisers,Closing,Party City expands footprint through Staples partnership after store closures - Fox Business,https://news.google.com/rss/articles/CBMisgFBVV95cUxPNTc0S3ZVcG5Xd3hxLXU3WUJNY0xIaW9uaEpmbHRPWjZLQk13R1o5ZFA4QUdXUGxlQUdKbWtvRHN0VTRoZjdQYzJrdGN5WTJ4U3l3SGNmYUpESjVlNTFvcGlEVDZsNFFZcTFvRkRYVWxhOHNnb2h1ek9LVVh6WUw0OWZWWGkwQW53em5CTlliWDVXUUh3bXdTSlhMT2RJMWplQ1hLNjgtUHVkcjdQci00cXNR0gG3AUFVX3lxTE9JMWlwdEZleTZwRENEN3VCY0l2STF6X0t5QmpvdFNhQ3M5NmxsY1N5ZUMweFVCZlZ3QWxTUG9DWXFWa2VSWUNRQnppYm5VVVRMdFJFT2Zkc1hWRW45YmNrWjdZMk5uanBadjlOZjhON2ItbU5vd1pLNHN3cWRaT3JFYTFBeFhQcWtUQi1EVmtIYXhYTmNsWmFHbHoxWVRWTFBLZ3ZQcE1fMVo1VWxzekZPWFBTdkdKZw?oc=5,2026-04-23 14:10:00+00:00,Party City expands footprint through Staples partnership after store closures Fox Business
Barnes and Noble,Ashwin Nair,Mass Merchandisers,Opening,Barnes & Noble's new Clovis location gets opening date - ABC30 Fresno,https://news.google.com/rss/articles/CBMijAFBVV95cUxOVkZwNWNRYUdRR0MwbUh6TEFCSWFDdmVuNEk3LUlSVnppcjB2SEd0RS1fbTdxeF9DbVpsTmNEMjdSYWNIbWlFOGljU1FiTkNpMUsycmE5cEVqN3Q5Sm5kY2ttbWZxQW5RWmVkcllGQm1iNmI0czRYTlRsRTRQZE9rMjdaUm5vZ3hKR3hnX9IBkgFBVV95cUxPRVhRYzZjUWVORkVBWTFYLUU2QWV5cGpqczNxb2VKSEVOcGVJX3ExV3NobGJyNmJHWkIyYkhYUFZNSU1XMjBqbDBwekVQV3E0bWZ5Y1lsNDd4UzR1MU9GZ2VGV3JZTXNsUjFaQmdlRzlIT2ctQUc3c0VRdlRYV0lnU2pySWhaQjhuSUJQWWpTVHAtQQ?oc=5,2026-04-23 14:04:19+00:00,Barnes & Noble's new Clovis location gets opening date ABC30 Fresno
Wawa,Ayushi Chandel,Convenience Stores / Distributors,Closing,"Wawa recall, music shop closing, new boutique: Main Line business news - MSN",https://news.google.com/rss/articles/CBMi8AJBVV95cUxORm1nZmUtM0tadjk1Z01ZeXJYM0xBTnNRaTBuTkMwRDZZTGMwa1JuODM3cEY5SWZsWWs4S0tEdGlIa3hCeTcyaGw1d0pDcUlpdElVX2lacXNlYVV2ME5wcVRVc2xuc09tN0Vlc04xQkkxanJRQ0ROM01KNF9UTFhFNWFDWVJmbmJCT1VWdm9tc253a1lhSGtPZUtvUmQ4eWk2bkhiaElhWmVYS0I3Mm1tYmU5SnJFdnUtSFlVX0U1eHpja3lYQ1pCY3dTYnhTdkNOcWpKZXBia1cwOTJKNGdVb3U4UDlmZXdCUnk3MWU3c0xSdi1UNWRJQ2ZLRG1MejlyVllxZ1Y2QXFMVU1BSkhUWm9maHRRLVhDdGg4NUczT1FxVkdnY2hiend4YlJjbTRtTDlqdnVRbXFXR3E5MGJVRDVRUFZKYnEwWGpJaVk1bUlCOFVrV1pRRG8ySUtGMXNrelFTM2l2bXdEOUhuVGhVRw?oc=5,2026-04-23 13:00:41+00:00,"Wawa recall, music shop closing, new boutique: Main Line business news MSN"
Grocery Outlet,Rahul Shinde,Grocery,Closing,GO Lawsuit Alleges Inadequate Risk Disclosures Regarding Financial Performance - Grocery Outlet Holding Corp. Investors Face Losses Following the Disclosure of Missed Full Year Guidance and 36 Store Closures: SueWallSt - Morningstar,https://news.google.com/rss/articles/CBMiiwNBVV95cUxQQnZTZXFwMjlOd3RHSW80N2t4b2Z6MTA0QVZfSXEwUzItVGphU25teWEtRUlZZEpiNHUxQkJSVDdLZUpDbTVuMXBoRWcwOUViOVdJV0w2ZzZGZjJZSDJ5ZkY1d001OFVmOEtYS2lwdGd1UjFzbHJueEpCMFhlRW9OQjRhV3FFby1HQ0x3UVhScWNRVDRxSk91YkQ1eUVPZWpqZl9wSXBxS1F4SkVmU19XdnRHbXFrcENGS3RROXN2MmJ4QWpYSWdabXlzRlNyNHluaEd3b2ZuZ1JvZmJDOUdCR1d3X3dFQks0YTAtQldQVGFtLVd4bEpKbGt5M1BnZnZaRWU5ZFRqQWU1ZGNnLUNoVEV0djFVOXRpWXA2RUtKazlBVTNJM0U3NWNWdFZXMWtQTm54aXVuTDZXRGd6RzFxelNLRV81ZGl6cEE1dEFyemtLYWk4QXJyUXU3QzNNbUhXNURiOEVwSDJnSHdaMUZZMllmQW5PRFJsRXdQOFBqSHVOYTRvaWdrbVVKUQ?oc=5,2026-04-23 13:00:00+00:00,GO Lawsuit Alleges Inadequate Risk Disclosures Regarding Financial Performance - Grocery Outlet Holding Corp. Investors Face Losses Following the Disclosure of Missed Full Year Guidance and 36 Store Closures: SueWallSt Morningstar
Whole Foods Market,Rahul Shinde,Grocery,Opening,Whole Foods Market will double its UK stores with six new outlets - check if one will be near you - MSN,https://news.google.com/rss/articles/CBMikANBVV95cUxQUGlqVVBjZ1IzQi1KR3lFb21RY3lmajFERDVqaUVfUnFCazRSX01aQ08zU2tVVUttNXVLbzBUM0JtcHk5QlhBeHo2a3R6dkNpTTFZa25UaGZRTklhQnI5SXNFZEdnWlhXNVEyaU5CZzI0N095cmpEQ1pXWi1DZlJzYzFLaEY5c3JRVmc0YTRqOExhUy1POUNTWnNGM3BSa3kzWTNCMGFPbjlsTVcybE5rLTRRTGxacHk3enNxVndMY2dxMURSa2paQkhxYjV0UGNJYTNDclZOQ2ZFWVFreXlYWjhDQTVoTDNPQ0VZQUFWc2JHVHdYcnRHR3FERnZ5NGtsV3U5WUJ2akROVy1lU25ZYnE2NzlXMjlmT25jd1VVNVo1LTB1aXREckkwejJYanNLLVBHTmpSdkhua2JiLTEzZDZzQWFqNDJyRzdmOENwdVQ3cDE1OXRaU250STVOQUlCLXZURWlralp1UFdPSlN0VGlvOGotYVYxYURxUXpqV29UbDRoMkNDamVMbURMS3ln?oc=5,2026-04-23 11:58:06+00:00,Whole Foods Market will double its UK stores with six new outlets - check if one will be near you MSN
O'Reilly Auto Parts,Bhavesh Phulwani,Mass Merchandisers,Opening,Large Retailer Coming Soon To Former Bobs Stores Spot In Milford - Patch,https://news.google.com/rss/articles/CBMinAFBVV95cUxPcER3NVMxWkxEblY1dXpaRkl4dllCODFEZmFFTTFLbFUtYl9TVFMxaGotQWlPQ0RGNktXcGR6eWc3alN3OWVNY1RROEJsMWdDb0ExUlV2OF9OSTNzUlR6anR2WDJtZm5FWDl3WXJRZEttNXBKcGZuVkU1N3hnYUNUVW1MS2JBWFJLWjhRa2RyMHpvN2lwWDF3ejFMM3XSAbYBQVVfeXFMT0xZS1Q5aE1IeExkaTAwZFZHZkVkTzBLWEhsbjNUU0I1allpZndpYXhKWm9vZ0VCbVBsUmJ0bG9hbFNqRDNveFFsNkRMQnQ2aTRiTVdPeVlxR3lrVDJ6Ql9BQ0hqb1B4SzFoREhJazdCaVJ5ME9UR01YbS1XXzhGTWFIalFITHFfVkFtVXExT1hMc0xfRjJKb0pSMFhtZ0lwWWFOQ1BmUDZ3Uk5sWkhXdUpQSjFVU2c?oc=5,2026-04-23 11:44:56+00:00,Large Retailer Coming Soon To Former Bobs Stores Spot In Milford Patch
Chick-fil-a,Rahul Vasaya,Restaurants,Opening,People line up early for grand opening of Ocean Springs Chick-fil-A - WALB,https://news.google.com/rss/articles/CBMioAFBVV95cUxNX0MtZW9LVjlXYUtyeTBDRzdvM243ekxnT3V6bHZiRm54NVZUNFBvcnpON1J1WmhmWFNlS2tkcDRJd3IwQUlaVlhtcG1oMjI3bEVldnAtTlhGZ0dJTDFiR3BQeDVTbWZ5bzgzaFZNdDdoYm9XeXd5bEZHTHVxZGdhbzVvd19JSkp6U19rTHl6S0FpVG83aC10bHB4ZEZBSmtw?oc=5,2026-04-23 11:20:21+00:00,People line up early for grand opening of Ocean Springs Chick-fil-A WALB
Neiman Marcus,Harsimranjeet Singh Ghelani,Department Stores,Closing,Neiman Marcus is closing its only store left in Massachusetts - MSN,https://news.google.com/rss/articles/CBMi_wJBVV95cUxOWGZpZmE3cWxFS0FmVUl0dFZPUEVjVDYxUXBDR3FJOGxJdlFLYVlFVnR1VFhCVldVeUt3YllHYThfcVFjM2NORUFRY05SVWI2TFhTZm5WbTU2ZXhfNVlYTEkteDU5OHJ5X1pITml6c0twUHJ3QWRDam5XOXlmNTlGa190TF93T2lnSmFOMFlBWVJLX0M4RkVhYTY0cjNsN1NkNVp4eWdfN25sREVSUXdQdlFXd0VSczdjQWpUcFpteTdCR0NuS2tLSDU0eXlHNXpEUW1ZSjhhMkhIdF9fZzFRdk5pRXpLbFhpUUE0STE4aWhYbEFvbTdwRzRLbXNhazU4eE5KTS1MMk1WVlh5T1cyTnV4TmRoUEFfWjhyWDdtSVFZS3o0YXFVNkVSUkRLemlPOTB2UUxvNmw0dzdKeFFOUld4ZmNhTTNMUmJZQzFBb25DazduQ0RvQzhpdW1fcU1MVzktbU1sT014bEJJcVQ0UDdsTF81WGxHX3ZNUGNmYw?oc=5,2026-04-23 11:14:29+00:00,Neiman Marcus is closing its only store left in Massachusetts MSN
Grocery Outlet,Rahul Shinde,Grocery,Closing,Grocery Outlet abruptly shutters 36 stores after expanding too fast - MSN,https://news.google.com/rss/articles/CBMikwNBVV95cUxPMlRnRzJJUlU1TDFrbHlWNHl1MkprdlN2LUotdThiM0w4elgzSDRMUGpLRlVCeC03aTNvemFKMHc4Rm81ZkdUVVJYNDRheHl3Y19xcFBLcjJHNUFSanJXbnJXSDhqR1hLSllzVmpZS0ZxRFVVak5QZkhuQnF6ZXVDTW9xVVUyclZaUmpuUGRoeVR4SDdxR0hpSWQtcXVtay1GQWVJeTFuODYzNjF6NzFHSE9faGRuWkhMTzRnSlY5SFpVb2Z5WjJCdXlGV2lwZHJLaDNENkprVGJ5dmtkSko3TlktMVZiUFdfdWVSdXhxMjVmN2ZGZFZvV1lwMW0wVnZBenRkWjh0ZnVKMHFOaG5SaUd1V2lZODNDZ3VSbHc2eWJBaVNxUE5INktvZGpBTWVFOFNUUndlWnVGRDhJWXZUSzVCVGM2b3pYZzBEbnhqc2RXWk1ZeXpobXg0cDMwN2Rwckk3RWx5d3o5VWpTYmNzQnJEXzlrYTdFampYcFRSREoyUXhJMVp3TjNhallJQXVJN1FB?oc=5,2026-04-23 11:07:57+00:00,Grocery Outlet abruptly shutters 36 stores after expanding too fast MSN
Party City,Dhiraj Manghani,Mass Merchandisers,Closing,'A NATURAL FIT': Party City is reopening hundreds of stores inside another popular retailer. - facebook.com,https://news.google.com/rss/articles/CBMi2gFBVV95cUxPeTE2RmhuLWZSdjlZazNRQTJ2c2NueHhBb3JNUTk3ZE92dVZHS3lIaU9RbGNLUXM4Q0hKTjBhb2ozSW9Pcmt6T1lla25NUGZxNVhRSHpocUNTZjVGcURhUzFObWR1eVI3RGZEQkNtMlJhVkNGaTBEbGU2MmJ2YUI4Qk1zZlV2T3Q3WkhUZC01TWxFdGxhank3cmZwX3ZfTk1Pb1JhNlZwV3R2a3BsYXYweTIxWVdVM1ZucVdMaThYNzlNWVhNQW5LUUJQXzl6czZWYmV1eG1BYjE1dw?oc=5,2026-04-23 11:05:58+00:00,'A NATURAL FIT': Party City is reopening hundreds of stores inside another popular retailer. facebook.com
Marshalls,Bhavesh Phulwani,Mass Merchandisers,Opening,New Marshalls in Conway set to open by end of April - MSN,https://news.google.com/rss/articles/CBMiywJBVV95cUxOVDN0X3NYcEJ2Mndqbnpkb0ktX2JkMVVSaTJUeTBHZUNVZDc4UU14YVdqQ1MwQkVZRkU4WUI3c29mbEFzUTZBX09IcU8xRVZOMFIxcHozUEptN0J0amVzUU1CemxjMDJnYjFOVUhLMkxQdjJTbHB5S2FXSmd1dVBTeG92cEtIWnpsWm8wbUc1TEtyTEl6dTBSeU5uZmZEVlE0ZHpaSEdsYVFSdHZXaEJYa0xYU0duOGVfeEtJdDlud1FuM0FQZzN2Z1V6RUR0ckRiWDkzWVV3bHUxMXprWHlVRGRMT0pDYWNZYWxCVW9IdTFHN2syeU5UODktdWRIWjdqelJGYmtCU1Fnc1U4VnV0TXFGLW5ZM0c5VFJpZWZaZFhiYVBjdnVxSU5wV0J1UW1UMFJoRVBldTdCbkNqLVVySVZ5a1JMNG5zejV3?oc=5,2026-04-23 10:07:47+00:00,New Marshalls in Conway set to open by end of April MSN
Chick-fil-a,Rahul Vasaya,Restaurants,Opening,What's happening at former Stow-Glen property? Here's what we know: - Akron Beacon Journal,https://news.google.com/rss/articles/CBMiyAFBVV95cUxNWDZNSGtHc3BWWWV2MTlORHA0RmJGdDRoNXZPeWRmSzlpbnF0YmJUQkJ5WDJyRmtVRkJLTUdsSDBHcElmT1N0SjJLVnRyb1R5RWI4Qngtd1RIeHJZNnlEYks3LVhLVS1lZWdCZUlXbHJ0RUVXRFVPNkM3dXEwbndPY0tXb2NhbXhLZ2tTYzN0a0NsWGdhR3pUalZsWkgwMFNNcFVlSTdEa2I4UmZzSERzTGxWWmpZblFMb3ZhYzExTkpqREc3UU9FNw?oc=5,2026-04-23 10:04:00+00:00,What's happening at former Stow-Glen property? Here's what we know: Akron Beacon Journal
Trader Joe's,Rahul Shinde,Grocery,Opening,Big grocery chains are expanding in Chicago. Here’s what’s driving the latest wave. - Crain's Chicago Business,https://news.google.com/rss/articles/CBMiogFBVV95cUxNZHpBancwSm5BdXFHcDcyM21LVFEySDNfM3U2Rk56Z2UwMlNLQ0ZTRGk4bHFBT2E0TzZJaFphaUVtTFlSQlFEVktRajFJUkx5dFgxbl82NjJzTEljT3RZWlBqNms3dURwTzNSNkhIajIxSmVBWkpTRGo2N29xLXlNQlpjU1k5elhNbE5NMUtCY05jX3VkQlVxNzRJTHJDOTlzVkE?oc=5,2026-04-23 10:00:00+00:00,Big grocery chains are expanding in Chicago. Here’s what’s driving the latest wave. Crain's Chicago Business
Whole Foods Market,Rahul Shinde,Grocery,Opening,Big grocery chains are expanding in Chicago. Here’s what’s driving the latest wave. - Crain's Chicago Business,https://news.google.com/rss/articles/CBMiogFBVV95cUxNZHpBancwSm5BdXFHcDcyM21LVFEySDNfM3U2Rk56Z2UwMlNLQ0ZTRGk4bHFBT2E0TzZJaFphaUVtTFlSQlFEVktRajFJUkx5dFgxbl82NjJzTEljT3RZWlBqNms3dURwTzNSNkhIajIxSmVBWkpTRGo2N29xLXlNQlpjU1k5elhNbE5NMUtCY05jX3VkQlVxNzRJTHJDOTlzVkE?oc=5,2026-04-23 10:00:00+00:00,Big grocery chains are expanding in Chicago. Here’s what’s driving the latest wave. Crain's Chicago Business
Party City,Dhiraj Manghani,Mass Merchandisers,Closing,Party City announces major US comeback following two bankruptcies - The Independent,https://news.google.com/rss/articles/CBMimwFBVV95cUxQbUg2akhYZzEzbjJhMExiVmVLV3VQcU5abGhHd1JtNGxtTzMzTjZiMXN3UURtVDFVSVNLM0tTck5qZ09XZTJkaVNWR2I5UldaT3ZHOTNGd0RPd0hsdUVnY21TcHR3cmdkeTZtNnY1MWF3aGJoeFBaQkFyWXhMbm5VN0Q2OWpwMHRYdFpkbjV5WEhWVHc1YzFsRkJUQQ?oc=5,2026-04-23 09:48:00+00:00,Party City announces major US comeback following two bankruptcies The Independent
Ingles Markets,Harsimranjeet Singh Ghelani,Grocery,Closing,Ingles board fight: Proxy advisors back Sackler-linked firm for board - The Asheville Citizen Times,https://news.google.com/rss/articles/CBMipAFBVV95cUxOOHU0S3NzUDJOWWg2Vm5iTTV2OHVuQkFpQWtGTjF2Uk1IdnI4Z3VDaW10UjRPazdKQWVCNU9KdEloUFB3YjJoRnRhdGk5WHlTNk1XRHlFNG5vdkpVcUR3QVFoM2ZoUU9JVW02VWVxbjZ2TEtWeGg4R2xQWFhXbXJUNVNCWTVsMzdCVkZKMGRXZmhTSlFfeVZNM0pwQVRaRE5nczcycA?oc=5,2026-04-23 09:06:00+00:00,Ingles board fight: Proxy advisors back Sackler-linked firm for board The Asheville Citizen Times
O'Reilly Auto Parts,Bhavesh Phulwani,Mass Merchandisers,Opening,O'Reilly Auto Parts to open its 52nd CT store at the Milford Plaza - CT Insider,https://news.google.com/rss/articles/CBMimwFBVV95cUxQa1NaaVBTU29PbTMwbEtNUS13enVremRkd2c3aWYxeGV6dUEwZUhuajFYaFR4cUxsZEJ0TkZwOUJndkxPZ3NmRXFndm5La043c0VNYjZHN2FVLS11UFU0UzRiWXVEQml1VTBfNGZzNERwQm5GSDJJdnF1cWVKV0FidG9Ya3NVMFlLWEZKa2NWVmI5eXpTODU1VEVlMA?oc=5,2026-04-23 09:03:27+00:00,O'Reilly Auto Parts to open its 52nd CT store at the Milford Plaza CT Insider
Saks Fifth Avenue,Harsimranjeet Singh Ghelani,Department Stores,Closing,Saks Fifth Avenue in Bala Cynwyd is closing - MSN,https://news.google.com/rss/articles/CBMi0gJBVV95cUxNd2lodEVlaDVLYkt2R2JwSWhUR1hFY2tGUGhGZ0hocVI3VFREMkxhUjdSV1Ytam0wYlZPV0ZlamV0VkJUSW5raXNQSFZ3MkYyV0hwd29sYmVDMWFab2FfbVpfallXVHdCbkJmc3JHdlJuWTZYLTRZT2hkNVZiNndBeG9Sdlg5U1FSMnFTV1hnWjVONUl3LXE4M09fLVZxV1lXOURPZmw2VmxIaTVfd2VXSHkwek94bGUyTUhadndmUi00TjVaODlyVjZTZUNEc0pjRE1YSHI1d0prbzc4bWNRVkc2Vk9oc2t4VlQ2TUE0aEpHeEFtY0VFMnZQR2lZVXpEclFtcW8tTE40aERUbkVxNFJPWDlhT3lpekx6Nm5NcFdpbThIWjBURF9TQXVIal9LR3cwdWs3U09DeUFfRm5nR0tXYnkyVmNYVmhENWFGcTN0Zw?oc=5,2026-04-23 06:26:39+00:00,Saks Fifth Avenue in Bala Cynwyd is closing MSN
Grocery Outlet,Rahul Shinde,Grocery,Closing,"Grocery Outlet is closing stores in South Jersey, Philadelphia, and Kennett Square - MSN",https://news.google.com/rss/articles/CBMigwNBVV95cUxNN0pueUF4ZzhzMlA2aHkwSHItdEpHZnVfZWFmRV9RME1qeFB2dVdwemNVMnhxYlduYnhyek0wc1poMUhHdlBoOTJ5eDlLX3JmNDI1YU9JRTN0azJVSXQ2TFprRjFKZTFWOTdrakdIRl9qdzhYY210UXMxeGxrSTVoYVJLQmhxSDY5OFBXT04yVWV0WW9IQk9NZ0JoNEVfYVpOMTBseU1QSlcwZkliQjY1TXBRRk9oTjJIQVEtMUVrYmZkMU96Rlo2d1FtTnVXVmhKQVE0OXA3OEFIMGlIMHlXQ2xnMUM5cTRrVzBJX2t6Yzk3UUFHS0ZJNlVpTGUzQm80ZkdlN1ktTU9WOE8yazlGR2dweTQzaXE2eFNnUjlYTUtNd0tWb0h4R0w0ZzJoQ3lFMlZoZ1ZZMXhNRjduVVlNZjl3YUR5c0MzZEtWM0MtOHdMRzNOXzBZY1dsVlg3bjh1RFJIRGpYeTA2TVBTVGFDSHVfQW5yR3E4d0p2djNjVzFaTjA?oc=5,2026-04-23 06:15:16+00:00,"Grocery Outlet is closing stores in South Jersey, Philadelphia, and Kennett Square MSN"
Grocery Outlet,Rahul Shinde,Grocery,Closing,Grocery Outlet is closing these San Diego County locations - MSN,https://news.google.com/rss/articles/CBMihwNBVV95cUxQU1QzNk9xUFg1cXFQMDllcWJyU2FaWkNnd29sczEwdXFqWE9PaF90VWI0cUhoeHhuSnlEbTBXZGtwM0ZSMmIxTDBoUGxhMmt5MUhMR3k3WXgzUE1HYkdUVFJyVEs4RkJIQzE3Vk9GOFhvMDdTMkVKUnJqSmk2WHZlanRuWG5HQlZvX2xZVUs5LS1DV3NkY3hDcTdjalFGeTc0MXh4Y1V6ZTZwRXUyS20zV0FSREZDVmVkYUNjTnJVUEJYNTF3cjk2d2E4QVloU0NRNW94Nl9nd2ZCRWs0WmVwdXVoeHZmSXBRdnlWMElna05HckFvWU5hNmNnLVNxWVQ4Rzg1NzNENjBsYVNTWFlHZGVuU0ZPYi1kb29LNi11NnNkZklIN1pVS2NZVm92SU4xVV9MTzJCWnpqWkpmQ3YyYzRqSExXMUFtei11R1pDc3l1MEFRNGN0MXBPSFJyZzluTDBEYm9vS05pQW1rMUU3Qk1rdjhXTm42VTJYSGZOY1hqOF9xQkJn?oc=5,2026-04-23 04:45:28+00:00,Grocery Outlet is closing these San Diego County locations MSN
Lowe's,Rahul Vasaya,Mass Merchandisers,Opening,Lowe's opens at Manvel Town Center; Portillo's and In-N-Out proposed as future tenants - MSN,https://news.google.com/rss/articles/CBMiqwNBVV95cUxOYUdkV1d6aF9ReWhZazJMZ3JGdEEtZ0ZTa2pDTlJ1b2pkUmY1U1A2YS1nQzhBOGVjLV9qR2tXNGJIcDBydmx4QUNVb2Z4TDRHR3RPWl90Znc2RlJ3RklrTVJJT2dRMW5YWUNrbGFrZ1c5Zmp3S0RKVHRCMXJNbzJudmViblZZalRsNktPODY4ZUdLbFo2UWpMTU5ycVBlWWV2VVJqVGNEYXJVdGFiR0VPYlpnN3VPQ3lwVWlENGVFY0o1bUp5OHAySWwtbXE4UFY1MEx5WXBzYUw0M3RrQ2h1YnZZd1NWbTdMVU5jTG4zMG1VTHZ1dGF3TjZyeVJtc2Fwd29KajRBR0YxQUV2bTN3T3hZREp0RENCQkM1TUtEVDNaR1otVnkxZG15bXNFZGJEcjBXN2ZMZi1GMVBWMzdFSG1yMHphaGJCTlpDblpZbnZqTU5YNG03VkNScS1rMlZrRWhBQzR4YnBQT1hnZnpoVVpZWkYwenJUZ2xRVmF3ZXY0dThGOGhpdjduRzdFVkpBb1lRN2FMVXdvU2hUWXc4bjBaXzB2d09VRERJ?oc=5,2026-04-23 04:24:14+00:00,Lowe's opens at Manvel Town Center; Portillo's and In-N-Out proposed as future tenants MSN
Taco Bell,Kashish Kasar,Restaurants,Closing,"Pizza Hut closures signal Yum Brands' bet on KFC, Taco Bell growth - MSN",https://news.google.com/rss/articles/CBMi7gJBVV95cUxOWGtEYnRjR18yOUc2Ym1PUDlnNVg2VmRuQlYtY2NvR01vWmw0cDBNY3AxUndnQzdCSkpmYk1jYlpSaHBjaFBiRV9KdTVNTnNEYTh6a0pCTFNfem1weF9CbXhUSXZuY05IVmZsb2cyOGhrZzNyVHdUdlIxWDFlbFhUWklXTEU5NGFsNkpkTmg2WmhCdHFjN2I0Z1lyM0pFam1UeXBYbHpBc0RfNTVCeFpiYktSTWlKYlp0ekFJYVlOeDlVeWZOcXkzUjhuZDFvTzBKMWJHSGNKamlxWXlUdEJ2U1duRjNXQ0VqcC1aMzU3Y3YxcVNDcExOd1dnSHhHb0RuSENrcWRyc3ZodzZ4MUl0RlZLLThyZDN4LWNmVzBkdXhHekpvdmdmZ0dldmE3eEpmWWx1UHo1STJTcFc0QmJsOEN3My1lNV9UaDg5Z0piamFPaTdpanA3bTJNNlB6dGdCX3VxOGhwQURKM2RHVnc?oc=5,2026-04-23 04:01:14+00:00,"Pizza Hut closures signal Yum Brands' bet on KFC, Taco Bell growth MSN"
Kohl's,Bhavesh Phulwani,Mass Merchandisers,Closing,Is Kohl's closing more stores in 2026? CEO gives update - MSN,https://news.google.com/rss/articles/CBMigwNBVV95cUxOXzZlalZaWXhjbWZIZ2N6N1FKXzdwTkFOaWdkUTV0UVM3T1lULWZMVkdJa3l3T3lvYkgtT005UXNsNW4wVE5RRlZLc1RDNk1PLXB1UzlKdkZ6VFpYWFQ1TjYxUEkyR2ozRkE3MWpzVVBuc1lGOXBoalpvdXkyVjRlLXlHLVA0MVoxSWwxVXNXNDRlS1owVC0xUmw0cW53a3Z1V1FfellPbUs1Qk9Xckxja2ZtTHZycVhYY1hGbHpWNmZsbkJDYy0zMEZYQVJSdEtqUlhUcU5qQWo4OWlmNW42cEd6d25rUUZsS3BQZ29oc3h2TFY1SW44SkxTUUVBUE5kUkJ4VXZFNUlvcDgtel9hWmVtWFlaWERQbEh4OHl3V1BvX19HOEpDRnBZWkFLeHctanNmdDVzYk05TTJHZHlwWVBsbW84MWZyWkFjdEhsZ2Vac1JGTE5iZm5GX20tNWt6R1FzYnZFd0pZelROVDZTUU9zWTQ5OGRPbXBLXzJ0ZUNnT0k?oc=5,2026-04-22 23:45:47+00:00,Is Kohl's closing more stores in 2026? CEO gives update MSN
Trader Joe's,Rahul Shinde,Grocery,Opening,This $3.99 Trader Joe’s Freezer Find Is My Go-To When I Don’t Feel Like Cooking - Southern Living,https://news.google.com/rss/articles/CBMifEFVX3lxTE1HNEFjeVltdWhxamZOclNuYVJTTjFEWXdxOUk4cFBqc3hDSzZ1QURCRGVhNUZ2QWRWYlhSRmhEV3ZpNTFYakFvMlNVdUhZcHlRc1ZVaGY5MzI1NWJOVFZGNWxfZlR5RGJGcVIza2plY2d2THcxb1haSjJoOUc?oc=5,2026-04-22 23:40:00+00:00,This $3.99 Trader Joe’s Freezer Find Is My Go-To When I Don’t Feel Like Cooking Southern Living
Party City,Dhiraj Manghani,Mass Merchandisers,Closing,Party City is Making a Comeback After Closing All 700 of Its Stores in the U.S. Last Year - AOL.com,https://news.google.com/rss/articles/CBMihAFBVV95cUxPYjk2M2s5dWRGNmx2Z3BCckxXdjJXbzNvb1I5Z0R5R3VGQ19JTVBMZFBSTEV1S3dISW9mSEFDVV9kekFlSnlBZjlMZlJnTi1kTHNZS2F1Y3E0Q3diSTNEQ2hPN3RCdFF0N1pucUF2TU5za2RWSkU5Qlp4Q3M1YkV3ODBFTC0?oc=5,2026-04-22 22:37:08+00:00,Party City is Making a Comeback After Closing All 700 of Its Stores in the U.S. Last Year AOL.com
Party City,Dhiraj Manghani,Mass Merchandisers,Closing,"Party City returns to Colorado, less than a year and a half after closing all locations - 98.5 KYGO",https://news.google.com/rss/articles/CBMipwFBVV95cUxQVkRzQUN6RE9vWG1PNVhJVnNlNlZ0aUJqZUNJc0JRZndfa2FxTU53cmJ5RFJiUXhMcHdrdGN1ZTh2VXcyblAweFdrS3dBYmg4WDhEQzJJaW9NdFBuWUZnVEVKcEFZMUJpSTVwNmd2eHA5dmRzWkFadTZYQm9UaFd5a3llclJYTlZDX0ExUVlrTko4aDNaVW1DckxQREpSVFNRbklBN3JRbw?oc=5,2026-04-22 22:00:26+00:00,"Party City returns to Colorado, less than a year and a half after closing all locations 98.5 KYGO"
Party City,Dhiraj Manghani,Mass Merchandisers,Closing,Party City is Making a Comeback After Closing All 700 of Its Stores in the U.S. Last Year - People.com,https://news.google.com/rss/articles/CBMirwFBVV95cUxQXzVEVGxqZ2tNUGFjTFUweWVXX0VvdFFjanFMZTQ4dDZkTkQ1UEpELV9vbDNWRGVISVpvaWdaSFBJZ3BtZ3kyb3YtZC16cmhwcVhEV0xEaGRzeTNSd1Y4Umw3cTh5U3drRHMxVUdnWGprV2t5cWdqR205dDhNM082eXZuRDVUYllxQ2ZnQ3BDUnFsTWxNUWs0VUpSd2ZuV1N5MnZTaURha0xLY1l2WGlR?oc=5,2026-04-22 21:54:28+00:00,Party City is Making a Comeback After Closing All 700 of Its Stores in the U.S. Last Year People.com
Marshalls,Bhavesh Phulwani,Mass Merchandisers,Opening,TJ Maxx ‘sister store’ to open 4 new spots by April 30 – see list of locations - the-sun.com,https://news.google.com/rss/articles/CBMihwFBVV95cUxPa2dCZ19GcnVDVHEtRWFDajJlU3RsUEptTEt5bFlsbnR6YVIwR0pBcFM3QndCU0xqajJ1YzZ4eWlzaDlseExKQVM5S0MyNTBOM0NFdVlsTWNJbVpfOUZQVjZLMGY3LXVQVzdiazhCR3JGTjZkTGZRa2J4VWFpZko0dFU1ZERKeEk?oc=5,2026-04-22 21:29:47+00:00,TJ Maxx ‘sister store’ to open 4 new spots by April 30 – see list of locations the-sun.com
T.J. Maxx,Dhiraj Manghani,Mass Merchandisers,Opening,TJ Maxx ‘sister store’ to open 4 new spots by April 30 – see list of locations - the-sun.com,https://news.google.com/rss/articles/CBMihwFBVV95cUxPa2dCZ19GcnVDVHEtRWFDajJlU3RsUEptTEt5bFlsbnR6YVIwR0pBcFM3QndCU0xqajJ1YzZ4eWlzaDlseExKQVM5S0MyNTBOM0NFdVlsTWNJbVpfOUZQVjZLMGY3LXVQVzdiazhCR3JGTjZkTGZRa2J4VWFpZko0dFU1ZERKeEk?oc=5,2026-04-22 21:29:47+00:00,TJ Maxx ‘sister store’ to open 4 new spots by April 30 – see list of locations the-sun.com
Hollywood Feed,Suryakant Rajput,Pet Care,Opening,"Hollywood Feed to Open New Dallas-Area Pet Store in Midlothian, Texas - Pet Age",https://news.google.com/rss/articles/CBMilwFBVV95cUxNTzMySktkSW5ZdXFjY1hPZkdQRm9IM3dMcGM5VjBHbFF5X3d6aTBQVUl2TzB6RDhDTXB5OTNGdjRMS0YtNnhyUEZaai1OWS1XTWEySVUwa0IzWkF1bWNCa2s0ZFVLYWRaTGxiTmxSdWlVSUZ3TzhfSzRKSkdkR3NSNjg1YVJlQUdWQVI3ZHlkdlZWS2VXSS13?oc=5,2026-04-22 21:14:28+00:00,"Hollywood Feed to Open New Dallas-Area Pet Store in Midlothian, Texas Pet Age"
Whole Foods Market,Rahul Shinde,Grocery,Opening,Whole Foods eyes long-vacant Lakeview retail anchor space in Chicago’s North Side - The Real Deal,https://news.google.com/rss/articles/CBMikgFBVV95cUxNRUxVSFhmMUM2a2FOUkhRZzFYZHN2NUtXNFM4elVqbHYyN01saFEwVHdtelF1VnpnbUtSTkNjMVhycGNyMDdyZUl1Y2l1SW1sRndMOGpoU0g5Vjl3ZVYxXzI5VmhWZlNQQTY4ZmdsUEU4UjZyUVZlRDBVMFMwYThtbDJRT3ZvZ0ttN3Ruc2hKb2R3UQ?oc=5,2026-04-22 21:00:00+00:00,Whole Foods eyes long-vacant Lakeview retail anchor space in Chicago’s North Side The Real Deal
Chick-fil-a,Rahul Vasaya,Restaurants,Opening,Town of Ulster’s Chick-fil-A at Red Lobster site aims to open by end of year - Daily Freeman,https://news.google.com/rss/articles/CBMiowFBVV95cUxNT3d2ckthWjBram43T2hCeXYtaFlUOGluR2JRV2FvVGhqVjVCSXlHb3N6akItWHpXckdjR0dyV3VKbFNnd29YamNKZFBUVU9JWEc4U2hHMk5nZ1FvelhCUlJNOWpTaWV6SEkySWFxU1ZVNE5kN1RTSTJzcnU3WUxDeXkzZ2pHQVBkLVFfYkhVRGxFdEJaaGVLbzJsbmZlUV9uTHN3?oc=5,2026-04-22 20:54:33+00:00,Town of Ulster’s Chick-fil-A at Red Lobster site aims to open by end of year Daily Freeman
Chick-fil-a,Rahul Vasaya,Restaurants,Opening,Check out the inside of the new Chick-Fil-A opening in Ocean Springs - Biloxi Sun Herald,https://news.google.com/rss/articles/CBMiY0FVX3lxTE1MUS1iUDB4dDFHc0ZaUG9NaFZDVGZPcFB6VTdvX3loVElfVFRUejNVdFp2TGRZM2k1YXBzenpHRDR0SWpKQzdWd3BEYzlEZUZmcUtUOG1HWkZiRUJ5SXpUV3Izaw?oc=5,2026-04-22 20:25:41+00:00,Check out the inside of the new Chick-Fil-A opening in Ocean Springs Biloxi Sun Herald
Chick-fil-a,Rahul Vasaya,Restaurants,Opening,Bellingham’s Chick-Fil-A is opening next week. Score free food with this costume - Bellingham Herald,https://news.google.com/rss/articles/CBMihwFBVV95cUxPVmdkUnVyX3IzREh0QW96X0I5OVZlem5BUDBkLXRnaE12azlYNXZUd1EzWnJuMVlYcEV3UVpSOGgyNmp2Tmc3R0VRX3NDb1ZzVTlpZGg1OWR1cTkxUWFhRXpiSHNOb3lnNnNLSzR3cGstOXFDY3d0aDJPTUlUTVUzZ2JYSHhjNVnSAYcBQVVfeXFMTXVPWHhKdElnbHQyR1dXb3F4Umt4a0tHelBzQXViTlBjTjNEYmlVLUFEMjVlQlY4SkFZSzhSUGU5X2U1SzRoUmpQVjRqU0I4djBIbTVZU1lZdFVpc0dnSkVpZmNkQUowN2U3LV9xeWNWTnJIcERZMl8tVFJIVFp4cVpSZEt4OUFN?oc=5,2026-04-22 19:58:42+00:00,Bellingham’s Chick-Fil-A is opening next week. Score free food with this costume Bellingham Herald
Party City,Dhiraj Manghani,Mass Merchandisers,Opening,Party City plans comeback by partnering with major retailer to open 100-plus mini-stores in California - New York Post,https://news.google.com/rss/articles/CBMiiwFBVV95cUxNMzA4cnQtZzlsMjJ2bVEteXFyVzItVjJ6dUxjYU5kbVd2WWxXXzdOX3NDcFhKU1FlQnk1NjdDbWtnOFNWMVRSN3NSbXZNNkgyQ0lPLW0ydkt1Q2c0aDVzVXNObFh0bmV6V0kyRVhpWFBHbGltbmRHdWlETzVkX0xBUmVKcEFSdmVCOEdz?oc=5,2026-04-22 19:34:00+00:00,Party City plans comeback by partnering with major retailer to open 100-plus mini-stores in California New York Post
BJ's Wholesale Club,Ashwin Nair,Mass Merchandisers,Opening,"New BJ's locations Texas: Club rivaling Costco, Sam's expands to Texas - USA Today",https://news.google.com/rss/articles/CBMixwFBVV95cUxNdGV4UnhESzlHcWdFeVNpSk9famh6aWhvU1Fxc1hnejJCVlBNa0dFVGF1SmdZalV0aE5RcEtkLXZ4Nkh4MFFKOFhXLTUxUXNXWUQ2aFNUWS1DeVRaMVJuZHp5amx5dWtqZVRBMzBZM1ZYcVhka3RwYW15dFhDV0VaVmFqRjFQY2JFNWhweFZXaHJNMklOS01BTG5LMzFCSTcxMDNrUjB0T0hiVmNhcWZ6dWE4RFpsM3NxR3dwR1FEUmNFMURYUk9z?oc=5,2026-04-22 19:23:00+00:00,"New BJ's locations Texas: Club rivaling Costco, Sam's expands to Texas USA Today"
T.J. Maxx,Dhiraj Manghani,Mass Merchandisers,Opening,Buc-ee’s breaks ground on 2 new locations as first wave of 14 stores to open in 2027 - the-sun.com,https://news.google.com/rss/articles/CBMiiAFBVV95cUxOajJ1WEtNb1BvcTd6RFNDbENyM1d5WUFDcXp2YlJGam5CdGgtbFdmcFd5UGpxUnNOMlZOYjBMQ3ZlRmNnaGNSZW4zLVVVY3dVdUlzd25Jekg3bGNlb1RGM0kxWXEtVmd2czVTeUFzWkI4bnRoU0dCYnRjazdFN2FXOVRzSlR1WnVU?oc=5,2026-04-22 19:14:20+00:00,Buc-ee’s breaks ground on 2 new locations as first wave of 14 stores to open in 2027 the-sun.com
Party City,Dhiraj Manghani,Mass Merchandisers,Closing,Party City returns to U.S. after closing 700 stores - The Independent,https://news.google.com/rss/articles/CBMihwFBVV95cUxPUW5OTjUyd0lQbWljR3R0WnViT3RKUVpvVFlZV2EyRG9vVU15cTUtcWdGaWxUZVBTeF83SmwxMVBsTWttd0hkTlFnSFMxbHRNUlQ0a1Z1VDdnbnh5dEdXRTA1cXQzT1JYWWxqdDZjM3VfUnVMVk5mOHdldk5EQ2RuWXlfTllVUDA?oc=5,2026-04-22 18:22:00+00:00,Party City returns to U.S. after closing 700 stores The Independent
Chick-fil-a,Rahul Vasaya,Restaurants,Opening,"Going to Chick-fil-A opening? What to know about traffic, take-out and free food - Biloxi Sun Herald",https://news.google.com/rss/articles/CBMifkFVX3lxTE5FZUgwdUlpMU5XMTNHMzZsYXc3Z193cklBdUJ5dzB4Yl9Eb2xONEdBa2xFZVp4Z3VkbS1JblhLTF9VUVllZnJVcUYxUW1CTXd0NHlCVDJISDNXb3BCZUY5cm9YUkdRaXFmeU5BRWRQRzBsbWhIT3lHSlotellzZ9IBfkFVX3lxTE4ycFZvWFpsUkdnQThPSWcyYlA2QzN3VTc2RnFYS3U5cDI0QU95Sm5LRXVQcWxQdC11MXZoQUFCdEZVVGRNOFlKNkhRcUN3VDB5TEkxWXdzcjJiMnJ5Z1RPOEZJbjBCdzJtdmdGczFIeGpYSWZRZ2FZcEdVX3Bkdw?oc=5,2026-04-22 17:51:00+00:00,"Going to Chick-fil-A opening? What to know about traffic, take-out and free food Biloxi Sun Herald"
ConocoPhillips,Harsimranjeet Singh Ghelani,Convenience Stores / Distributors,Opening,Proxy advisor ISS urges ConocoPhillips shareholders to vote for independent board chair - Reuters,https://news.google.com/rss/articles/CBMi0gFBVV95cUxOTDRRZU15LUxPd003MjJFam5BSHBQV3Z0QjJjZUwyajV3Y3BkMDd6aUZPZEJJN2UtX0thNUVzMmp3d2pQV0ZyMEhEaEpCb1BXTmtvSTRzalFuTzFzcHhKdlBfVGhXRnc2M3ZiRE93dW0zbS01RjBYUVVVZlhRQlQ3SlU5alYwamxWWWthQS05bkhxM1R5dlpielJ0VmV0Q2hFZ1AwMTJnZTJVZnVWbnd3Q0FCREpRMXpBUVkzV0ZMQ3h5RUlVV19zUlQxRWtKRTJoWFE?oc=5,2026-04-22 17:49:16+00:00,Proxy advisor ISS urges ConocoPhillips shareholders to vote for independent board chair Reuters
Raising Cane's,Rahul Shinde,Restaurants,Opening,Raising Cane's plans second Pasco County location - The Business Journals,https://news.google.com/rss/articles/CBMiqAFBVV95cUxPRE14cE1uVHNibjUwS0xQalZ5VmhwVkc0c1dZcTFUVkJlRnhqMkdNcFp0SU44M1ZHd1g0UjhjRjVUX2VPbmJzSHQ5UkQtRkFIdmxZemtYellKR1VXTHJFVDJIbHBENWwyWWE5NS0yYTl2QkJxa09pY3dwaG9MY19sYlVjMExHal9PejlNc1FhYnRjdXhFZGhiYW5nMFhJVVlCQjRCNTkxNDg?oc=5,2026-04-22 16:49:00+00:00,Raising Cane's plans second Pasco County location The Business Journals
Chick-fil-a,Rahul Vasaya,Restaurants,Opening,Chick-fil-A to open new Northwest San Antonio location next spring - San Antonio Current,https://news.google.com/rss/articles/CBMisAFBVV95cUxOQ1RuR1VEcHJRUkY1aGhCYS0taGxTQWpIMFlFYlcwUVljT2lJb19mTDZtcjRsY3Z0YjVxU2dWa2t4T3g0S2x5cFJyb2xKbnJKanhUTllCU2ZYdUxleEZ5NXhydnh2c0dGdko4TnVneDNJVURkXzgxbktxU1M5emZrT0FCM2lDaVkzQWZ3QlpvOHotOTVIMUtjazFUZkNyXzdUb1FlMDgyaHIwT0Utd3d1dw?oc=5,2026-04-22 16:26:19+00:00,Chick-fil-A to open new Northwest San Antonio location next spring San Antonio Current
PetSmart,Ayushi Chandel,Mass Merchandisers,Closing,Is PetSmart Open on Fourth of July This Year? - MSN,https://news.google.com/rss/articles/CBMivgJBVV95cUxNbDBaRGkydm43S2hEWlJqcUI2TURCRjZKZ3hSaE1aVFJNNDZ2ZG1RWVZvMFNhRTM2UjdXQ3ZRVVN1M25BUUtBVE1EeVVSakJ4VXBNOU0zSk9nMU1hY0N6YTBseU9fR0VTZFdBdDFYMUJnV3d1bXhNVUFOeEtiX0VaOHJTVDE4c0pCZFMxODdTUjJhU1BxN1lJNHo0eFZFcHFZdnhzUDAwYmFmWXJpVU5nSU1SRktiM3UyNHJmN211R0dmWmZnMVlfX2gtdmNVQlItdGR2cnIzZ3AxX1VjemVMdkxDeUZNME1vNm5NQ2JkX3FWVHVfeEl3LVZBeENVOUFsUzJmc3VsdUxrazUzckNtVkFpTmtFRHk1akMyRjBMZGlpcU5OTmZUV0Uxb1ZsS2s1RXREV0hPRWNBbkpqQmc?oc=5,2026-04-22 16:00:07+00:00,Is PetSmart Open on Fourth of July This Year? MSN
Grocery Outlet,Rahul Shinde,Grocery,Opening,2 new Grocery Outlet stores opening in Northeast Ohio - FOX 8 News,https://news.google.com/rss/articles/CBMiggFBVV95cUxNZE9UaDZYNTg5VmVNNjlTMkZRenpJUXl4SzNzX3hTaDJ6eGRnaDM3THBjLTk0LWJtbjdIcVJnaW9wUndSSEUwOEdRY0IzNWZETl9scEdrMHp3bl9tbl9ZSnJhbmEtMDVuOFJsMTVJZ21kbTM1WXpKWTdBUzdleFdJazZB0gGHAUFVX3lxTFAwZzRpLXdRaW8wcHlUUmtaZmtXQ3A4X1JyejNZNVl5UXdWQW9ub1BsZmsxNExPbGEwOFI0RlNES09hUkJkUXJBVWYtLUhRTEpJVkpZdHVLMFpJSFpqbmZURWxDOFh5Q3h5R3ItSFZPYVVsd0xRMy1IblJmRWFBYmhmRXhGd2Y2bw?oc=5,2026-04-22 14:09:51+00:00,2 new Grocery Outlet stores opening in Northeast Ohio FOX 8 News
Grocery Outlet,Rahul Shinde,Grocery,Opening,2 new Grocery Outlet stores opening in northeast Ohio - MSN,https://news.google.com/rss/articles/CBMipgFBVV95cUxONEJEWExwblhTUGxkQ05OVDNxYW96d3YyMHBsdnFUcnByd1RnekN0TVhNVDNzMjBCRDczWUFPQXhVV0Q0NGlTRno4Y1ZuMkJCVk5aR09peUROVE9JYVdJdEM4azE1ZnZlUklNbnJEZ1JPeHpsanVOVThwS0J0U01ScHRObE5XNmdwUjM4VmR0WTlEVWI3U0dRNUZ3T01neTFybDJ6dGpB?oc=5,2026-04-22 14:09:51+00:00,2 new Grocery Outlet stores opening in northeast Ohio MSN
Saks Fifth Avenue,Harsimranjeet Singh Ghelani,Department Stores,Closing,Tysons Galleria’s closing Saks Fifth Avenue might turn into a fitness center - FFXnow,https://news.google.com/rss/articles/CBMirwFBVV95cUxQR1g0T3lkYVhBN3JZa1Q1aWx0UEozS1FhRjZrTlk2YVFCNGtwWndWRTN3cDAxSjFTTEJBU01XVWpWTktYV0xfV2dRMXVfbjhDTGhKb1VKcWZwajVtemtEb0NtVVBlZlp2Z21OMEFQRURDNGduWjFJWHFMZlk5NG9JZTZhSUYzNTYxMm90ajcxQXFNSVVEWTVxWmV1d0xmcGVwUkRXaDdmaGdVdFUtY2JZ?oc=5,2026-04-22 14:00:55+00:00,Tysons Galleria’s closing Saks Fifth Avenue might turn into a fitness center FFXnow
Macy's,Harsimranjeet Singh Ghelani,Department Stores,Closing,"Macy’s Shutting Down More Locations, Including Michigan Stores - 103.3 WKFR",https://news.google.com/rss/articles/CBMiUkFVX3lxTE5sNXc1dVoxMDZqd2VnandJdXNBbFhzSnp1MkhlZDhqSXlOMTZYVWMwa3lYQWFEMGxrNEJoVE84eVpVcGZ3OGtJdzljRThhd01Udnc?oc=5,2026-04-22 13:22:12+00:00,"Macy’s Shutting Down More Locations, Including Michigan Stores 103.3 WKFR"
BJ's Wholesale Club,Ashwin Nair,Mass Merchandisers,Opening,BJ’s Wholesale Club Makes Texas Debut - Retail & Leisure International,https://news.google.com/rss/articles/CBMibEFVX3lxTFBjMGFjOWdEYXNZa20xdi1LSVh2OUlWNk1zbnRkVlI3cVYyX3NIUThFVlhkWnZWT0k5NzFjSnA4OVRqSDR0Q2RyUWRERWxoZ2ZVN1VvcF93YUNvcG05UlROMmtHZXpvVm9MSi1yVA?oc=5,2026-04-22 11:44:40+00:00,BJ’s Wholesale Club Makes Texas Debut Retail & Leisure International
Giant Food,Komal Agrawal,Grocery,Opening,New outdoor social space and sports bar to open at giant Birmingham food hall - Birmingham Live,https://news.google.com/rss/articles/CBMinwFBVV95cUxQWXk2Unh4R2RXOGJ6bWVUX2J0TTBRNU1DMUl3SWVRbTJnWGdlbjFnU1JDMXliRDNzRUJkeFUzbmU4Qjlrb0RmaTJrQWxYclB0MDA3b2h2Uk44M3R0VjkyNkY0cmJocmNLTGhfOE42d2ctYVdlLTFKQXNyekE2NHRpaGJiOTZzbGkydnh6NGVzZXF3RFlXT05ucGlNWk4zR2fSAaQBQVVfeXFMT1o4czJBcmliZDk0RXlkeURockZuOTlNaENZTE1ha3k2TXFmR0VPQTFFcllYbC1ZVnVZZFhJY1Q5c0RtSkp2bExPOFgwRjlCdG9fNXBJMHFUZ3NVR1NBczQ5bW1JbEJNaGZzUUxOUWJkOFN4T19oTWJoNTRmQlJmN0I4RnAyQ2pZLTYxelhYTFBYcTlxdXFFWnlXdl9NWFgwMkxfeGQ?oc=5,2026-04-22 11:43:00+00:00,New outdoor social space and sports bar to open at giant Birmingham food hall Birmingham Live
BP,Komal Agrawal,Convenience Stores / Distributors,Closing,BP shutting down two North Slope pipelines; might need to be replaced - Petroleum News,https://news.google.com/rss/articles/CBMiywFBVV95cUxPenJyWDlBVHdONFE3MjRPNG1HbWwta240UXBXM2pKQjRNX1l6ZkF2OE1NWG5kaFRXMlZWSHB5Tm9ISWFMVlY4MHo0MWFTb0w5RWtqbE9rVlkzOWRyMldMb2ZMRU5DVzI4UlZVUU42Y0dnQklNNUFZY18yVU5NY3pTWVM1RnNjRTltTmkwYU1yMzI5Q0RaMEM0Z2RFZ0V2cnpLN2xqUThPUVpZcV84T3J3OU9EbTcycFU4cUladXBmZV9ySmx6OHpQODlGWQ?oc=5,2026-04-22 10:09:18+00:00,BP shutting down two North Slope pipelines; might need to be replaced Petroleum News
ConocoPhillips,Harsimranjeet Singh Ghelani,Convenience Stores / Distributors,Opening,Sidebar: ConocoPhillips moving ahead with Willow development - Petroleum News,https://news.google.com/rss/articles/CBMivwFBVV95cUxNaWdObndraFlXNWtUZnIwM3RkX1RZRzBzOWdFRENBbV9ZcThtUmdVZVZNc2V5eFBYRUFvQ1ZaOUVGYjB3Q2w0LThhdVhUOUdDM282MXRfZ2VmazBJS1RHQVBJU0RJMjJGb2dHUmtfUWtWODdZSkZta2FTeC1EZVEycDViWmdZckFtQzhFMU0tT0dxbnNoc0JYR2V3OVJFWW5jcUZNNXlkWXM3Z3J4QjFmU0o2UnZhMWZ0dWdPSGVqSQ?oc=5,2026-04-22 09:37:33+00:00,Sidebar: ConocoPhillips moving ahead with Willow development Petroleum News
BJ's Wholesale Club,Ashwin Nair,Mass Merchandisers,Opening,"BJ's Wholesale Club extends hours, which could save customers money - AOL.com",https://news.google.com/rss/articles/CBMifEFVX3lxTE9xSlJoUE1rTnFOTm5QRzd1WXViMi14aUVnVXQ5RlV1aFoteGsycEQzVjNIRDVBTWJNdXMyUnVIWHlBX0x0bGpRaHZNR0xBSnlBTDNyYzAydWtjVk5hWU1OU004eWtodTZMZ01TcFBZeFQ5WlpFSEhNZHFOdm0?oc=5,2026-04-22 08:46:57+00:00,"BJ's Wholesale Club extends hours, which could save customers money AOL.com"
Central Market,Kabeer Pandya,Grocery,Opening,Indoor farmers market coming to Morris County town - Bergen Record,https://news.google.com/rss/articles/CBMizgFBVV95cUxPRWZmUE03R2VLNTJSRWNKemczVWxLc3RfcFZTTUNnWndRQlViMG9QMzJsTjE2MzVMemtzaVdTUzBqd3AwZkp4WW5nYUVfZHowS3A2cE1SVTJQLTR6ckpHcW1fSGltWEpfWmVObFdUWEtxc0ZTVllDdGZuaUdLalpUQjNXWWEyVFZQX2Vpb29xeU1tbWpmY2NVcnZ3dHA2YkVMRGdSMzdOYTctd2JGOUlOdzdocHpVaDlFNThyc0x2NUJJWW11OEl2aWlkWlVDQQ?oc=5,2026-04-22 08:35:00+00:00,Indoor farmers market coming to Morris County town Bergen Record
CVS,Dhiraj Manghani,Drug Retailers,Closing,Tennessee lawmakers pass 'Fair Rx Act' as CVS warns of closures and litigation - WCYB,https://news.google.com/rss/articles/CBMipwFBVV95cUxNVVc2NmNpbjdUNmhKR3BVMWRaZkEyUmN5WFpuejF1aGNxVTctbWtHcXdPdkt3UG5aTi1MT01DSUNmT0R2aFBaaGxDd0o4RlFOV0xKdHd2dW1xbktrVlpMSGoyN2REZGZyS0gwdWVtQVZFQVB4bmNKR0F2UmduVGowY1kxcmsya1VhOTgwLW5JZ0lvQWxWamJFS0RmNi1WRU1BUTFabFB5Yw?oc=5,2026-04-22 02:47:46+00:00,Tennessee lawmakers pass 'Fair Rx Act' as CVS warns of closures and litigation WCYB
ARCO,Harsimranjeet Singh Ghelani,Convenience Stores / Distributors,Closing,Phillips completes acquisition of ARCO’s Alaska businesses - Petroleum News,https://news.google.com/rss/articles/CBMiuwFBVV95cUxNYWRQV2YxMzJaaFZjQ2szT1NzWnlDX2xabF9pc3VIRzlOZ0JMNFRWUmd2NXN4NzBHVV9wWVBLSG1rRTd4RWJGbFoxQ001MkVQNzI4MXB2U1piempUYXMtYXBtRWtEMG9CbS1QS1Q0QVYzN2s4TDcwM3NMek9tVmE0QVFGazdJQVJ5Qnozci1rZ2wzeFc3ZzNTQ3RVU1VMOXA1c0FhT0dZc21TNXZUbk1xQ3lhUm50aHh4a0Fr?oc=5,2026-04-22 02:28:46+00:00,Phillips completes acquisition of ARCO’s Alaska businesses Petroleum News
FIELDS,Harsimranjeet Singh Ghelani,Department Stores,Opening,Chiefs QB Fields Breaks Silence on Playing Behind Mahomes - heavy.com,https://news.google.com/rss/articles/CBMikgFBVV95cUxNUmRLODNIeTNlM183OFBxSlRGNUlYYW9DeGFaV3RGSVMwZlIydG1oMVVfTU9xLUgzZ2ItWEI2c0dGR09hMVZsTEhENGNaQV9keHF3WV9JV2oyUkoyVDRmN0NzMldVa3RMc2wwdHdIRW9BN09KRFRzYUJDY3I0Z2tPQjlFTzFEbS1ucUVkNjVkaTdQUQ?oc=5,2026-04-22 00:14:00+00:00,Chiefs QB Fields Breaks Silence on Playing Behind Mahomes heavy.com
CVS,Dhiraj Manghani,Drug Retailers,Closing,Letter to the editors: Cempa CEO says CVS threats of bill closing pharmacies are empty - Chattanooga Times Free Press,https://news.google.com/rss/articles/CBMingFBVV95cUxPT0xmcExJR0hvZjBNNDdBcmc3d1Z1UVpsWnU4ajRaM3llWnR6ZFJ3eDlHamdaWmZ5TXBpdUxwdVp3YnQyenF4SW9TcGRPTDhTdkRaNU5vTDR6MjVvYmxjTWxKZHpPeGtBcGNmTkVLUkpLY3VpbG1VWnpwZlFpLTBLd0t2WUVMUW1wbTRxb0tsWF95c1lHSDBFTF9rNFdJdw?oc=5,2026-04-21 23:19:52+00:00,Letter to the editors: Cempa CEO says CVS threats of bill closing pharmacies are empty Chattanooga Times Free Press
Dunkin',Kabeer Pandya,Restaurants,Opening,"Dietitian breaks down high-protein fast food menus, best options - ABC News - Breaking News, Latest News and Videos",https://news.google.com/rss/articles/CBMiogFBVV95cUxNMGxkRklnMFowZzJCZ0dIcG9Qb3lMTHpMYkw1Y1FMVVVkQXpqNGh4QWstRWZCRzJUWlVORGxiU3E3VE9ZRXVGNWlPYW1qRERwVzJFUzJtZzFGMDlUVlA0bGxqS3ZJUzdvVlVQRjcwb3FzX2hYQmVJT2FLdDY3SjU4NTBXam1uMm5pbGRaTFVYdW1NTktBZXF4dGg1RWJqWmNhNmfSAacBQVVfeXFMUGRrTWVMNDFFYUdsUEx0QmJvQWNwWDdoRkNrWG5mdXlwRnBtZ21KTjltYjJid002eHpBRU83Q2ZYckN4dDVIZlNmZktubGhzcXhjM3F5b3UwaGJocDhEUXkxcHNNM01LN0hHeEdFcldTU1VMTHV6QzN6dHIyVXpvY2tDblJWSFRNdDhJbVNFT2xPWjg2M2xqTkloa2ExQ2FRYjV0OWpmcWM?oc=5,2026-04-21 22:43:04+00:00,"Dietitian breaks down high-protein fast food menus, best options ABC News - Breaking News, Latest News and Videos"
CVS,Dhiraj Manghani,Drug Retailers,Closing,"TN lawmakers pass 'Fair Rx' Act, could result in numerous CVS pharmacy closures - Local 3 News",https://news.google.com/rss/articles/CBMi9wFBVV95cUxOZFNxT1g2UXRQUFBXb0hCaFFqVjV3Nm5IaTZmVm14QnhNYWtTeFMyVU4xNXl4eW9haUVUV1FUSlZRQ3loaTAxb0xKb0tfSXpLcGkwZC1SZVpWY0VSZjRlbnFvT2J3bmJDZWFhNWVWTTRQRlcwYzVOQWtOQVAxN1hDZXRaUll3cHR3TTdzY0hTN1hTUExYWWhvM1ZNZ0VieS10dURDRWNld1ZBZDFMU2dBQ21mcVU0ZFpLVXlhR3Nhd3BlanF4dDNTc3RnYktnSUFNTkNkY3J2cWVnSFRscURONUZJNzZDN1kzdThPZUlKRlQ5dXg5dGFZ?oc=5,2026-04-21 21:15:43+00:00,"TN lawmakers pass 'Fair Rx' Act, could result in numerous CVS pharmacy closures Local 3 News"
CVS,Dhiraj Manghani,Drug Retailers,Closing,"Tennessee House passes bill targeting CVS, pharmacy closures in question - WTVC",https://news.google.com/rss/articles/CBMi-wFBVV95cUxPRUV0VzkwUzdRaXUtSmhHcmpRMmZURlpFcS1EWEszOW02Um9EYVhlTVZMeEhwQ2diNzY3SFBnX2xBT2FOc2xya24xdnpyd0pFZ1ZzT29uSWpzRHNUZFlXZldiNGNTVm8wbGNqeWZFc2V0VVdQOEpqYkM2SVJSX0VMT1pUNUpTbTZYQ2RoOHM0SHgxS1F4allVNkxNTEFrWHNTdUxFUEtrcWljSXNNeDJCV0xLNnRBNjVhbTBBcGtnVGxKS1JkTEdhQ0Q2WVVabkpPSnVsSlR6WE5kUm5hRFFfLV9KUmh3LW9RNWo5aTFYLUlnS2hGeFl1Ymw1aw?oc=5,2026-04-21 20:29:34+00:00,"Tennessee House passes bill targeting CVS, pharmacy closures in question WTVC"
Party City,Dhiraj Manghani,Mass Merchandisers,Closing,Is the Party City and Staples Partnership Cause for Celebration? - RetailWire,https://news.google.com/rss/articles/CBMic0FVX3lxTFA1QlV4bGF5QTRGWEE4QlRmRDhLZ1pnUnRNVWJOb2xLWjlvWTZ6b09aUUphMDVDNUlqLWI4V05xbVRWNm56YWZFZnNOSlNDQVNsQUtfeXRYclQyWGpYV0Z1S3h5OG93eV9Cb1JjdkFpTmRiRWM?oc=5,2026-04-21 20:11:10+00:00,Is the Party City and Staples Partnership Cause for Celebration? RetailWire
Trader Joe's,Rahul Shinde,Grocery,Opening,Trader Joe’s confirms new Central Florida location - The Business Journals,https://news.google.com/rss/articles/CBMipwFBVV95cUxOWXNSNUtpUmNiaktWVnpUTWxZUTk1clo1YWRUSkV3SXJyTzBPQV9BSXcyWXRQWWRvUkpzd21DZ0RxZlRmaXZPVnEwby1wOWZ4RFo3STZ5dlREaTRQQkZBbllMWmtVaGZnWUo1OGdBSWhic0dzcWJQVm5Icm1PMDRKWjlyb05LMnRRejF1MnFyWkl2RVhEUXJRcldrd1U3V2M3eFlBQ25UTQ?oc=5,2026-04-21 19:56:00+00:00,Trader Joe’s confirms new Central Florida location The Business Journals
Kroger,Moksh Kashyap,Grocery,Closing,"Kroger shakeup sees store closures, executive changes - WKRC",https://news.google.com/rss/articles/CBMizgFBVV95cUxONVMyWlZJc0F4Z09CN2tUU09haTBQTllwR2VqbWFuZW14TXBvOTFvRS1neGI4azJ6bG9YT0JWYXA0YWVnVkFrWXlHTkJWY21nLTFZb3NscVhocU5YTW5aQ1hEVUthaHc5ZWpWM2hYSm9fOVRHYktOZ3JhMjZ5QWpzQ2IzOFp3MU81QTQ1aHRkdFl1RkFkc2hvNWdYbzUtVnoxdFRQc2dRdE9YbWIyRGhCMEtvdmJpeDZKOVVaMFFTTER5NVhPdTRjdlFkN0FZZw?oc=5,2026-04-21 19:24:18+00:00,"Kroger shakeup sees store closures, executive changes WKRC"
Grocery Outlet,Rahul Shinde,Grocery,Opening,Grocery Outlet to open 2 NE Ohio stores while closing 5 underperforming locations - The Business Journals,https://news.google.com/rss/articles/CBMipwFBVV95cUxNd1dNb0p0c3c2MDE3NUdfU2dZTDBHT3FsVjRMdC01X04xZGlnNk5fS29jcG9nVURUTXlvZGtsSGZYdXJSOV9VTGRwMHBMMk4wRE9xZGpQRm9kYmhvR0dOYWtlRFMxZlcyakFKeXZUUmhiaXZjcERpUDFKV0k1Y2pDRWVoYkNqTmJSWVhoczQ2OWstRHJzVnY3RnJxQzRXa08zOVloVkNlRQ?oc=5,2026-04-21 19:18:00+00:00,Grocery Outlet to open 2 NE Ohio stores while closing 5 underperforming locations The Business Journals
Grocery Outlet,Rahul Shinde,Grocery,Opening,Grocery Outlet to celebrate grand opening of Strongsville store April 30 - Cleveland.com,https://news.google.com/rss/articles/CBMivAFBVV95cUxNNFZRWUdRRmF2YjdaTWVsVjFxUThSN3Zyd0VVSXNocDdoWVhkbVE1MTlubVotanpjTjZKeU8xZGR2RENuSHU1RDFKWXNMLXl4eG56WWdVc2R1MGJ1ZGF3Nl91eE1BYTNFWlhKWjl5T0U5QThUVU9oV1F4NERSOUh4SmMxQy11d1pmS3BGNVF3YlduTjZ1Y0psN0U5ZWE0dnRtLXplaHVzUDRpTlFodlRDM1VaZktGU0ZFb1hySQ?oc=5,2026-04-21 19:06:00+00:00,Grocery Outlet to celebrate grand opening of Strongsville store April 30 Cleveland.com
PetSmart,Ayushi Chandel,Mass Merchandisers,Closing,Five Below and PetSmart plan to take over former Manitowoc OfficeMax - Herald Times Reporter,https://news.google.com/rss/articles/CBMixgFBVV95cUxPUFJuWWRyMnhDcWFoS0dmNmUtMW1jeGQwMTdYeEhCcm1fZEFJVlo3Y3BHU3RLZHVwdVAzV0F5TXBQNHI2RUZYeTA4emlnSk13RkR4U0RyU1d6ZURwSVhwWWhub0FsSUJlTmFtOVN3dldtYkJlMVVvS1ZIZ2JNZExOYXhib21YNzNkQkNPbUVMaWNuaWI5eWlaUzB3WWJnNVNhTjdMU1ExMmRpMENQNVN6eFRZVDNBejdOQWFiV1Vxd3JCMUZGSEE?oc=5,2026-04-21 18:47:00+00:00,Five Below and PetSmart plan to take over former Manitowoc OfficeMax Herald Times Reporter
T.J. Maxx,Dhiraj Manghani,Mass Merchandisers,Opening,"Natchez Trace Town to add TJ Maxx, Ulta, Bath and Body Works and more major retailers - The Natchez Democrat",https://news.google.com/rss/articles/CBMiyAFBVV95cUxOLThGMzNXZ1JUSjNwbk1iM3VxUGlHNEQ5Z3dXTUF3Q3pfMGNMaG5TRUdYSW5qTG10dHlJVG1teUhJR3MySGxBYlJnYlBEYmg3V0p4anhTc1ZJeTdfQTJHU3JlbE9rN2VhVTNpVHF4OTd5WjY4UFJQdzdHdmlLQXNsYk5aNjR0djBuOE9URXVZY0RpV0RTMXhBbDBaMFdMdlZUSFJSOXRaNTJOT1JESmlCaGpXekhNUzhrLV9BMXhWaWQxSzlHOTNCaQ?oc=5,2026-04-21 18:28:26+00:00,"Natchez Trace Town to add TJ Maxx, Ulta, Bath and Body Works and more major retailers The Natchez Democrat"
BJ's Wholesale Club,Ashwin Nair,Mass Merchandisers,Opening,Beloved warehouse giant 'more budget-friendly than Costco' to open 30 stores in 2026 - first location coming in DAYS - the-sun.com,https://news.google.com/rss/articles/CBMijwFBVV95cUxPUGZjRWlPWXo0a1J0emZINzAtX1N0VWhzUUJQRGcycnNTWDc3eHNMQi0yMkZCRnkzUVVUQ0gzSng0ZWhWV0N1eUJpbVA0UG9YTFoxd3E4S05xUV9tZTdROGczM3p3M3ZSLWF0Q2lIeGs1NWVOUndRSUpwRjdOTElDb2dQUW5wN3F3MktVcVVHTQ?oc=5,2026-04-21 17:49:14+00:00,Beloved warehouse giant 'more budget-friendly than Costco' to open 30 stores in 2026 - first location coming in DAYS the-sun.com
O'Reilly Auto Parts,Bhavesh Phulwani,Mass Merchandisers,Opening,MILFORD SCOOP: O'Reilly Auto Parts bringing hub store to Milford - The Connecticut Scoop,https://news.google.com/rss/articles/CBMiwwFBVV95cUxPQ2RlZEpTTWJhdHJxSU96dngzdlY2RmhCZy1scWhoZTVkZDBsbmplV29MYXE5Zm5RRVZCVlBLUEtPSUlZemRTY29Hd0ViOUpqdk1zclVzTklCdi1lelhwRlNQMzU1RzVCVmxsY0RKaFNjV3B2SEtVWHJNelE2Z1l2dHo0eXliNlh6Z1MzckptcGp2V3NkU2xiQW1taE1qTFh0OHpidGFTc0x5VHBsSFR3X3ZSZFViS3dxS3NMaXVoSE1ZNFU?oc=5,2026-04-21 16:47:01+00:00,MILFORD SCOOP: O'Reilly Auto Parts bringing hub store to Milford The Connecticut Scoop
Grocery Outlet,Rahul Shinde,Grocery,Opening,New grocery store coming to Willoughby Hills - Cleveland.com,https://news.google.com/rss/articles/CBMimwFBVV95cUxNZ0lneERxeVRLbDZRY0djRDAtTnlUNmh1NmhMTkJCaW1SclNPd040bmllNklCamtlY2V0TWxFSko3ZTdXYmFQWWI5cnR2cjRzT01nZWFfLVB4Y0VIQnVKcGI2Skx4NkwyYlJvQlRDRURFRjFzWTdUcGRFOFlIOHFWWExKOVNmTXRPVUhpQ0hFZWNiT0dsX2IxOGV5d9IBrwFBVV95cUxPc2F2a25WcFlUd0phbm5TUExFMkltSHQ2S3ZFMGw0TFZkdXY3Q2dlblFGM21wR2lLa0xPVUlnZkNTMDNaNUV1Z1BUUWhROGtRUy1IMUxQdEtsV3VSWEtoZDlFb0IySEptam5ZcFBMZHQ5VWg0c1ZvUGFEamZaaXViZTZ4VTdicjMwazRLWnVkTUZJdll5RUZYYlJtcmdkUllMSEJWQ1RIbXhIRm8zcHJz?oc=5,2026-04-21 16:35:00+00:00,New grocery store coming to Willoughby Hills Cleveland.com
Walmart,Rahul Vasaya,Mass Merchandisers,Closing,An Indianapolis Walmart is closing temporarily. Here's why - IndyStar,https://news.google.com/rss/articles/CBMi8wFBVV95cUxQc3FlelhfdG1URTFCWEhNdTIxT0MxWmRrZndVRnd5Q3NhcVRoX1R2T0l4ZDdrRFFJdVZBZVlNeWpVd3J6RER4N1ItLVNFSjJLbnR2a0VvUy1KSXE4dGZuc2FMamNzSVRmQVFCRkhwdWxDYXpkUV9iTXZRb0c1UGFZSnFIUmc5eER6RmtKRDVnbWpQSmJGMkI2V1YtZVZ4TnNkQkRCek55STBkNHZDY3ZtYjc3ZmxIcWJXbU13OTJJRnNPZ2N3eHFtQllYVkF4S0EyMU9qRktyZ21EUUNZYzhjX09IcnBoUTNydVpzaFZWYW9BZk0?oc=5,2026-04-21 15:52:00+00:00,An Indianapolis Walmart is closing temporarily. Here's why IndyStar
BP,Komal Agrawal,Convenience Stores / Distributors,Closing,"Spain's antitrust watchdog shutters probes into BP, Repsol, Moeve - Reuters",https://news.google.com/rss/articles/CBMivAFBVV95cUxOQnc2ckdna0xFcDUxcWtUdFBDMUtmNU9SeFprVUozSGxCWmJCN1lsQS1BaW96dE0tbFlwRmZPOENhWlVxWENTMWRORE0tR05UZWF2Y19uTWZqYWV0T3dtMmZSWUxRbzV5TUNMb0hxeUdKQkNfa2FKSUhNX2g2QnBvdHNXZTkyeldDN2FGVFpnd09ESlR5b3BOc3NvUzdXb0QyLUw1UU43V1JoM2ttT19JSWZqOVlrbWtUSGMzdQ?oc=5,2026-04-21 15:40:39+00:00,"Spain's antitrust watchdog shutters probes into BP, Repsol, Moeve Reuters"
BJ's Wholesale Club,Ashwin Nair,Mass Merchandisers,Opening,BJ’s expands into Texas - Grocery Dive,https://news.google.com/rss/articles/CBMiigFBVV95cUxOZUdhTWI4bmYzM3VyS1E2QXdrd3VwOTREeVo1VFRlaXpXNzJoTXRUR1ktRG1UanpaalpyUWFrRGxnOEVDVmhERWgySHQ3bWZGbWdCRnV2UVRCNUVleWVDcVhuVi1lV1cwT2E5RlVlU3QyYTJBeC04aHNhX0RhaFdMdDBTc3Z0WGxJc3c?oc=5,2026-04-21 15:10:01+00:00,BJ’s expands into Texas Grocery Dive
Chick-fil-a,Rahul Vasaya,Restaurants,Opening,"Three new restaurant chains set to open in Hanford, Poor Richard’s returns to downtown - Hanford Sentinel",https://news.google.com/rss/articles/CBMiggJBVV95cUxNcGs4WmR0QTl3NXFuQ2ItbjlrdkxJZHlGci14dkVocEcyV3FjVXZkcHY0MUh2bmpaVFdNWThjbDJpWXpyZGhtYjVhdjd4VG52Mi1WNWpza1Y1ZnBiM3BBOWFVTUtCLUdLN1V2TmNkbUc3WW1xdm11OGxGa015RWxlTHdJajd3ZXhPNDZqQlFvSjJndFE3aWl5TjVrZVk0YlVzNVczdXNRMGh4d25nNl9ObGJSc2NCbUdwMldrcGRYRTVwXzZ1WnRVQ2I1MmhEZTB1N2VfVzB5OGJ5U2Zyand0TGF2M3g4ZEpsc0Y1eEgxWWd1dWRQT1FjR0pHOXM5MXMxU0E?oc=5,2026-04-21 15:00:00+00:00,"Three new restaurant chains set to open in Hanford, Poor Richard’s returns to downtown Hanford Sentinel"
Grocery Outlet,Rahul Shinde,Grocery,Opening,Grocery Outlet Opens 2 New Stores in Cleveland Market - Progressive Grocer,https://news.google.com/rss/articles/CBMihwFBVV95cUxNTlphRzkzd2QzM1JILWVwUE5BOXFwYm5NSjZkcTNGUzVVTjN3Sm9kRUprdFFiVUdNTXkyRkl1NmpYeGdxZjAtRnBTdU5xSFRid0xkMnlYdXJFZHk3UUxZOXBPTERKZ3VDaHg2R3ZZcW9WUEtFUEkxbTdqRWtNNEZZdnF4MHVuQVE?oc=5,2026-04-21 14:33:31+00:00,Grocery Outlet Opens 2 New Stores in Cleveland Market Progressive Grocer
Nordstrom,Rishi Nagar,Department Stores,Closing,Nordstrom closing 2 stores by end of summer: See where - AOL.com,https://news.google.com/rss/articles/CBMic0FVX3lxTE1MaWl1bWRxajhkTFk3VFNKU05DNXdEWHFoNmxEaEFaMVlVZFpwZS1GeEFxR0s1NXVFcXJaVkpDeXRGUDhWbjUtaGR4WW9LbkU4N1gyQ3F4SE5XX1ZBQU9wUGFQaUVUMVdhUTk4M3Zzei1td1U?oc=5,2026-04-21 14:13:41+00:00,Nordstrom closing 2 stores by end of summer: See where AOL.com
Dick's Sporting Goods,Ashwin Nair,Mass Merchandisers,Opening,Dick's House of Sport opening in Lowell - 5newsonline.com,https://news.google.com/rss/articles/CBMivAFBVV95cUxNUUdSVDVXaUlvczJ3RWlXby1Ca2hnSDg1ZWhRQ3c4c2JHZHlyZHZ1dDdUQ0JyNDQ0ekszcG9OWWF4UEFDbUN3c0p2aWM2WllNUGV4TERZbkJTdnJ6dERoRDJJU3lxWmJtZ0o4OEZlMjZDdGJ1QWNxZk4wVE9ZdXVsMlExOHBVY2daVE5QQlZxaHpMZWhqQ1BBNDFrRHM1MF9LWlpuVkZaU0ZTcXF3aEVQZkY3d0s1Zm0tbEJlMQ?oc=5,2026-04-21 14:10:00+00:00,Dick's House of Sport opening in Lowell 5newsonline.com
Whole Foods Market,Rahul Shinde,Grocery,Opening,Expanded Whole Foods Market opens in Los Gatos - The Mercury News,https://news.google.com/rss/articles/CBMiiwFBVV95cUxPS25mOUw5bjVEcVZYMUc5MWRxdGh5QW9ZYk9Xa0h3V19sRUdsY2IxVGZKUlduVm9HbHZjQ3hVcGRNZTZpa1l1SHdZbTVuM1BfdUVlQm81TGZYNVdXeGRqcU9VbDZMdlRTT3pJRGpsa2hzNF92T0N6ZndHcEJqdVoxcm5aMVp4VVY1Nnp30gGQAUFVX3lxTE5pcktuRzlLQ1lUWHRqRlBnM1RYcnlvQkxpa2VyTTlZdi13cHY4Tmh5MEFxQTV6dHJBdnVEaEZDd2NsNjBPVklpSTZOQld3ODNJakJjSG91NHB3NFVTY2dROFNFZjhvZFdNYUROLVdiM0czN21hY2JJcldrX1ZVUlRIWDdDTTEzTURDWG9lbGNEMQ?oc=5,2026-04-21 13:48:26+00:00,Expanded Whole Foods Market opens in Los Gatos The Mercury News
BP,Komal Agrawal,Convenience Stores / Distributors,Closing,"Spain's antitrust watchdog shutters probes into BP, Repsol, Moeve - MSN",https://news.google.com/rss/articles/CBMiswFBVV95cUxOVWNWVUNnWDcwUU12UEtSMlNEQkNwLU5UTGp1b203QTJmSFc5aFBxMkd5TUZfcVRpTlhVOXlzbVNkQV84STJNTG9TSXV4YkI5eUtKQk9KMXZ5cENmTnpzalJEVllyUjQxQkMyZGpueXNCUGZCQ0hyVGd6TE5YSk9YdTFkZm9fT0dHLTdCcE9aQkh2dnZHT1h5cjZ0WWJrX0dMNXUxUFNGVjVTZFVnbzNCc3c0OA?oc=5,2026-04-21 12:34:31+00:00,"Spain's antitrust watchdog shutters probes into BP, Repsol, Moeve MSN"
Hy-Vee,Komal Agrawal,Grocery,Closing,Hy-Vee shutting down major facilities; hundreds of jobs impacted across Iowa - MSN,https://news.google.com/rss/articles/CBMi3wJBVV95cUxPNTlkV0RPWmJxcVlyd1FXRHNkbnFUeTVVTTBuaXZ2ODJ1RmRJbGdPbURNdHpMTTdTRnR3WnlDeWxmbENTaDRoRWtTazVJQllpUFI1RlRyWHU1aERadzAzbmNFaXc4LURVWWd6cVlvbG5pOXVrdjRiVjFOaWpyaWpMR3BPWTZPaGhZcHlnVk0xRnBLbFgxX241c3lBTFhRX0pjTWhuWGxLeW9rcDZFRDNYR2pZcjRXVThTLUk3Uk9uMVhxWC1JY3drallHNTFNdUhTWTQ0SUFhNTQ2VzFoZWVJUkZDY040NzV6M3doelVyQXRCREhYMGMyRi1UZ3RjY2RjTWxweENlcGdiWVNDNU02VzloREt3QWdIdng0RS1PQThJSVJiS25Tc1JIWnlpR0ZhUkd0UmJEazNLZE4tdU9WYmFWVzBiX1hWSFp3UndncDVEMHR4WDEwZzFsVVBlZlk?oc=5,2026-04-21 11:50:03+00:00,Hy-Vee shutting down major facilities; hundreds of jobs impacted across Iowa MSN
Grocery Outlet,Rahul Shinde,Grocery,Opening,"New Grocery Outlet stores opening in Strongsville, Willoughby Hills on April 30 - WKYC",https://news.google.com/rss/articles/CBMi4AFBVV95cUxPczJtVEpfa3FuWFAwMWwtVURSWHB0eUo4WkVBNGl4WlBUV3d3Y3NOS0o0YzBpbi1CVGJHbzZvb29hY3RON0tfZ21rVmJ5NTZHNkR3bFJkcW40S0ZJUWI3WHhoNFR1N3hFV205eTUxNkpvdm9WUWNadEhXamRidmJtZDcydFZFNTJrbE9iS05rQmN2My11YlQ4WUJmLXB6VjFlUU5ZWng0NFJrRzRBOXN0cFgzQXdpMTFMWGc5dDBneHRzSzJYLVVQN193SXE2Um9vQWNUYkZvQ2VPZnRqOTVoQg?oc=5,2026-04-21 11:36:00+00:00,"New Grocery Outlet stores opening in Strongsville, Willoughby Hills on April 30 WKYC"
Domino's Pizza,Dhiraj Manghani,Restaurants,Opening,Brand-new Domino's store set to open near secondary school in Somerset village - Somerset County Gazette,https://news.google.com/rss/articles/CBMipwFBVV95cUxPeGdoNkFiUy1OQTJia05YOHJFZmEtLVI2TzlCbFVZOGhfR3A2SWhxUFpjRjQ3ckpvQllsZmVxRHdkNEk4NldIeW1pUEtabEJSZ21QN2hEM2RLLVozanlCU19tMnZtOTBvd1dxclJPVGhxUjBFdXJiRzR4WjlVb0d4YXJsMTdaUXloVE8yZU8xZGFkVzRKdGQ4Nm8wemtzWUx1TUR5ZkVaTQ?oc=5,2026-04-21 11:20:00+00:00,Brand-new Domino's store set to open near secondary school in Somerset village Somerset County Gazette
Dollar General,Shuvechha Dere,Mass Merchandisers,Opening,Dollar General grand opening celebration set for Saturday - Cleburne Times-Review,https://news.google.com/rss/articles/CBMi5wFBVV95cUxORVdZS2xicVlaUVVnTWltMmRCV0FhQTczZXhHOTY4LTRUS1E3T0NwcUtFWTNtcFlKZkFLX2lMSmdkY3dTanVmQXh2VHhURUctR3BwSE9JWld2U0xLQkpXbXI2aEJ1aXAtRUJOald3bkhwR3pQS2hHcGI0QTlFUENWbVV2M1BFQ3hVYlNQV0FoM2VwRXI0ZnNhR3lIRnNqM2h1SEFBZkd2NmtKREJYSzRHVlFnTW4wMGdTNFpQT3FwWVhWUUpRMkRhT2thUy1nS0R6NnEzZVlZaEZ2YlQtQzluNkh5ckZJNWs?oc=5,2026-04-21 11:00:00+00:00,Dollar General grand opening celebration set for Saturday Cleburne Times-Review
BP,Komal Agrawal,Convenience Stores / Distributors,Closing,"Spain's antitrust watchdog shutters probes into BP, Repsol, Moeve - TradingView",https://news.google.com/rss/articles/CBMizgFBVV95cUxPa2dpZDNuR0ZYT0FfOXZFSmc1UmNzZ1NvaTVCNkEwT1JrZ1YxYnE3Ujg2SmZTM1E3X3Z1TWU3WWlPUlBLaVRrV29WZUZDT0pkYm9GMEFEZG8tTmNLbHZjNFRCY1h1YkMyVjUxbkZqbW5rUHpZelg5RUFZRzlBVTJfSklBZnY1MlFyZXp5MzlqeGdnYWpFX245TFV4Z3hONzhXX3RqcTAzd0Zsb1ZmdnBPV2lkN2l2U0w1Y2hoemZMeFNuUFp2Y3NoYVlWWUZjdw?oc=5,2026-04-21 10:54:48+00:00,"Spain's antitrust watchdog shutters probes into BP, Repsol, Moeve TradingView"
Chick-fil-a,Rahul Vasaya,Restaurants,Opening,Red Lobster In Ulster County Demolished For New Chick-fil-A - Hudson Valley Post,https://news.google.com/rss/articles/CBMikgFBVV95cUxQdEFuQk4tU0xtWVJTMVZIX29jX1RFWmZzalJ1MGUxdFJQMFRuaHZCNjZTdGdkZy1Fb1lEU3BMaXFvVzV3cnkxeUxwZ3ZibVdIOGFaNU9nSGVxdXRMLWFpRHh1N0N5UDJ0NTFuUWxkVXJyMmNaZ21KV0V0ckRHTUo3MmhoU3hVc0dGQUU4am1tX2kxZw?oc=5,2026-04-21 10:37:01+00:00,Red Lobster In Ulster County Demolished For New Chick-fil-A Hudson Valley Post
Taco Bell,Kashish Kasar,Restaurants,Opening,Applegreen To Open Northern Ireland’s First Taco Bell - checkout.ie,https://news.google.com/rss/articles/CBMilAFBVV95cUxPZ0Y2ZWpTbFpidDVmT2J4T1NockFtZ1BYSlUybTlzUW5lOXZZZXJmWDg4VU9Xb042S3NHRGlQUUVyNFNTbm1sZ2tFZDdFNHlPTTF0OFhXaDNJdG5vZEtOeGNMdG9xT3hZRk95b2UweG82Sk8wUjd2NTNLZ3AwenRibTJxcFd5a0w4aWt0di1fMGctRU9U?oc=5,2026-04-21 10:30:43+00:00,Applegreen To Open Northern Ireland’s First Taco Bell checkout.ie
Trader Joe's,Rahul Shinde,Grocery,Opening,5 things to know about Trader Joe's coming to Quincy - The Patriot Ledger,https://news.google.com/rss/articles/CBMi2gFBVV95cUxONVFwQ2t0cWpmYk91YmtjNzRrNFVFOUFOSUk1VTNVLXdZUjNZYmFxN2FLcGxCSTA4Wm5jOVMyaTFOWDlBd1hDSHV1NFdKUlNEUDFXMTVkRVdiVVRzNWgyeTBYeTd6bHJQMHMwSWdqTGlmWDBsZ1pjOWlxWEktdUpfZlFVZEpsX3o4RXp2VDRBTUZRT1ExeFZpcFU0R1Uxc1VHd2VMUHo2VE5XbzJ4aGVxM1hXR3VfanM0bnRweDVUMUdLX3UwQW03ZlhOMzlMYW1Rb0NOWGp4Ym9TQQ?oc=5,2026-04-21 10:20:15+00:00,5 things to know about Trader Joe's coming to Quincy The Patriot Ledger
Stop & Shop,Rahul Shinde,Grocery,Opening,Floor & Decor Opening New Westchester Location At Former Stop & Shop Location - Patch,https://news.google.com/rss/articles/CBMisAFBVV95cUxQQi1mSGdIQlZCSTk1c2ZkWGNLZ3RYdTRiTHg3TU52Wmg1aHJLenl1V2NEVEpTQldhUkxsd1oySkFCbXFIOGFneWNXekczTGVDVmxYMkplak05YWU2V0Ffdmd5RHRsVmFsb3dDeDJzdm03b2FuQ3pmSVkwdVVKUG1XNXdERmZMekxhNVU0U0hoVzVnckJJU2ZYdjQwcU1kaTJhUkdpeGxNUHVlOEQ0bTJzcNIBxgFBVV95cUxQUVptSjVmVXFDNWsxSnQ2bmphMkJBQldzeXJ6WFdyZVc3dGRLVTlEVVpWSHJkZkZDeUdySkJvT2ZTMTVPY0pOV3VMMmMydDBsdWFKQmQzRWw3OVRVa280ZElIVDJ4SmY3Q2t2RzhWOFBxZ1JLOXh4dUFib19XOTY2cFBmRUNHZmE5M0Y5NGNmLWdGdnBHMVdyLVV3NG56OHhQZVRhWGRFM01HcXpySkdwbFhHbFB6TlVxUE5rRHVZM2xtU0RrWHc?oc=5,2026-04-21 08:04:52+00:00,Floor & Decor Opening New Westchester Location At Former Stop & Shop Location Patch
CVS,Dhiraj Manghani,Drug Retailers,Closing,"Tennessee Senate passes 'CVS bill,' reshapes pharmacy business as CVS threatens closures - WZTV",https://news.google.com/rss/articles/CBMitAFBVV95cUxQU0lzd3RveTRLYWkxeTF5ajJ3MjlibnV1U2NvUWt5UV92WWlLMHZVTy1TTENMdzB1U09KZFYyY2Q3ak9wejRTN2ZUT0R6Snd1NkV6UGRQSWM0UlpqRy1BTW9fS0VrdXlpQXhOWlJBYnRqdmYzWkRqYmdENU12aXVpckVYM0g2eWVkVjRhbF8zNnVwN3pTMk1jSXh4M3lZYWtodFBjWHFQY3BpYkNuYXVDMFFpVU0?oc=5,2026-04-21 02:20:13+00:00,"Tennessee Senate passes 'CVS bill,' reshapes pharmacy business as CVS threatens closures WZTV"
Chick-fil-a,Rahul Vasaya,Restaurants,Opening,Chick-fil-A announces late April grand opening in Whatcom County - My Bellingham Now,https://news.google.com/rss/articles/CBMiqAFBVV95cUxPTW1LU0ZXdlBCUjVVci1PdzlLOHFnU0dGTzZWZ2ZTbVZtekZwLWxYMFowMUtORGFOcUJ4NmV1dHI4eTYtUERGb243am03QTlBc0FoWHB1ODlaaHBPS1VEQmJQeGVFWXpIN2I3QnlzdWVSM1ZLdnVpeEtFeVY3Z0diSnY1YkJaWGtudlVmWTB3TlVmNmx3bUhBYVVHSzhadTBqNmNqbWxmZ24?oc=5,2026-04-21 00:03:56+00:00,Chick-fil-A announces late April grand opening in Whatcom County My Bellingham Now
