Store,Analyst,Type,Title,Link,Published,Summary
Burlington Stores,Ashwin Nair,Opening,Burlington Store plans grand opening in Moline - OurQuadCities,https://news.google.com/rss/articles/CBMimAFBVV95cUxPb3hhTXRiaWpvNU9LRmd2WHNMdFN4eVJOX1VkVDhudmxURjg2a0xPNE93eFZpcUpJNHladkRIbUVFWVJhblF2d0RMbHkzaEhMVlJaelBWSG5Hd0xxaG5pNFdDLTJQb1ZsMFE3Zm11UnBrVXNLcHRqNHVkOHpyYXVKdGh5aWJpMkJPWm1iZVEybzlJVGhGNUJVOQ?oc=5,"Tue, 24 Feb 2026 01:16:24 GMT","<a href=""https://news.google.com/rss/articles/CBMimAFBVV95cUxPb3hhTXRiaWpvNU9LRmd2WHNMdFN4eVJOX1VkVDhudmxURjg2a0xPNE93eFZpcUpJNHladkRIbUVFWVJhblF2d0RMbHkzaEhMVlJaelBWSG5Hd0xxaG5pNFdDLTJQb1ZsMFE3Zm11UnBrVXNLcHRqNHVkOHpyYXVKdGh5aWJpMkJPWm1iZVEybzlJVGhGNUJVOQ?oc=5"" target=""_blank"">Burlington Store plans grand opening in Moline</a>&nbsp;&nbsp;<font color=""#6f6f6f"">OurQuadCities</font>"
Burlington Stores,Ashwin Nair,Opening,Burlington Stores opening at Federal Realty’s Melville Mall - Long Island Business News,https://news.google.com/rss/articles/CBMid0FVX3lxTFBIRGhrVGlDa0RudzNmeFkwb0FBUHc0RWJRd24tbEhMS002aUJlZTQtWHZDc0tLLWwwd3RmamQ2VmNCSDYzNEdCUDdJSWFWbnFOTTJYVFRYRmhJR2RydXdhb0pySktHMFhGZndpQUVTVUpfNnI1RXJr?oc=5,"Mon, 23 Feb 2026 21:28:52 GMT","<a href=""https://news.google.com/rss/articles/CBMid0FVX3lxTFBIRGhrVGlDa0RudzNmeFkwb0FBUHc0RWJRd24tbEhMS002aUJlZTQtWHZDc0tLLWwwd3RmamQ2VmNCSDYzNEdCUDdJSWFWbnFOTTJYVFRYRmhJR2RydXdhb0pySktHMFhGZndpQUVTVUpfNnI1RXJr?oc=5"" target=""_blank"">Burlington Stores opening at Federal Realty’s Melville Mall</a>&nbsp;&nbsp;<font color=""#6f6f6f"">Long Island Business News</font>"
Burlington Stores,Ashwin Nair,Opening,Burlington to open new store in Lady Lake — what we know - Leesburg Daily Commercial,https://news.google.com/rss/articles/CBMiygFBVV95cUxOMVFCOUdEYlhMZkJOWkk0M0E3M1hKenEzaWlKclQzdjFTRjRxbjMxdTZvVVJSYnAwWVI3N3R6R1pBaHMwU1d6eGY2MG5JLWx1Y3IzMERVdFl4R2gydTFQQlJpX1pJVXkwTGVJclFaU3NaWXV4WXByS2x0ejJBdWdySEVBM2hiazIwZndXYktKTWhaVXljMlVaX2NLdnI5YUd5SWhYY3NKNmxxeDk5V1N2ZXlqVDBlRGV4MWs2d3N4bVB6NE9ULVAtRkJn?oc=5,"Mon, 23 Feb 2026 21:22:00 GMT","<a href=""https://news.google.com/rss/articles/CBMiygFBVV95cUxOMVFCOUdEYlhMZkJOWkk0M0E3M1hKenEzaWlKclQzdjFTRjRxbjMxdTZvVVJSYnAwWVI3N3R6R1pBaHMwU1d6eGY2MG5JLWx1Y3IzMERVdFl4R2gydTFQQlJpX1pJVXkwTGVJclFaU3NaWXV4WXByS2x0ejJBdWdySEVBM2hiazIwZndXYktKTWhaVXljMlVaX2NLdnI5YUd5SWhYY3NKNmxxeDk5V1N2ZXlqVDBlRGV4MWs2d3N4bVB6NE9ULVAtRkJn?oc=5"" target=""_blank"">Burlington to open new store in Lady Lake — what we know</a>&nbsp;&nbsp;<font color=""#6f6f6f"">Leesburg Daily Commercial</font>"
Dick's Sporting Goods,Ashwin Nair,Opening,Foot Locker eyes fall 2026 opening of new store in area - The Business Journals,https://news.google.com/rss/articles/CBMirAFBVV95cUxOM3dHdkh4NE8yS2s4MkVNUEdJN19oU3hoeUJqQmJJdlJCTG56WnpXSnFBckNrUFA5WkY4YW9fSzBoS3pVajFmUDlFS1l2U0FIV1lUQmlWM1ZNT2FNNFZOVkhqZHRoY29ZR0V3dVhqT3VEYUotVlR0bFg0bXVXS3d5dENaeEplVExnclhvRWNIbjI1elA1NUQzaFdkZ1RTaVZjZXdCMnF1QkVMaEgy?oc=5,"Mon, 23 Feb 2026 20:52:00 GMT","<a href=""https://news.google.com/rss/articles/CBMirAFBVV95cUxOM3dHdkh4NE8yS2s4MkVNUEdJN19oU3hoeUJqQmJJdlJCTG56WnpXSnFBckNrUFA5WkY4YW9fSzBoS3pVajFmUDlFS1l2U0FIV1lUQmlWM1ZNT2FNNFZOVkhqZHRoY29ZR0V3dVhqT3VEYUotVlR0bFg0bXVXS3d5dENaeEplVExnclhvRWNIbjI1elA1NUQzaFdkZ1RTaVZjZXdCMnF1QkVMaEgy?oc=5"" target=""_blank"">Foot Locker eyes fall 2026 opening of new store in area</a>&nbsp;&nbsp;<font color=""#6f6f6f"">The Business Journals</font>"
Walgreens,Ashwin Nair,Closing,Walgreens Accelerates Restructuring as Sycamore Partners Intensifies Store Closures and Corporate Layoffs - FinancialContent,https://news.google.com/rss/articles/CBMijAJBVV95cUxPendQSk1sZFNPeWxseVBwaV9INWV6REF1WXpsYmZZUlhBZGxhakMzNEtmVHNlZWs3Q3cxcUNmU2FmUVNSMkxMdHAzY2lLMUxYU1N5ZERYMXAtOEQzUllCQ2JvcWMzM3EtckRUOXdnbVhaU1RLWnRUTWtQQUdvcEJKcV9adWdLbExiZW8xUW9tYjRBM094MXZOdDdxNzNiczlVRTBreDlZOFBPVDR5RXFVVlNST19POWp3TkhpeUdjdDN4SDE1bk9qSlh2X2ZGRERmZEVObkFRcW55UG96WnkzRlVUUmt2X2N3cFhjSkUteG1lZm1qdUZlVnBsRS1XOThnN2pWNU1pazZPelN6?oc=5,"Mon, 23 Feb 2026 19:21:00 GMT","<a href=""https://news.google.com/rss/articles/CBMijAJBVV95cUxPendQSk1sZFNPeWxseVBwaV9INWV6REF1WXpsYmZZUlhBZGxhakMzNEtmVHNlZWs3Q3cxcUNmU2FmUVNSMkxMdHAzY2lLMUxYU1N5ZERYMXAtOEQzUllCQ2JvcWMzM3EtckRUOXdnbVhaU1RLWnRUTWtQQUdvcEJKcV9adWdLbExiZW8xUW9tYjRBM094MXZOdDdxNzNiczlVRTBreDlZOFBPVDR5RXFVVlNST19POWp3TkhpeUdjdDN4SDE1bk9qSlh2X2ZGRERmZEVObkFRcW55UG96WnkzRlVUUmt2X2N3cFhjSkUteG1lZm1qdUZlVnBsRS1XOThnN2pWNU1pazZPelN6?oc=5"" target=""_blank"">Walgreens Accelerates Restructuring as Sycamore Partners Intensifies Store Closures and Corporate Layoffs</a>&nbsp;&nbsp;<font color=""#6f6f6f"">FinancialContent</font>"
Walgreens,Ashwin Nair,Closing,Walgreens widens job cuts amid store closures - thestreet.com,https://news.google.com/rss/articles/CBMiigFBVV95cUxPMXlEeTFXQW9xcVpoS2tSenhrZVI1WEZOUXFqVEc2bE5Cc0FyYURRMFJYNDFaVExoaXg0RlJ1YVM0eGRjdXRSeTB3TGRURXhnRkxhYTZ5dkxPLXFRQ1VqU0sxa2J6QnhlSkRTS0liTjR1SHhQYjZoLUIyMURIX0k1RU44MlpscG5vOEE?oc=5,"Mon, 23 Feb 2026 16:47:00 GMT","<a href=""https://news.google.com/rss/articles/CBMiigFBVV95cUxPMXlEeTFXQW9xcVpoS2tSenhrZVI1WEZOUXFqVEc2bE5Cc0FyYURRMFJYNDFaVExoaXg0RlJ1YVM0eGRjdXRSeTB3TGRURXhnRkxhYTZ5dkxPLXFRQ1VqU0sxa2J6QnhlSkRTS0liTjR1SHhQYjZoLUIyMURIX0k1RU44MlpscG5vOEE?oc=5"" target=""_blank"">Walgreens widens job cuts amid store closures</a>&nbsp;&nbsp;<font color=""#6f6f6f"">thestreet.com</font>"
O'Reilly Auto Parts,Bhavesh Phulwani,Closing,Ross Chastain Regrets Costly Atlanta Crash in Final-Lap Drama - slicksandsticks.com,https://news.google.com/rss/articles/CBMiowFBVV95cUxPX1lqZXc5VWxBYW5hOW80WXNST3NQOVZQV2llUUZaSGV4U0dacTFsc1B0cGVIUU1pYV85VWRxbnlTRFl4aTFqREdRWVQzcW93Rkl6VHRrZGlWdW5mSWlydDlvcE9iRXN6OW1fWms4dURLWXYzQ0xDanNsMkNWXzUzalpzOVJHUklZWjlEdkRMS1RCT255ejJwTmRPWlljWHh1TVdz?oc=5,"Sun, 22 Feb 2026 18:40:17 GMT","<a href=""https://news.google.com/rss/articles/CBMiowFBVV95cUxPX1lqZXc5VWxBYW5hOW80WXNST3NQOVZQV2llUUZaSGV4U0dacTFsc1B0cGVIUU1pYV85VWRxbnlTRFl4aTFqREdRWVQzcW93Rkl6VHRrZGlWdW5mSWlydDlvcE9iRXN6OW1fWms4dURLWXYzQ0xDanNsMkNWXzUzalpzOVJHUklZWjlEdkRMS1RCT255ejJwTmRPWlljWHh1TVdz?oc=5"" target=""_blank"">Ross Chastain Regrets Costly Atlanta Crash in Final-Lap Drama</a>&nbsp;&nbsp;<font color=""#6f6f6f"">slicksandsticks.com</font>"
O'Reilly Auto Parts,Bhavesh Phulwani,Closing,Sheldon Creed Scores Dramatic First NASCAR Victory in Atlanta - slicksandsticks.com,https://news.google.com/rss/articles/CBMiowFBVV95cUxOVWFVMzFBSnJfdk9wZ0hPTU5OaktjZkp3WGMyamVRdDYzakdCNEhqX18tRkFnMnB1dEh0Y0E5ODhyYjJaNlg3aTl4TWpJdEdzeUNJbnhnUk9ZM2I4SkJSb2VuV2lHTE1vUnB6ZzNmZWRzWk9KUzFrR1ZpaHNOS3hiZ29PeklGbzJLRE96S3l4WEVIRjVXeVphNmtmMzRET1N5TmFN?oc=5,"Sun, 22 Feb 2026 03:37:56 GMT","<a href=""https://news.google.com/rss/articles/CBMiowFBVV95cUxOVWFVMzFBSnJfdk9wZ0hPTU5OaktjZkp3WGMyamVRdDYzakdCNEhqX18tRkFnMnB1dEh0Y0E5ODhyYjJaNlg3aTl4TWpJdEdzeUNJbnhnUk9ZM2I4SkJSb2VuV2lHTE1vUnB6ZzNmZWRzWk9KUzFrR1ZpaHNOS3hiZ29PeklGbzJLRE96S3l4WEVIRjVXeVphNmtmMzRET1N5TmFN?oc=5"" target=""_blank"">Sheldon Creed Scores Dramatic First NASCAR Victory in Atlanta</a>&nbsp;&nbsp;<font color=""#6f6f6f"">slicksandsticks.com</font>"
O'Reilly Auto Parts,Bhavesh Phulwani,Closing,Sheldon Creed Claims Dramatic First NASCAR Win After Wild Clash - slicksandsticks.com,https://news.google.com/rss/articles/CBMipgFBVV95cUxQek9xdzdUM2tKd25kakpHM2NpT2hDbjFTQVU1QnZsS3NsTmMzNEZ1QXpUX3BfVW5IV2VuZ05KWTg1bm9HWXh0Unc1ak5ZdjV0ODhUM2I0WkFrSF9iSkFvN1gyTkZEY1RucFdSX2JnYkNNN0Rzd1FDRlUxZFVBWjRMa2xFYkluS3ROLWlBZldDQmdOd0FJTldVVUE2eERnVE5oaXlNb2J3?oc=5,"Sun, 22 Feb 2026 02:33:19 GMT","<a href=""https://news.google.com/rss/articles/CBMipgFBVV95cUxQek9xdzdUM2tKd25kakpHM2NpT2hDbjFTQVU1QnZsS3NsTmMzNEZ1QXpUX3BfVW5IV2VuZ05KWTg1bm9HWXh0Unc1ak5ZdjV0ODhUM2I0WkFrSF9iSkFvN1gyTkZEY1RucFdSX2JnYkNNN0Rzd1FDRlUxZFVBWjRMa2xFYkluS3ROLWlBZldDQmdOd0FJTldVVUE2eERnVE5oaXlNb2J3?oc=5"" target=""_blank"">Sheldon Creed Claims Dramatic First NASCAR Win After Wild Clash</a>&nbsp;&nbsp;<font color=""#6f6f6f"">slicksandsticks.com</font>"
O'Reilly Auto Parts,Bhavesh Phulwani,Closing,"Sheldon Creed wins first O’Reilly Auto Parts Series race, Atlanta Results - tireball.com",https://news.google.com/rss/articles/CBMirwFBVV95cUxQdlppd3RYQlVncmNEMGxKZmZ0bWhfRXBXMGxTN2NYSGlaa3VVM2hSZ190WXdhc295ZzdBOGhfem11MDdzY0Q3M0VEQnlmSEdKMjVxUkFkbUxzUWRpUEZ1cndUX0VRT0FJa1pvRFZIdW5hTmVTeXdZUW05dlFqTVozRjg3cHlsMGZ3ZjBFcjZKX29UN2pneEFfQ28tQXR4MzVVS20yTG0xN091bkVSMEF3?oc=5,"Sun, 22 Feb 2026 00:59:49 GMT","<a href=""https://news.google.com/rss/articles/CBMirwFBVV95cUxQdlppd3RYQlVncmNEMGxKZmZ0bWhfRXBXMGxTN2NYSGlaa3VVM2hSZ190WXdhc295ZzdBOGhfem11MDdzY0Q3M0VEQnlmSEdKMjVxUkFkbUxzUWRpUEZ1cndUX0VRT0FJa1pvRFZIdW5hTmVTeXdZUW05dlFqTVozRjg3cHlsMGZ3ZjBFcjZKX29UN2pneEFfQ28tQXR4MzVVS20yTG0xN091bkVSMEF3?oc=5"" target=""_blank"">Sheldon Creed wins first O’Reilly Auto Parts Series race, Atlanta Results</a>&nbsp;&nbsp;<font color=""#6f6f6f"">tireball.com</font>"
O'Reilly Auto Parts,Bhavesh Phulwani,Closing,Nascar Results Today: Sheldon Creed Claims First O'Reilly Auto Parts Victory in Bennett Transportation & Logistics 250 - FilmoGaz,https://news.google.com/rss/articles/CBMiRkFVX3lxTE9LWDVnbmFwcHhhTnlmb2s5SndWM3djNUV6Sk5CZXk0aXVDUjhTMDdVVzAtb0tLai1vOExraE56TVdLZWM0MlE?oc=5,"Mon, 23 Feb 2026 00:40:09 GMT","<a href=""https://news.google.com/rss/articles/CBMiRkFVX3lxTE9LWDVnbmFwcHhhTnlmb2s5SndWM3djNUV6Sk5CZXk0aXVDUjhTMDdVVzAtb0tLai1vOExraE56TVdLZWM0MlE?oc=5"" target=""_blank"">Nascar Results Today: Sheldon Creed Claims First O'Reilly Auto Parts Victory in Bennett Transportation & Logistics 250</a>&nbsp;&nbsp;<font color=""#6f6f6f"">FilmoGaz</font>"
Staples,Dhiraj Manghani,Closing,Maine Staples Location Announces Permanent Closure - b985.fm,https://news.google.com/rss/articles/CBMiXkFVX3lxTE42d3BRQmtqWlh3b29DeXFCNEt3S05ZcnZSVjl6SnpuaDltdHN5UlQ5QUgwS1RqUXRGd3NhSVNUTUJhenVDakN6ZGhWaVc1cEowVGFUYm1oLWdYdThGMHc?oc=5,"Mon, 23 Feb 2026 23:31:44 GMT","<a href=""https://news.google.com/rss/articles/CBMiXkFVX3lxTE42d3BRQmtqWlh3b29DeXFCNEt3S05ZcnZSVjl6SnpuaDltdHN5UlQ5QUgwS1RqUXRGd3NhSVNUTUJhenVDakN6ZGhWaVc1cEowVGFUYm1oLWdYdThGMHc?oc=5"" target=""_blank"">Maine Staples Location Announces Permanent Closure</a>&nbsp;&nbsp;<font color=""#6f6f6f"">b985.fm</font>"
T.J. Maxx,Dhiraj Manghani,Closing,TJ Maxx launches liquidation sales up to 20% off as location gets March 7 ‘moving’ date - the-sun.com,https://news.google.com/rss/articles/CBMimgFBVV95cUxPZnNibWx6cV82TFgwMmlaM3Q1ZmJHQ1htZVBrUF8wY2JXMGg0SWFCZjR6dzlQbjQxSUUydGJJWTFIX09PTVVnSjd6VW9DYld4eEpvTXR5azZqX19kR2gwWW9vcFRpUG4zcnRaRWxJLTZabGFjNmZseFljQjBYNzZjTm8wTHRhU1dCNmFEZHp3NEJySHhYN1hUeGtB?oc=5,"Mon, 23 Feb 2026 19:33:25 GMT","<a href=""https://news.google.com/rss/articles/CBMimgFBVV95cUxPZnNibWx6cV82TFgwMmlaM3Q1ZmJHQ1htZVBrUF8wY2JXMGg0SWFCZjR6dzlQbjQxSUUydGJJWTFIX09PTVVnSjd6VW9DYld4eEpvTXR5azZqX19kR2gwWW9vcFRpUG4zcnRaRWxJLTZabGFjNmZseFljQjBYNzZjTm8wTHRhU1dCNmFEZHp3NEJySHhYN1hUeGtB?oc=5"" target=""_blank"">TJ Maxx launches liquidation sales up to 20% off as location gets March 7 ‘moving’ date</a>&nbsp;&nbsp;<font color=""#6f6f6f"">the-sun.com</font>"
Target,Dhiraj Manghani,Closing,"Say brief goodbye to all 1,995 Target stores set to close for 24-hours in weeks - the-sun.com",https://news.google.com/rss/articles/CBMikwFBVV95cUxPVmZuMTNUQ1V2UXZ1Skw3Qm51d2tvcTZYWVFoZXBDamU1bV9GdUxBUmpPMWd2U0tXbXV2bWs1YVhEdklvOWtIQk1VRmhVQUVzRGR0NW5QSUctOWhZeTJnSEh5NWZMN21RTy0wTFltX2QxNnlybXozY1J0NThKekdKLVBKd0pnUWlSQ29CS1FZN0VBOE0?oc=5,"Sun, 22 Feb 2026 14:16:20 GMT","<a href=""https://news.google.com/rss/articles/CBMikwFBVV95cUxPVmZuMTNUQ1V2UXZ1Skw3Qm51d2tvcTZYWVFoZXBDamU1bV9GdUxBUmpPMWd2U0tXbXV2bWs1YVhEdklvOWtIQk1VRmhVQUVzRGR0NW5QSUctOWhZeTJnSEh5NWZMN21RTy0wTFltX2QxNnlybXozY1J0NThKekdKLVBKd0pnUWlSQ29CS1FZN0VBOE0?oc=5"" target=""_blank"">Say brief goodbye to all 1,995 Target stores set to close for 24-hours in weeks</a>&nbsp;&nbsp;<font color=""#6f6f6f"">the-sun.com</font>"
Walmart,Digvijay Singh,Opening,Popular supermarket ‘better than Walmart’ to open new location in 2026 - the-sun.com,https://news.google.com/rss/articles/CBMilAFBVV95cUxNam1KR1NNN25Xek1tZzdabmZXR0lwRUZpYUhzZnAyX0s5WVFsTDRKUl80WkNBQVFLSkl1dzByNjZNSWNzaEROWlBGWmJRV2JUSlJacTVZTjhLdXZycDVLa1ZpUUttVF9HQXBxTnhPU1RweDk5bGxHNTBTVXl2T3g1elNhRzBtQ1FPU3hvMlh3c1lZSDdz?oc=5,"Mon, 23 Feb 2026 17:23:20 GMT","<a href=""https://news.google.com/rss/articles/CBMilAFBVV95cUxNam1KR1NNN25Xek1tZzdabmZXR0lwRUZpYUhzZnAyX0s5WVFsTDRKUl80WkNBQVFLSkl1dzByNjZNSWNzaEROWlBGWmJRV2JUSlJacTVZTjhLdXZycDVLa1ZpUUttVF9HQXBxTnhPU1RweDk5bGxHNTBTVXl2T3g1elNhRzBtQ1FPU3hvMlh3c1lZSDdz?oc=5"" target=""_blank"">Popular supermarket ‘better than Walmart’ to open new location in 2026</a>&nbsp;&nbsp;<font color=""#6f6f6f"">the-sun.com</font>"
Macy's,Harsimranjeet Singh Ghelani,Closing,These 14 Macy’s stores are closing next: Is yours one of them? - MSN,https://news.google.com/rss/articles/CBMi0gFBVV95cUxQb0lYSWdYT1JOOVB2ZWNzcnpoTkh0VkoycjRKOEdIdGU2MXM2V0l2aHIxSUsxZGtxSW12YnBTd3pOOUV6cUpfbE9sMlJ5Zkd5aUtiUGRHeE5PYlRHOWhUNll4OFpDczN3aC1NWUpLR1A0cDh4WW1hRkFsdVZnSjRBTG9oYkhhNjRjM3RSMk00MjNqTGltUjhvUHhrUUFjcFZHOWZOWUw1UXlzUWNuWTVhUy1PNkVkaExjTV9EVHdNbnFHcFRoWTMwYWNhbjlZUnBacGc?oc=5,"Tue, 24 Feb 2026 02:55:31 GMT","<a href=""https://news.google.com/rss/articles/CBMi0gFBVV95cUxQb0lYSWdYT1JOOVB2ZWNzcnpoTkh0VkoycjRKOEdIdGU2MXM2V0l2aHIxSUsxZGtxSW12YnBTd3pOOUV6cUpfbE9sMlJ5Zkd5aUtiUGRHeE5PYlRHOWhUNll4OFpDczN3aC1NWUpLR1A0cDh4WW1hRkFsdVZnSjRBTG9oYkhhNjRjM3RSMk00MjNqTGltUjhvUHhrUUFjcFZHOWZOWUw1UXlzUWNuWTVhUy1PNkVkaExjTV9EVHdNbnFHcFRoWTMwYWNhbjlZUnBacGc?oc=5"" target=""_blank"">These 14 Macy’s stores are closing next: Is yours one of them?</a>&nbsp;&nbsp;<font color=""#6f6f6f"">MSN</font>"
Saks Fifth Avenue,Harsimranjeet Singh Ghelani,Closing,"Saks Fifth Avenue Closing PA Locations, Hundreds Of Workers Impacted - AOL.com",https://news.google.com/rss/articles/CBMid0FVX3lxTFA1ckZhUEpEdUtyWTh6bFQtYV9oenZfRFF3b0h6a1ItYTRRc1lUcTlXbTdJSGh3X01Cb2Q4NHNCWU8wSDdVcWQ4a3BWV01wREpZMGhhenRCQk5tZzFqSnhMSm5TM25KT3JZMEZYUzhPSGh0UUNZRGlJ?oc=5,"Tue, 24 Feb 2026 04:34:38 GMT","<a href=""https://news.google.com/rss/articles/CBMid0FVX3lxTFA1ckZhUEpEdUtyWTh6bFQtYV9oenZfRFF3b0h6a1ItYTRRc1lUcTlXbTdJSGh3X01Cb2Q4NHNCWU8wSDdVcWQ4a3BWV01wREpZMGhhenRCQk5tZzFqSnhMSm5TM25KT3JZMEZYUzhPSGh0UUNZRGlJ?oc=5"" target=""_blank"">Saks Fifth Avenue Closing PA Locations, Hundreds Of Workers Impacted</a>&nbsp;&nbsp;<font color=""#6f6f6f"">AOL.com</font>"
Saks Fifth Avenue,Harsimranjeet Singh Ghelani,Closing,Canal Place faces high-stakes reset as owner awaits closure of anchor Saks Fifth Avenue - NOLA.com,https://news.google.com/rss/articles/CBMizAFBVV95cUxPcHFhRFBvc2RMaENybTRDSnhxSmxJd0Z0WnltOEhnZno0NGNvRkNFa2pla2pOakcxZ0ktUDd5cWhYa215U2M5TlM4c0ZKNGVKdzZ1eVlVZjRQRmhrejhFazFQMGUwSUZ6dXQwLS1ZZHFFcFZIN0UwbU1FNUcyV1BKcU1YT1YxbWZaWkczOGtFX0JaaDVUdmwtZlNTMnhpTmtrNjJpTEFqd3hHZXRBY3d5RWF5TXdKa19wQ3FEckF0b00xLUsyVG9fbFhmaHXSAdIBQVVfeXFMUFoxYzQ1YkRzbjI1aFJvS3RVdDJfNnFOUzliYjF3MjNKcElmY1JfYzRFUnV5ZUpkZWFHc3RVelI3Ykw4S2Y1Y0dHUzdWWU1HZTcwVzZheUxtZndfa0JQSnNtbGlFZ1pYWnQtWUZ2X3czb0VYODlJZTVZNXA4SHVQakxVX25oZkVEWE9uYXB2RHZPczJ5SXFxMm1sYVlpcXZ6Wk5BRzdRUHpLUjlZM3Zka01CVmd4SUMzU3ByX1RsUm5NZVdIRVRwVjFOZmNZMnpYTnRn?oc=5,"Sun, 22 Feb 2026 10:00:00 GMT","<a href=""https://news.google.com/rss/articles/CBMizAFBVV95cUxPcHFhRFBvc2RMaENybTRDSnhxSmxJd0Z0WnltOEhnZno0NGNvRkNFa2pla2pOakcxZ0ktUDd5cWhYa215U2M5TlM4c0ZKNGVKdzZ1eVlVZjRQRmhrejhFazFQMGUwSUZ6dXQwLS1ZZHFFcFZIN0UwbU1FNUcyV1BKcU1YT1YxbWZaWkczOGtFX0JaaDVUdmwtZlNTMnhpTmtrNjJpTEFqd3hHZXRBY3d5RWF5TXdKa19wQ3FEckF0b00xLUsyVG9fbFhmaHXSAdIBQVVfeXFMUFoxYzQ1YkRzbjI1aFJvS3RVdDJfNnFOUzliYjF3MjNKcElmY1JfYzRFUnV5ZUpkZWFHc3RVelI3Ykw4S2Y1Y0dHUzdWWU1HZTcwVzZheUxtZndfa0JQSnNtbGlFZ1pYWnQtWUZ2X3czb0VYODlJZTVZNXA4SHVQakxVX25oZkVEWE9uYXB2RHZPczJ5SXFxMm1sYVlpcXZ6Wk5BRzdRUHpLUjlZM3Zka01CVmd4SUMzU3ByX1RsUm5NZVdIRVRwVjFOZmNZMnpYTnRn?oc=5"" target=""_blank"">Canal Place faces high-stakes reset as owner awaits closure of anchor Saks Fifth Avenue</a>&nbsp;&nbsp;<font color=""#6f6f6f"">NOLA.com</font>"
Saks Fifth Avenue,Harsimranjeet Singh Ghelani,Closing,"Saks Fifth Avenue Closing PA Locations, Hundreds Of Workers Impacted - dailyvoice.com",https://news.google.com/rss/articles/CBMingFBVV95cUxPTXB1RUFIUmR2ZlBhdGRxbjNJVlZsNXFaYXc2WjlLcVV6cFpRdTJadnFndGM1ODNtYTEwY2lETmxUZ080UEdVbEE1Z0VIcWJwUENOQTZ5MS16Yjl4SXA5ZlFPS1Ftc2ZpZVNxckplSXo3dV9TN25VQjNvNldoMG5meDBENG4tOFBuTGU3cFNXLWhLNlphb2ttcjRKWnpCdw?oc=5,"Mon, 23 Feb 2026 17:58:49 GMT","<a href=""https://news.google.com/rss/articles/CBMingFBVV95cUxPTXB1RUFIUmR2ZlBhdGRxbjNJVlZsNXFaYXc2WjlLcVV6cFpRdTJadnFndGM1ODNtYTEwY2lETmxUZ080UEdVbEE1Z0VIcWJwUENOQTZ5MS16Yjl4SXA5ZlFPS1Ftc2ZpZVNxckplSXo3dV9TN25VQjNvNldoMG5meDBENG4tOFBuTGU3cFNXLWhLNlphb2ttcjRKWnpCdw?oc=5"" target=""_blank"">Saks Fifth Avenue Closing PA Locations, Hundreds Of Workers Impacted</a>&nbsp;&nbsp;<font color=""#6f6f6f"">dailyvoice.com</font>"
Saks Fifth Avenue,Harsimranjeet Singh Ghelani,Closing,"Saks Secures $1 Billion Bankruptcy Lifeline, but These Stores Are Still Closing - inc.com",https://news.google.com/rss/articles/CBMiuwFBVV95cUxPNjBKVTEyREYwTXR0Sk8yQUZjZTV2SDNtLUpFc1VXc0VST3g5T0FXYTl3bnUzXzZtODJWQVZ0RGZNUV8zLTdIMXZSZ0hzSU5LREh5Qnp5R3Bkd1ZaZmVFWlo5VHljQ2NZc0dXWGY1clNIWm1DSUo5eGJqTWk3V1U4dkprWmtlVWliSW80ZTZGSmZsNmpjUE83OWQtcXFmSV9GZUN6OEZvMFdNa0FTRWJXNHJ0ay0zaFY4U2ww?oc=5,"Mon, 23 Feb 2026 07:42:23 GMT","<a href=""https://news.google.com/rss/articles/CBMiuwFBVV95cUxPNjBKVTEyREYwTXR0Sk8yQUZjZTV2SDNtLUpFc1VXc0VST3g5T0FXYTl3bnUzXzZtODJWQVZ0RGZNUV8zLTdIMXZSZ0hzSU5LREh5Qnp5R3Bkd1ZaZmVFWlo5VHljQ2NZc0dXWGY1clNIWm1DSUo5eGJqTWk3V1U4dkprWmtlVWliSW80ZTZGSmZsNmpjUE83OWQtcXFmSV9GZUN6OEZvMFdNa0FTRWJXNHJ0ay0zaFY4U2ww?oc=5"" target=""_blank"">Saks Secures $1 Billion Bankruptcy Lifeline, but These Stores Are Still Closing</a>&nbsp;&nbsp;<font color=""#6f6f6f"">inc.com</font>"
ARCO,Harsimranjeet Singh Ghelani,Closing,In pictures: The closing ceremony of the 2026 Winter Olympics - CNN,https://news.google.com/rss/articles/CBMilAFBVV95cUxNMjVpaGNuaFhDN2xiQlgzVFE2d3E0cHpmdVF1X3Y0QWo5cV9RRHpUSXIxYTZMR1BvdlM3SjlPVC1zNkpOajhqVkpxMnNMdWxvQ1AzV2pWaE93Ti1EamxQXzBVeWh3ckVGSU15aWhWX1c4THY0a2V2bGdzMTBRaURiMDRyRGw4QzFJTmxacm1JOU5TOWs0?oc=5,"Sun, 22 Feb 2026 22:27:00 GMT","<a href=""https://news.google.com/rss/articles/CBMilAFBVV95cUxNMjVpaGNuaFhDN2xiQlgzVFE2d3E0cHpmdVF1X3Y0QWo5cV9RRHpUSXIxYTZMR1BvdlM3SjlPVC1zNkpOajhqVkpxMnNMdWxvQ1AzV2pWaE93Ti1EamxQXzBVeWh3ckVGSU15aWhWX1c4THY0a2V2bGdzMTBRaURiMDRyRGw4QzFJTmxacm1JOU5TOWs0?oc=5"" target=""_blank"">In pictures: The closing ceremony of the 2026 Winter Olympics</a>&nbsp;&nbsp;<font color=""#6f6f6f"">CNN</font>"
ARCO,Harsimranjeet Singh Ghelani,Closing,2026 Winter Games close with celebration of athletes' feats in northern Italy - The Korea Times,https://news.google.com/rss/articles/CBMiwwFBVV95cUxNR21UZlA0dTFLVDFfRVJwc0VyX3h6VWxOSVM5dkxVbVZmcVRGRHhKLVBFQ2JmMkEyU0J3LXV2S2JsV1JhbUxHT25GVzFGTXBzcG11X1JtaXRzVXQ0R1VjZlV3d0g0ZGMxemlyYlEwT1J1NFdKbTF4cER4cmxlUlB3UjU5eVhrRkk1LW96V0xnNy16Y2ItNlBvOGtROVpLa2JIZy11T2dEMzVFQmVOdjRYYk9KV0pTR09QZmRxWDdoRnBLUknSAcMBQVVfeXFMTUdtVGZQNHUxS1QxX0VScHNFcl94elVsTklTOXZMVW1WZnFURkR4Si1QRUNiZjJBMlNCdy11dktibFdSYW1MR09uRlcxRk1wc3BtdV9SbWl0c1V0NEdVY2ZVd3dINGRjMXppcmJRME9SdTRXSm0xeHBEeHJsZVJQd1I1OXlYa0ZJNS1veldMZzctemNiLTZQbzhrUTlaS2tiSGctdU9nRDM1RUJlTnY0WGJPSldKU0dPUGZkcVg3aEZwS1JJ?oc=5,"Sun, 22 Feb 2026 22:23:00 GMT","<a href=""https://news.google.com/rss/articles/CBMiwwFBVV95cUxNR21UZlA0dTFLVDFfRVJwc0VyX3h6VWxOSVM5dkxVbVZmcVRGRHhKLVBFQ2JmMkEyU0J3LXV2S2JsV1JhbUxHT25GVzFGTXBzcG11X1JtaXRzVXQ0R1VjZlV3d0g0ZGMxemlyYlEwT1J1NFdKbTF4cER4cmxlUlB3UjU5eVhrRkk1LW96V0xnNy16Y2ItNlBvOGtROVpLa2JIZy11T2dEMzVFQmVOdjRYYk9KV0pTR09QZmRxWDdoRnBLUknSAcMBQVVfeXFMTUdtVGZQNHUxS1QxX0VScHNFcl94elVsTklTOXZMVW1WZnFURkR4Si1QRUNiZjJBMlNCdy11dktibFdSYW1MR09uRlcxRk1wc3BtdV9SbWl0c1V0NEdVY2ZVd3dINGRjMXppcmJRME9SdTRXSm0xeHBEeHJsZVJQd1I1OXlYa0ZJNS1veldMZzctemNiLTZQbzhrUTlaS2tiSGctdU9nRDM1RUJlTnY0WGJPSldKU0dPUGZkcVg3aEZwS1JJ?oc=5"" target=""_blank"">2026 Winter Games close with celebration of athletes' feats in northern Italy</a>&nbsp;&nbsp;<font color=""#6f6f6f"">The Korea Times</font>"
ARCO,Harsimranjeet Singh Ghelani,Closing,Everyone Performing at the 2026 Winter Olympics Closing Ceremony - NBC,https://news.google.com/rss/articles/CBMilAFBVV95cUxNOFAtbFFHLXhVSTBwQ3pydzdscVVRWlNscS11aTduRDlqV2F4NUZxSFl1b0RkUHE3d1ZtZUhheHA5YlpWVjAwN3J6OHdUYXhOUW1ZbUxHNjlTcnJ1Q0puWkt1UjNiU2g1NnFyd3VlMXNlc01DOEVnZDRvUDJrb0lGLXdFa3hqNUJ2Q19DOVoxQ2V2Ynh3?oc=5,"Sun, 22 Feb 2026 20:52:00 GMT","<a href=""https://news.google.com/rss/articles/CBMilAFBVV95cUxNOFAtbFFHLXhVSTBwQ3pydzdscVVRWlNscS11aTduRDlqV2F4NUZxSFl1b0RkUHE3d1ZtZUhheHA5YlpWVjAwN3J6OHdUYXhOUW1ZbUxHNjlTcnJ1Q0puWkt1UjNiU2g1NnFyd3VlMXNlc01DOEVnZDRvUDJrb0lGLXdFa3hqNUJ2Q19DOVoxQ2V2Ynh3?oc=5"" target=""_blank"">Everyone Performing at the 2026 Winter Olympics Closing Ceremony</a>&nbsp;&nbsp;<font color=""#6f6f6f"">NBC</font>"
ARCO,Harsimranjeet Singh Ghelani,Closing,"Sport system under funding strain showed in Winter Olympics, says COC chief - The Globe and Mail",https://news.google.com/rss/articles/CBMiwwFBVV95cUxOd1oyOWF6VFZZRy1MQllIOU5qdHhHQS1EOVhWd2ZwZWdPOEtCbDdLSFBpQUJOTWNadnZSN1FGTGs0ckdMVzEycUM5Um1NdThYMG1MbjcyTmhfV2ZmUEVDZG82YU51VkZYVlpDakxYLTRMQi13cmpDSFFsM3NrYktuZ1hQVllSNjVfMUZzU2VHblBTTG9YeXhGdlZlR0J5S3lWYW1XTGJtNXkya25ZLWxaX3FNaEc4YnYxdG5NZU5pYkNjaE0?oc=5,"Sun, 22 Feb 2026 19:53:01 GMT","<a href=""https://news.google.com/rss/articles/CBMiwwFBVV95cUxOd1oyOWF6VFZZRy1MQllIOU5qdHhHQS1EOVhWd2ZwZWdPOEtCbDdLSFBpQUJOTWNadnZSN1FGTGs0ckdMVzEycUM5Um1NdThYMG1MbjcyTmhfV2ZmUEVDZG82YU51VkZYVlpDakxYLTRMQi13cmpDSFFsM3NrYktuZ1hQVllSNjVfMUZzU2VHblBTTG9YeXhGdlZlR0J5S3lWYW1XTGJtNXkya25ZLWxaX3FNaEc4YnYxdG5NZU5pYkNjaE0?oc=5"" target=""_blank"">Sport system under funding strain showed in Winter Olympics, says COC chief</a>&nbsp;&nbsp;<font color=""#6f6f6f"">The Globe and Mail</font>"
ARCO,Harsimranjeet Singh Ghelani,Closing,The Latest: Winter Olympics closing day: US wins gold in men’s hockey final against Canada - 巴士的報,https://news.google.com/rss/articles/CBMi0wFBVV95cUxNbUxFcVZGdjFhVEIxV2lCZTFwM25MVFBoX1E2Y1JQV0lBSHhTN2o3bHBBRVRMekN5Z3ZqVThSdGlkM2poakdJclptd0NTcVN2ZTduQVB2dmpPM29ocG9VdkZ0d1huNkMyNG9xYk1aQllFODRHakhyZk1CMl95Y2tuSlpYOS1KTE5wd3VYVzBacDU3N1VQNXBtT1Y1MnRHYzBwd1FiMmlSQmNZdVhrcWViLUpjWTNNVUpEWExZNnZrb2s2WkNvbVFIU1FpZS03Q19rekZ3?oc=5,"Sun, 22 Feb 2026 14:20:22 GMT","<a href=""https://news.google.com/rss/articles/CBMi0wFBVV95cUxNbUxFcVZGdjFhVEIxV2lCZTFwM25MVFBoX1E2Y1JQV0lBSHhTN2o3bHBBRVRMekN5Z3ZqVThSdGlkM2poakdJclptd0NTcVN2ZTduQVB2dmpPM29ocG9VdkZ0d1huNkMyNG9xYk1aQllFODRHakhyZk1CMl95Y2tuSlpYOS1KTE5wd3VYVzBacDU3N1VQNXBtT1Y1MnRHYzBwd1FiMmlSQmNZdVhrcWViLUpjWTNNVUpEWExZNnZrb2s2WkNvbVFIU1FpZS03Q19rekZ3?oc=5"" target=""_blank"">The Latest: Winter Olympics closing day: US wins gold in men’s hockey final against Canada</a>&nbsp;&nbsp;<font color=""#6f6f6f"">巴士的報</font>"
ARCO,Harsimranjeet Singh Ghelani,Closing,Photos: Milan-Cortina Winter Olympic Games Closing Ceremonies - WSOC TV,https://news.google.com/rss/articles/CBMijgFBVV95cUxQLUQ1eDhXYUEzN21oRWxBQUFjajFnbklPOFdETnJPZnE5UmdLQnd3MzFLb0hfRlA0eEdDb2FGeEFpd2Fya1ducGJCZTROSTFheWdpSTdyQk40UVc2UG1qS3NwRXR4UlpYSEFjRVZlM3hocjJKbVF1aWZZenk3SktJRjdpeWVOV2YzYUNBZFF3?oc=5,"Mon, 23 Feb 2026 12:40:23 GMT","<a href=""https://news.google.com/rss/articles/CBMijgFBVV95cUxQLUQ1eDhXYUEzN21oRWxBQUFjajFnbklPOFdETnJPZnE5UmdLQnd3MzFLb0hfRlA0eEdDb2FGeEFpd2Fya1ducGJCZTROSTFheWdpSTdyQk40UVc2UG1qS3NwRXR4UlpYSEFjRVZlM3hocjJKbVF1aWZZenk3SktJRjdpeWVOV2YzYUNBZFF3?oc=5"" target=""_blank"">Photos: Milan-Cortina Winter Olympic Games Closing Ceremonies</a>&nbsp;&nbsp;<font color=""#6f6f6f"">WSOC TV</font>"
ARCO,Harsimranjeet Singh Ghelani,Closing,Milan-Cortina Winter Games bow out in style as Italy sets standard | Daily Sabah - Daily Sabah,https://news.google.com/rss/articles/CBMirgFBVV95cUxPYUpaWDdoQmhIcWFNSE8wVkdjSzZKeHRoeV82dE1nbXM4VkEzZktnSWdYYUViRWh3MF9ydWpabXowQ19RbC1YQ3I1R0EzbUs1YWc0dml2RkdKTDN1Q2k4dlNLTGplZGNMdWYyWVY3dDY2TVM0cndxQUxHQ1d0bWpHcFZCdThfdV95M3J4N0owakd0MlQ2dDhZODRvTU9rWUJJQ0JFbVE1OUxqdkJtZlHSAa4BQVVfeXFMT2FKWlg3aEJoSHFhTUhPMFZHY0s2Snh0aHlfNnRNZ21zOFZBM2ZLZ0lnWGFFYkVodzBfcnVqWm16MENfUWwtWENyNUdBM21LNWFnNHZpdkZHSkwzdUNpOHZTS0xqZWRjTHVmMllWN3Q2Nk1TNHJ3cUFMR0NXdG1qR3BWQnU4X3VfeTNyeDdKMGpHdDJUNnQ4WTg0b01Pa1lCSUNCRW1RNTlManZCbWZR?oc=5,"Mon, 23 Feb 2026 07:21:00 GMT","<a href=""https://news.google.com/rss/articles/CBMirgFBVV95cUxPYUpaWDdoQmhIcWFNSE8wVkdjSzZKeHRoeV82dE1nbXM4VkEzZktnSWdYYUViRWh3MF9ydWpabXowQ19RbC1YQ3I1R0EzbUs1YWc0dml2RkdKTDN1Q2k4dlNLTGplZGNMdWYyWVY3dDY2TVM0cndxQUxHQ1d0bWpHcFZCdThfdV95M3J4N0owakd0MlQ2dDhZODRvTU9rWUJJQ0JFbVE1OUxqdkJtZlHSAa4BQVVfeXFMT2FKWlg3aEJoSHFhTUhPMFZHY0s2Snh0aHlfNnRNZ21zOFZBM2ZLZ0lnWGFFYkVodzBfcnVqWm16MENfUWwtWENyNUdBM21LNWFnNHZpdkZHSkwzdUNpOHZTS0xqZWRjTHVmMllWN3Q2Nk1TNHJ3cUFMR0NXdG1qR3BWQnU4X3VfeTNyeDdKMGpHdDJUNnQ4WTg0b01Pa1lCSUNCRW1RNTlManZCbWZR?oc=5"" target=""_blank"">Milan-Cortina Winter Games bow out in style as Italy sets standard | Daily Sabah</a>&nbsp;&nbsp;<font color=""#6f6f6f"">Daily Sabah</font>"
ARCO,Harsimranjeet Singh Ghelani,Closing,The Latest: Winter Olympics closing day: US wins gold in men’s hockey final against Canada - Times Union,https://news.google.com/rss/articles/CBMingFBVV95cUxOTDZncmNsVzlDZ05EdlpLWmM4anJkT2pXbWplcDJodUtaZkVVZ19QWGhZN1dWbjBPQzd6Z18ySUpxdy1GYzBKNG14bHFfdkNOS1JfQkQtUEhXN0RMQ0htdVhiamMwRHY5ZXBrMUMxaENXREdLNXpHNWNUT1RYbDlyYWtSNEkxTkZmWFBUNWQ2TFFTcXhvLTk2RUhZTlRBUQ?oc=5,"Mon, 23 Feb 2026 01:44:17 GMT","<a href=""https://news.google.com/rss/articles/CBMingFBVV95cUxOTDZncmNsVzlDZ05EdlpLWmM4anJkT2pXbWplcDJodUtaZkVVZ19QWGhZN1dWbjBPQzd6Z18ySUpxdy1GYzBKNG14bHFfdkNOS1JfQkQtUEhXN0RMQ0htdVhiamMwRHY5ZXBrMUMxaENXREdLNXpHNWNUT1RYbDlyYWtSNEkxTkZmWFBUNWQ2TFFTcXhvLTk2RUhZTlRBUQ?oc=5"" target=""_blank"">The Latest: Winter Olympics closing day: US wins gold in men’s hockey final against Canada</a>&nbsp;&nbsp;<font color=""#6f6f6f"">Times Union</font>"
El Super,Kashish Kasar,Closing,School (and other) closures for Feb. 22 and 23 - Hoy en Delaware,https://news.google.com/rss/articles/CBMiY0FVX3lxTE40aHEySlIyWTY5cXJfX2Q0VWJ1alJ5NlJaLUlsXzVHcEkwQi1ENS1TWlF5UGRFZ1J6REJxWGtQNGZUdVFkOHNDSGxNb0E5OW9wRkw3dlhIcUc4NlNWSFA2ajBXWQ?oc=5,"Sun, 22 Feb 2026 17:25:23 GMT","<a href=""https://news.google.com/rss/articles/CBMiY0FVX3lxTE40aHEySlIyWTY5cXJfX2Q0VWJ1alJ5NlJaLUlsXzVHcEkwQi1ENS1TWlF5UGRFZ1J6REJxWGtQNGZUdVFkOHNDSGxNb0E5OW9wRkw3dlhIcUc4NlNWSFA2ajBXWQ?oc=5"" target=""_blank"">School (and other) closures for Feb. 22 and 23</a>&nbsp;&nbsp;<font color=""#6f6f6f"">Hoy en Delaware</font>"
El Super,Kashish Kasar,Closing,School (and other) closures for Feb. 24 - Hoy en Delaware,https://news.google.com/rss/articles/CBMicEFVX3lxTE9HXzYzNC03d3d0VUVOWThRR1E2RkNUZkM5WlhRbElSQ2hxRGJXSlE0ZzAzdV9HWC1xbmpEMk9jNGFvRkdhb18ycUlwdHprajdLd0pVdWZxbEEtbjVJRE9JbXhWTUNQZnZDWW5RV2I4azg?oc=5,"Mon, 23 Feb 2026 21:34:38 GMT","<a href=""https://news.google.com/rss/articles/CBMicEFVX3lxTE9HXzYzNC03d3d0VUVOWThRR1E2RkNUZkM5WlhRbElSQ2hxRGJXSlE0ZzAzdV9HWC1xbmpEMk9jNGFvRkdhb18ycUlwdHprajdLd0pVdWZxbEEtbjVJRE9JbXhWTUNQZnZDWW5RV2I4azg?oc=5"" target=""_blank"">School (and other) closures for Feb. 24</a>&nbsp;&nbsp;<font color=""#6f6f6f"">Hoy en Delaware</font>"
Food Lion,Kashish Kasar,Closing,"Delhaize To Close Food Lion, Bloom Stores, Cut Almost 5,000 Jobs In U.S. - AOL.com",https://news.google.com/rss/articles/CBMifkFVX3lxTE9pZm9VeS0teWJwaUFITEMtemZPMkc1b2VZQlgyRVBhdVRHQ2ZOTzQ3a19oRF91TkRrZ2p0dUhVazR5bW9JRDlMZk04RUw5MUZ6S1UwT2JRa2RFcGtyMzBWSXBFMURQZUw0X01aRjhYSjBDc3AwRWU0VkpTdXNGUQ?oc=5,"Sun, 22 Feb 2026 00:09:38 GMT","<a href=""https://news.google.com/rss/articles/CBMifkFVX3lxTE9pZm9VeS0teWJwaUFITEMtemZPMkc1b2VZQlgyRVBhdVRHQ2ZOTzQ3a19oRF91TkRrZ2p0dUhVazR5bW9JRDlMZk04RUw5MUZ6S1UwT2JRa2RFcGtyMzBWSXBFMURQZUw0X01aRjhYSjBDc3AwRWU0VkpTdXNGUQ?oc=5"" target=""_blank"">Delhaize To Close Food Lion, Bloom Stores, Cut Almost 5,000 Jobs In U.S.</a>&nbsp;&nbsp;<font color=""#6f6f6f"">AOL.com</font>"
Kroger,Moksh Kashyap,Closing,Kroger closing Little Clinic location in Miami County - WHIO TV,https://news.google.com/rss/articles/CBMitAFBVV95cUxNZG5HQWhqNzk0MEZVUk95QnU3X01yOXFSZUxQYlFrTEYxcFFLbkNsMGZWX3RMWDUyekdLTml6SHFGRV9uX0pDSE1hWU1RNmxJbEFrZmxNWm11OWd3ZHpzTlI0VWg3WUZsdS1Bb1JrOHhScE9hYl9ySzhtV1pvVVJYVTFHNk90V0xGbkpGX3NoUWJEZVNsa1p4RlRMR0lmUjk2YTJjTlN6ZzFJWi1TWDhiU1ZQUm4?oc=5,"Sun, 22 Feb 2026 05:55:46 GMT","<a href=""https://news.google.com/rss/articles/CBMitAFBVV95cUxNZG5HQWhqNzk0MEZVUk95QnU3X01yOXFSZUxQYlFrTEYxcFFLbkNsMGZWX3RMWDUyekdLTml6SHFGRV9uX0pDSE1hWU1RNmxJbEFrZmxNWm11OWd3ZHpzTlI0VWg3WUZsdS1Bb1JrOHhScE9hYl9ySzhtV1pvVVJYVTFHNk90V0xGbkpGX3NoUWJEZVNsa1p4RlRMR0lmUjk2YTJjTlN6ZzFJWi1TWDhiU1ZQUm4?oc=5"" target=""_blank"">Kroger closing Little Clinic location in Miami County</a>&nbsp;&nbsp;<font color=""#6f6f6f"">WHIO TV</font>"
Kroger,Moksh Kashyap,Closing,Kroger closing Little Clinic location in Miami County - WHIO TV,https://news.google.com/rss/articles/CBMirwFBVV95cUxQSUJDLUlLY0VkM0lzTVNXYWRYRG5GdVVTdWhoNlVvTFltS1A1YzNBeWpGckFLWHlSdUp3WjFVcUl3TVFwU1pMa19hUldlUGNnZmkzTy1tdHY1MlFvMVViQ19ZbmlsT0xrbWlBRlRhY0huQTNGUHJvS2ZfUm5HQW1WWUdmdUY5QXh0MEdJcUZ6X21FWTluMS1RYVpIVXRBM1N6OUExam1CSGxkVXdHT2t30gHDAUFVX3lxTE9FNEVXQWR6cE9NV1RiLTI1TEgwNWJXYjZmXzFnLXc1TEhHOXI0YlhRSlkyb2pyNDNKeHB0Y0ZGZWM1QjNoX2VVaVF1MmFJMjNhZlhDeW9ZV1Q4bC01aEdzQUUzUlJDdjRHUWlTWk92RDNqNjloTUpvS0J1a2xVMTRqeE5BdDZSb1FRX0xYRTZlRllfRDRUeHVrb0FoX2dsUC01X2cxX2x6SEItc2ZkMmNKc2U3YTN1ZlViVUE2bUlDRVVoOA?oc=5,"Sun, 22 Feb 2026 02:03:00 GMT","<a href=""https://news.google.com/rss/articles/CBMirwFBVV95cUxQSUJDLUlLY0VkM0lzTVNXYWRYRG5GdVVTdWhoNlVvTFltS1A1YzNBeWpGckFLWHlSdUp3WjFVcUl3TVFwU1pMa19hUldlUGNnZmkzTy1tdHY1MlFvMVViQ19ZbmlsT0xrbWlBRlRhY0huQTNGUHJvS2ZfUm5HQW1WWUdmdUY5QXh0MEdJcUZ6X21FWTluMS1RYVpIVXRBM1N6OUExam1CSGxkVXdHT2t30gHDAUFVX3lxTE9FNEVXQWR6cE9NV1RiLTI1TEgwNWJXYjZmXzFnLXc1TEhHOXI0YlhRSlkyb2pyNDNKeHB0Y0ZGZWM1QjNoX2VVaVF1MmFJMjNhZlhDeW9ZV1Q4bC01aEdzQUUzUlJDdjRHUWlTWk92RDNqNjloTUpvS0J1a2xVMTRqeE5BdDZSb1FRX0xYRTZlRllfRDRUeHVrb0FoX2dsUC01X2cxX2x6SEItc2ZkMmNKc2U3YTN1ZlViVUE2bUlDRVVoOA?oc=5"" target=""_blank"">Kroger closing Little Clinic location in Miami County</a>&nbsp;&nbsp;<font color=""#6f6f6f"">WHIO TV</font>"
Kroger,Moksh Kashyap,Closing,Goodbye Kroger—the company is closing stores in Houston and Spring as part of a 60-store shutdown plan across the U.S. - El Adelantado,https://news.google.com/rss/articles/CBMicEFVX3lxTFB5TGdKRURXRGNVUF9vNDZrUG82OF8yUFpfUW1nR2lUdGdjTjIybVF6VVlIeDY5b2VQanNReDNNbmJWNVRoLUlpcW0tamZ0OS1OYjlrdU9WTEV6NFN2aVJ2ZFZnTEd6a0pjLW5yNzdpNjc?oc=5,"Mon, 23 Feb 2026 11:30:45 GMT","<a href=""https://news.google.com/rss/articles/CBMicEFVX3lxTFB5TGdKRURXRGNVUF9vNDZrUG82OF8yUFpfUW1nR2lUdGdjTjIybVF6VVlIeDY5b2VQanNReDNNbmJWNVRoLUlpcW0tamZ0OS1OYjlrdU9WTEV6NFN2aVJ2ZFZnTEd6a0pjLW5yNzdpNjc?oc=5"" target=""_blank"">Goodbye Kroger—the company is closing stores in Houston and Spring as part of a 60-store shutdown plan across the U.S.</a>&nbsp;&nbsp;<font color=""#6f6f6f"">El Adelantado</font>"
Market Basket,Moksh Kashyap,Closing,"The grocery chain took to social media and said, “Due to the severe weather today, and for the safety of our associates and customers, the majority of Market Basket stores will be closing at noon.” - facebook.com",https://news.google.com/rss/articles/CBMi2gFBVV95cUxOZFIxMkpMMXRmS1huSHRDd3JIRjcxVTZUUVFQa21OaU9HRE50cVF5WHR4eGI0MFZsblFyZmRzbmNCMGRZbUpCRTRRc1VQV0xIdjd6V1lNNkF0ZEdSMEc4SGQ3TUcxaXlhNkVScjRYcURUc1BZUjM2cmJ6S1BIakJXV1pOUzNPS0VKMDdCcUw1RGtfcE13TFppVmRrN3laYkk4OFhvekpCVXpNVkZiSHo2NVhMbWg4dThIbHl3ZDlLR3h4akJPT1U3YkVpRUJXVnFRTWdUZUVVSGlTUQ?oc=5,"Tue, 24 Feb 2026 06:05:14 GMT","<a href=""https://news.google.com/rss/articles/CBMi2gFBVV95cUxOZFIxMkpMMXRmS1huSHRDd3JIRjcxVTZUUVFQa21OaU9HRE50cVF5WHR4eGI0MFZsblFyZmRzbmNCMGRZbUpCRTRRc1VQV0xIdjd6V1lNNkF0ZEdSMEc4SGQ3TUcxaXlhNkVScjRYcURUc1BZUjM2cmJ6S1BIakJXV1pOUzNPS0VKMDdCcUw1RGtfcE13TFppVmRrN3laYkk4OFhvekpCVXpNVkZiSHo2NVhMbWg4dThIbHl3ZDlLR3h4akJPT1U3YkVpRUJXVnFRTWdUZUVVSGlTUQ?oc=5"" target=""_blank"">The grocery chain took to social media and said, “Due to the severe weather today, and for the safety of our associates and customers, the majority of Market Basket stores will be closing at noon.”</a>&nbsp;&nbsp;<font color=""#6f6f6f"">facebook.com</font>"
Market Basket,Moksh Kashyap,Closing,Some Market Basket stores in New Hampshire close early amid nor'easter - WMUR,https://news.google.com/rss/articles/CBMijgFBVV95cUxQOWZ5Y1c4REhmZ093WWN0SkpiSjZvNThoQXprWGViOVdIcDF4eHVaQWZLbUEtRHJjRkVJank4Ty1ZUllCa0p2eUtfdk56UjdzbXo4Y0pHempfc2ZLY2Q4VFNqWmZkNjlUeVpZVXFHSWV4SGR1OENONkNLOXhmdHpBMWVHUkEycDVISlBnVVNR?oc=5,"Mon, 23 Feb 2026 18:27:00 GMT","<a href=""https://news.google.com/rss/articles/CBMijgFBVV95cUxQOWZ5Y1c4REhmZ093WWN0SkpiSjZvNThoQXprWGViOVdIcDF4eHVaQWZLbUEtRHJjRkVJank4Ty1ZUllCa0p2eUtfdk56UjdzbXo4Y0pHempfc2ZLY2Q4VFNqWmZkNjlUeVpZVXFHSWV4SGR1OENONkNLOXhmdHpBMWVHUkEycDVISlBnVVNR?oc=5"" target=""_blank"">Some Market Basket stores in New Hampshire close early amid nor'easter</a>&nbsp;&nbsp;<font color=""#6f6f6f"">WMUR</font>"
Market Basket,Moksh Kashyap,Closing,Market Basket stores in Mass. close early Monday due to the blizzard - Boston.com,https://news.google.com/rss/articles/CBMiugFBVV95cUxOVldZR3JsM1dsUW5lZ1g5cG9uc3FweDlHQlNLVkdWN2Rvb20wV2VRZWYxdGpDdXNqNE9vY3ZJX2s3N21zVzFZeUJZOHVtbjdtRlZlUjlvQWlVeVlSVjdDOTdDSG5sSFlJOTlRWDhrQndFcXFxeEJiUzJrN01UbUpVWXQ1aTdxQnZnQmhYYWQ5Yml6N0JQQkVPeGluSzI2REF6OHRfQUYzOFRYLXJxZWRmQ0tYTW1abWlQbnc?oc=5,"Mon, 23 Feb 2026 18:00:00 GMT","<a href=""https://news.google.com/rss/articles/CBMiugFBVV95cUxOVldZR3JsM1dsUW5lZ1g5cG9uc3FweDlHQlNLVkdWN2Rvb20wV2VRZWYxdGpDdXNqNE9vY3ZJX2s3N21zVzFZeUJZOHVtbjdtRlZlUjlvQWlVeVlSVjdDOTdDSG5sSFlJOTlRWDhrQndFcXFxeEJiUzJrN01UbUpVWXQ1aTdxQnZnQmhYYWQ5Yml6N0JQQkVPeGluSzI2REF6OHRfQUYzOFRYLXJxZWRmQ0tYTW1abWlQbnc?oc=5"" target=""_blank"">Market Basket stores in Mass. close early Monday due to the blizzard</a>&nbsp;&nbsp;<font color=""#6f6f6f"">Boston.com</font>"
Market Basket,Moksh Kashyap,Closing,Market Basket stores to close early: Here are the stores that will remain open - Boston 25 News,https://news.google.com/rss/articles/CBMi1AFBVV95cUxPMk1CYjNyTjA3VFRScUxPUHlWVkxrWDQ1MVBZLTJrTnRDTzdfeWxNZ0pHRjFJV2pySWJmOTZyRkUzZHFuNjVOd2FVVm9hU19MZERaQmdFNGMxNDhQSWdYVldfSGhmY0NqQkJiRDFQd0YxN0VsRWg3anRZUFJkSnp2WDRDMTh5THpEVFR6ektHYnZNR1hvSS04QmcwR3VrTFlVOHlLQ1VOZHJzaHBhRXZsOE90TTExckZZZ3RCcUxuUC1xWGNJSnM3S25SZzZ0S2hMbUtIWNIB6AFBVV95cUxNVFdWdWVsMkpDR2R5eHl0S0xpdFNoSDZHUkJ5blpWcG9CMnRaeHZVS3ZCYUtjQWRQREtVVHhBQkdDbUZraVVNZ3lxbGRVN1A0bDRBUHgxWlI3VTF6eGpydmVIMGJKaEhjSDU2YmtzVE5qendrenc2RThPZXVadmMxMzhXTmJaQjVoWmgxMzBoSUZSc2NuWW1HQi16RExoM1VFWWxtZFlPRmg4RWJqSHlDR3dCcjY3Zm1NM0U3ZldQUDFiUmcxQkYtalc4Tkx0ZjJad3pZdl9HbkNNZXFMQVRmQUh2eFNJaWIy?oc=5,"Mon, 23 Feb 2026 17:32:58 GMT","<a href=""https://news.google.com/rss/articles/CBMi1AFBVV95cUxPMk1CYjNyTjA3VFRScUxPUHlWVkxrWDQ1MVBZLTJrTnRDTzdfeWxNZ0pHRjFJV2pySWJmOTZyRkUzZHFuNjVOd2FVVm9hU19MZERaQmdFNGMxNDhQSWdYVldfSGhmY0NqQkJiRDFQd0YxN0VsRWg3anRZUFJkSnp2WDRDMTh5THpEVFR6ektHYnZNR1hvSS04QmcwR3VrTFlVOHlLQ1VOZHJzaHBhRXZsOE90TTExckZZZ3RCcUxuUC1xWGNJSnM3S25SZzZ0S2hMbUtIWNIB6AFBVV95cUxNVFdWdWVsMkpDR2R5eHl0S0xpdFNoSDZHUkJ5blpWcG9CMnRaeHZVS3ZCYUtjQWRQREtVVHhBQkdDbUZraVVNZ3lxbGRVN1A0bDRBUHgxWlI3VTF6eGpydmVIMGJKaEhjSDU2YmtzVE5qendrenc2RThPZXVadmMxMzhXTmJaQjVoWmgxMzBoSUZSc2NuWW1HQi16RExoM1VFWWxtZFlPRmg4RWJqSHlDR3dCcjY3Zm1NM0U3ZldQUDFiUmcxQkYtalc4Tkx0ZjJad3pZdl9HbkNNZXFMQVRmQUh2eFNJaWIy?oc=5"" target=""_blank"">Market Basket stores to close early: Here are the stores that will remain open</a>&nbsp;&nbsp;<font color=""#6f6f6f"">Boston 25 News</font>"
Market Basket,Moksh Kashyap,Closing,"Market Baskets in MA and RI closed, NH and ME open. What to know - The Providence Journal",https://news.google.com/rss/articles/CBMixgFBVV95cUxPTTlIU2Nlc3I0ZnVGV19jTUlXd0paODI2V0R0SEZxTXljMlZnUXVXLU1ocVM4eDI0QWJURjROM1lqNGlCMlp6dEFieUlwbUxuZTQ0b1p5dGtOSTVxYXBEZk1XTjkydVdXYWwyeGpjYm93bW9US0dlRURzZkUyMWUtOEswOHZIaHJHU050ZlNzemhsaC02LVZRMmktLVBsRVowRUtGdzBvNUFvV0R2NGp6NFNHR1BBSXB1UlFXYnFEMS1lZ3RvSVE?oc=5,"Mon, 23 Feb 2026 17:32:00 GMT","<a href=""https://news.google.com/rss/articles/CBMixgFBVV95cUxPTTlIU2Nlc3I0ZnVGV19jTUlXd0paODI2V0R0SEZxTXljMlZnUXVXLU1ocVM4eDI0QWJURjROM1lqNGlCMlp6dEFieUlwbUxuZTQ0b1p5dGtOSTVxYXBEZk1XTjkydVdXYWwyeGpjYm93bW9US0dlRURzZkUyMWUtOEswOHZIaHJHU050ZlNzemhsaC02LVZRMmktLVBsRVowRUtGdzBvNUFvV0R2NGp6NFNHR1BBSXB1UlFXYnFEMS1lZ3RvSVE?oc=5"" target=""_blank"">Market Baskets in MA and RI closed, NH and ME open. What to know</a>&nbsp;&nbsp;<font color=""#6f6f6f"">The Providence Journal</font>"
Market District,Moksh Kashyap,Closing,City commissioners push to speed up Market District roadwork - Tallahassee Democrat,https://news.google.com/rss/articles/CBMixgFBVV95cUxNbVNLdUh6OU9HREllX3BxOEdNM3AwQ0lmdWtYUG9jS09veldXNzRYeHdKUXZvMHA1a19WOHhoaGw0WnNTdFNXTlJVMGJmeWFWSmFuZXJoM3hfTnI2Y0xjOVo5U1JCeG1odkY4SlMxVERzMkhEVnpCejVwSTR4U0ZwdVNONFNsXzEtZlZFeW1MTWtpMU9rRC1JRmZlRS1vVVc3bkZUbEw1dmFSdFZPM0VLc0lvT0RVRm41RmZzNnZ3dWtRa3dqYkE?oc=5,"Mon, 23 Feb 2026 22:29:00 GMT","<a href=""https://news.google.com/rss/articles/CBMixgFBVV95cUxNbVNLdUh6OU9HREllX3BxOEdNM3AwQ0lmdWtYUG9jS09veldXNzRYeHdKUXZvMHA1a19WOHhoaGw0WnNTdFNXTlJVMGJmeWFWSmFuZXJoM3hfTnI2Y0xjOVo5U1JCeG1odkY4SlMxVERzMkhEVnpCejVwSTR4U0ZwdVNONFNsXzEtZlZFeW1MTWtpMU9rRC1JRmZlRS1vVVc3bkZUbEw1dmFSdFZPM0VLc0lvT0RVRm41RmZzNnZ3dWtRa3dqYkE?oc=5"" target=""_blank"">City commissioners push to speed up Market District roadwork</a>&nbsp;&nbsp;<font color=""#6f6f6f"">Tallahassee Democrat</font>"
Pick 'n Save,Rahul Shinde,Closing,Grocery stores are leaving Milwaukee at an alarming rate. Here's what we know - Milwaukee Journal Sentinel,https://news.google.com/rss/articles/CBMi_gFBVV95cUxQeS1iWWpZd2FnOUpwblV3clFKbFZkdF9jb1FsN3BpM1FoQWlGMlpuTDhmWHRhX0YtbHpJYWM0Y01oOGl3ZEQzR3ZoRlBIbXJWR1cxZUpIU3M1b0E3c0EzNVhYWk5wa1hnNnJBak8zd0VydHRlME9mSGU4WXM4cERjR0JEV1ZfZ1lRQ0g4dmJpNGxhRVZ1SXhYQ0Npb1pLdVhLaTc0M0JrRFdpZEVSdXFSMkgzVjJ4Q28tS0gyMjhtYldiODRfSnkybUlpVk5wWTl2Y09mcUE3YTVDZjBnQVByeHF3dHR5OVlYQjhpOWpzU0sxMzMtY2VwYW5LMjAxdw?oc=5,"Mon, 23 Feb 2026 19:20:00 GMT","<a href=""https://news.google.com/rss/articles/CBMi_gFBVV95cUxQeS1iWWpZd2FnOUpwblV3clFKbFZkdF9jb1FsN3BpM1FoQWlGMlpuTDhmWHRhX0YtbHpJYWM0Y01oOGl3ZEQzR3ZoRlBIbXJWR1cxZUpIU3M1b0E3c0EzNVhYWk5wa1hnNnJBak8zd0VydHRlME9mSGU4WXM4cERjR0JEV1ZfZ1lRQ0g4dmJpNGxhRVZ1SXhYQ0Npb1pLdVhLaTc0M0JrRFdpZEVSdXFSMkgzVjJ4Q28tS0gyMjhtYldiODRfSnkybUlpVk5wWTl2Y09mcUE3YTVDZjBnQVByeHF3dHR5OVlYQjhpOWpzU0sxMzMtY2VwYW5LMjAxdw?oc=5"" target=""_blank"">Grocery stores are leaving Milwaukee at an alarming rate. Here's what we know</a>&nbsp;&nbsp;<font color=""#6f6f6f"">Milwaukee Journal Sentinel</font>"
Piggly Wiggly,Rahul Shinde,Closing,"How a closing Bi-Lo, Piggly Wiggly launched Black-owned butchery - Greenville Online",https://news.google.com/rss/articles/CBMi1AFBVV95cUxOVXphT3dmZi0zY0ZxalNNUlpSSVVNRGVQd0ZpMEVFcENWSEI1d2E3Z2QwVDYtbTRLOTFERGpLUWlPRFNrV1J6SGozNGhhZ0YzVmRQbEE1cTFwY2djaEp2NTU5M203X1M2WjR2S0JwYVZrd0l0NE1lRmQzQjNmTEhVWkc3TWdZNG0zMlRVcG5DSzV6SzRqSUlnbGZHOVBYOTJGZ0wycEd2aFF6SF9GRnZrRC1BUnI0V1MwUDh3OXFqRlA1MVVuZ2FlUGhwYjl0TkNiczhpQg?oc=5,"Mon, 23 Feb 2026 10:02:00 GMT","<a href=""https://news.google.com/rss/articles/CBMi1AFBVV95cUxOVXphT3dmZi0zY0ZxalNNUlpSSVVNRGVQd0ZpMEVFcENWSEI1d2E3Z2QwVDYtbTRLOTFERGpLUWlPRFNrV1J6SGozNGhhZ0YzVmRQbEE1cTFwY2djaEp2NTU5M203X1M2WjR2S0JwYVZrd0l0NE1lRmQzQjNmTEhVWkc3TWdZNG0zMlRVcG5DSzV6SzRqSUlnbGZHOVBYOTJGZ0wycEd2aFF6SF9GRnZrRC1BUnI0V1MwUDh3OXFqRlA1MVVuZ2FlUGhwYjl0TkNiczhpQg?oc=5"" target=""_blank"">How a closing Bi-Lo, Piggly Wiggly launched Black-owned butchery</a>&nbsp;&nbsp;<font color=""#6f6f6f"">Greenville Online</font>"
Stop & Shop,Rishi Nagar,Closing,Which supermarkets are open or closed in the NJ blizzard? - Asbury Park Press,https://news.google.com/rss/articles/CBMi0gFBVV95cUxPU1hFeEkxcnFXMkIxRmg3TU1zSlJBQ0ZiWm9CdENkeml1MUgwWTlqb0lndGRXbElTOEZFVFVQWlVUb1IzZzk5cHNucVpvMnFGV2JnQmxGTnpsejl2S3FCNjB6ZGEzUldPaGdYa2w5aVU5VkJnRFJpS1ZSaUMxOGt3eTRZSldYeVJVRGRUVUtvT1BjdGZTdWIxRWdtQzZobWlNdXoyOFQ5dDBtQmVROF9fVGtmU2FZSWN6VnRyUUVhYkVwTWJ0WlF6cWI2RTlaNnlibVE?oc=5,"Mon, 23 Feb 2026 21:49:00 GMT","<a href=""https://news.google.com/rss/articles/CBMi0gFBVV95cUxPU1hFeEkxcnFXMkIxRmg3TU1zSlJBQ0ZiWm9CdENkeml1MUgwWTlqb0lndGRXbElTOEZFVFVQWlVUb1IzZzk5cHNucVpvMnFGV2JnQmxGTnpsejl2S3FCNjB6ZGEzUldPaGdYa2w5aVU5VkJnRFJpS1ZSaUMxOGt3eTRZSldYeVJVRGRUVUtvT1BjdGZTdWIxRWdtQzZobWlNdXoyOFQ5dDBtQmVROF9fVGtmU2FZSWN6VnRyUUVhYkVwTWJ0WlF6cWI2RTlaNnlibVE?oc=5"" target=""_blank"">Which supermarkets are open or closed in the NJ blizzard?</a>&nbsp;&nbsp;<font color=""#6f6f6f"">Asbury Park Press</font>"
At Home,Rishi Nagar,Opening,New York City Restaurants Face the Blizzard - The New York Times,https://news.google.com/rss/articles/CBMie0FVX3lxTE9LUGhsMTZhaFBwUkd2VVhZVzZ1VmF2d2hNa21oZW5XYVZ3SE95eEJjeHUyNFJlT2FscTc2c1ZFOWZBaEx4UUI4aUZJSmk3TlA0SzNTQzNZZm5WVGw4eDJxM09OUnlKWTk0eUR0ZEZmQk9xakk2TzZFN0hLTQ?oc=5,"Mon, 23 Feb 2026 22:23:11 GMT","<a href=""https://news.google.com/rss/articles/CBMie0FVX3lxTE9LUGhsMTZhaFBwUkd2VVhZVzZ1VmF2d2hNa21oZW5XYVZ3SE95eEJjeHUyNFJlT2FscTc2c1ZFOWZBaEx4UUI4aUZJSmk3TlA0SzNTQzNZZm5WVGw4eDJxM09OUnlKWTk0eUR0ZEZmQk9xakk2TzZFN0hLTQ?oc=5"" target=""_blank"">New York City Restaurants Face the Blizzard</a>&nbsp;&nbsp;<font color=""#6f6f6f"">The New York Times</font>"
At Home,Rishi Nagar,Opening,Lecce 0-2 Inter Milan – Armenian Veteran Breaks Long Serie A Away Drought To Open The Scoring - SempreInter.com,https://news.google.com/rss/articles/CBMinwFBVV95cUxNcThUcUFmZEEydklUd2Q5ZWV0LVlmYXZCeHZpWVZzU1BEZnhLUDBmZlRSR0hDYzZYLWROckRKTzAxTzRVWFVGeFM5ZkpBT1dXVFVMRThXeVc0ZmZpS3FPWjBmSTZXZkVJb3ZwZ3RHTjlaUlNGQVNRNVRLOTFSR08xcXVZZVozSVh4aGpJVldQMTZMSFE2S2UxTW9iX0wwTmPSAaQBQVVfeXFMTmtUbmlTYXJwZ3hPOTlPME5SV3N5SkVMQjJQamxLRGg4bnFseko4YW9IUk5meWt6VEJhd3hjaXFsdG5BbUNaRjczcFZYakZQMlVVWG1FMnB1RXBJa3pYVTd4dVJOVzItQnpkRkJIUkJaOV84Y3hSRC1zVHlGXzZsT2xNZTc1TVVRTG9yNVNraWEyR284VTlCN2EzU2NTYmV2UFdqSl8?oc=5,"Mon, 23 Feb 2026 10:38:14 GMT","<a href=""https://news.google.com/rss/articles/CBMinwFBVV95cUxNcThUcUFmZEEydklUd2Q5ZWV0LVlmYXZCeHZpWVZzU1BEZnhLUDBmZlRSR0hDYzZYLWROckRKTzAxTzRVWFVGeFM5ZkpBT1dXVFVMRThXeVc0ZmZpS3FPWjBmSTZXZkVJb3ZwZ3RHTjlaUlNGQVNRNVRLOTFSR08xcXVZZVozSVh4aGpJVldQMTZMSFE2S2UxTW9iX0wwTmPSAaQBQVVfeXFMTmtUbmlTYXJwZ3hPOTlPME5SV3N5SkVMQjJQamxLRGg4bnFseko4YW9IUk5meWt6VEJhd3hjaXFsdG5BbUNaRjczcFZYakZQMlVVWG1FMnB1RXBJa3pYVTd4dVJOVzItQnpkRkJIUkJaOV84Y3hSRC1zVHlGXzZsT2xNZTc1TVVRTG9yNVNraWEyR284VTlCN2EzU2NTYmV2UFdqSl8?oc=5"" target=""_blank"">Lecce 0-2 Inter Milan – Armenian Veteran Breaks Long Serie A Away Drought To Open The Scoring</a>&nbsp;&nbsp;<font color=""#6f6f6f"">SempreInter.com</font>"
At Home,Rishi Nagar,Opening,Lecce 0-2 Inter Milan – Armenian Veteran Breaks Long Serie A Away Drought To Open The Scoring - OneFootball,https://news.google.com/rss/articles/CBMizAFBVV95cUxQbThDYlpvNG8yMmFJWGdkZ3kwNGZIOEdxSUpwS09xQlh4akF3ZThyY0pmZGg4YmxzOVRWUXFUNzFWTVo4MU4tMlNrWk1yMHVrRDRCQnFXUW5vUzhlMHpCbVhZdmU3U1NIMXVLVG9zT245R2U4ZmNRNUhqYmloeFhWYmRfdXhkTkR4U1Q4elF3TUpYamh3RTVmRUZPTEtuT3kwRF9SNTh6aFNpb2E3TFpVWFhBZW1BNWwzOU9rZFFfUHdVT1hXaER5QXFMbDM?oc=5,"Mon, 23 Feb 2026 10:25:42 GMT","<a href=""https://news.google.com/rss/articles/CBMizAFBVV95cUxQbThDYlpvNG8yMmFJWGdkZ3kwNGZIOEdxSUpwS09xQlh4akF3ZThyY0pmZGg4YmxzOVRWUXFUNzFWTVo4MU4tMlNrWk1yMHVrRDRCQnFXUW5vUzhlMHpCbVhZdmU3U1NIMXVLVG9zT245R2U4ZmNRNUhqYmloeFhWYmRfdXhkTkR4U1Q4elF3TUpYamh3RTVmRUZPTEtuT3kwRF9SNTh6aFNpb2E3TFpVWFhBZW1BNWwzOU9rZFFfUHdVT1hXaER5QXFMbDM?oc=5"" target=""_blank"">Lecce 0-2 Inter Milan – Armenian Veteran Breaks Long Serie A Away Drought To Open The Scoring</a>&nbsp;&nbsp;<font color=""#6f6f6f"">OneFootball</font>"
At Home,Rishi Nagar,Opening,BASEBALL BREAKS OUT THE BATS TO TAKE THE SERIES WITH 21-2 ROUT - hornetsports.com,https://news.google.com/rss/articles/CBMitwFBVV95cUxOY1poU3NWeXRXNDBScnpXZk91alBCd290UDUxN0xzRERIWm0wSTlOeTQ5dlBiUUhFbWpXbk8tbUpyT3pDejlsMkZEcDFTRGdLOHZGVzRGLXo5NWduUHh4MkdFSjBYZk9wMGJPWURDZWhBOFF1bkthSWVkWTZsd3lWYjdfbjQ3XzV4aDQ3SUdiOE15ZTFxWENvSjU4MXl3dlBVRFJja1c0aXhKZERJYU45X0w2SWFyWXM?oc=5,"Mon, 23 Feb 2026 04:46:49 GMT","<a href=""https://news.google.com/rss/articles/CBMitwFBVV95cUxOY1poU3NWeXRXNDBScnpXZk91alBCd290UDUxN0xzRERIWm0wSTlOeTQ5dlBiUUhFbWpXbk8tbUpyT3pDejlsMkZEcDFTRGdLOHZGVzRGLXo5NWduUHh4MkdFSjBYZk9wMGJPWURDZWhBOFF1bkthSWVkWTZsd3lWYjdfbjQ3XzV4aDQ3SUdiOE15ZTFxWENvSjU4MXl3dlBVRFJja1c0aXhKZERJYU45X0w2SWFyWXM?oc=5"" target=""_blank"">BASEBALL BREAKS OUT THE BATS TO TAKE THE SERIES WITH 21-2 ROUT</a>&nbsp;&nbsp;<font color=""#6f6f6f"">hornetsports.com</font>"
At Home,Rishi Nagar,Closing,"Storm shutters Staten Island restaurants, but kitchens stay busy - SILive.com",https://news.google.com/rss/articles/CBMiqgFBVV95cUxQSnRHOWNVR3c1Wkd4ckJjOVFBRmM5dnJKanFsZkkxUHdiUGhWOXU1UmtJZWpQdXFGd2hPU2VaSXZxS0MxUHpBTGJKZUFjZEsxenBKNlZzUzlFMFdfZFhkeWNicXBYMTczR1VkVGd0cE42QUgwRExnRmkyTEJxdnhBOUxoUDFfVk8tZWRQZHlzUWxKS3F2ejRtX3BYbXd1YWxIYm5rWkNhVk9xdw?oc=5,"Mon, 23 Feb 2026 16:11:00 GMT","<a href=""https://news.google.com/rss/articles/CBMiqgFBVV95cUxQSnRHOWNVR3c1Wkd4ckJjOVFBRmM5dnJKanFsZkkxUHdiUGhWOXU1UmtJZWpQdXFGd2hPU2VaSXZxS0MxUHpBTGJKZUFjZEsxenBKNlZzUzlFMFdfZFhkeWNicXBYMTczR1VkVGd0cE42QUgwRExnRmkyTEJxdnhBOUxoUDFfVk8tZWRQZHlzUWxKS3F2ejRtX3BYbXd1YWxIYm5rWkNhVk9xdw?oc=5"" target=""_blank"">Storm shutters Staten Island restaurants, but kitchens stay busy</a>&nbsp;&nbsp;<font color=""#6f6f6f"">SILive.com</font>"
At Home,Rishi Nagar,Closing,"School closing and delays, NJ travel ban, state of emergency declared: Millions in New York City stuck at - The Economic Times",https://news.google.com/rss/articles/CBMixwJBVV95cUxQWV8tOFdPTUZyRHpweDNjQWVJWm1WN0JZMklWZDI0MEI1cWN5bUJPWUE4SFQwZzY4cXFMY2VDNFdSWkhfZDVHdERNY2ZTb3M5RVFkVTh3WngyOUxQNUZNSFZ3UWJoM21JbFNIX0NDSkZweC04VGk5bVhsWllGQk8wcERvSVlfNmtuUUVTdVhEdUR6SUk3OVNGOVBoQUFtbllaM2VnNjh6WWV4OTdob2lVeWw5V0JyaWJTby0td0dsZHZnTl9VbFVjLVdSVlRmNlVkeno5c2VuU1daV2JuSlRYZzM3YndhNmZGa0wySzhEaVZNX2ZYZE1SY05hbVd1dV81dlFBSTdfT01fRk9DTFpBRFNqNXk0ZEVETUd1UmFFXy1yUnkwbF9FSHp4N1h6WEhLT3ljZnl5Wld5MjRBeUd0UE1jR1JkeDjSAcwCQVVfeXFMUHRCLXQwNEtCZktKWV9vRkZIQVRzSGhFQnktU0xMNFgyUVF0YzBQN1hLU09yNmFGR1VEQ1pDRnZoWll5WGlnSUg3MlJOTUlwLTJGWFpvWFFJV1BDMzRFclZTOWtVTERXT2x0WEdEWHZxZndZU1VMQUFHYy1HaXBTY09zb1pOVTRNUlVob01WZXkwWXgyM2daUnRNNnVET3ZIbWIzM0tMbXluNzJ0QlFEM1BLdFR0alFvZVR0b0hNQ0pKUEhzcDdUTXpEMC1HaTc2Skt1czUwdGtzdFlneFYzWVJkSktkZkZUREJZODE5SktoVzhKUldMaDVuVHdHNE9VMk03ajlUMTJhdnhTNkxsamNWUEhpN0tobjY1Um5ra3B5NnR2TngwX1d0c2ZKYWo0eFN3X0VBVnI0b1NQczQzazR3aHE5U2djVWtLVUY?oc=5,"Mon, 23 Feb 2026 12:35:34 GMT","<a href=""https://news.google.com/rss/articles/CBMixwJBVV95cUxQWV8tOFdPTUZyRHpweDNjQWVJWm1WN0JZMklWZDI0MEI1cWN5bUJPWUE4SFQwZzY4cXFMY2VDNFdSWkhfZDVHdERNY2ZTb3M5RVFkVTh3WngyOUxQNUZNSFZ3UWJoM21JbFNIX0NDSkZweC04VGk5bVhsWllGQk8wcERvSVlfNmtuUUVTdVhEdUR6SUk3OVNGOVBoQUFtbllaM2VnNjh6WWV4OTdob2lVeWw5V0JyaWJTby0td0dsZHZnTl9VbFVjLVdSVlRmNlVkeno5c2VuU1daV2JuSlRYZzM3YndhNmZGa0wySzhEaVZNX2ZYZE1SY05hbVd1dV81dlFBSTdfT01fRk9DTFpBRFNqNXk0ZEVETUd1UmFFXy1yUnkwbF9FSHp4N1h6WEhLT3ljZnl5Wld5MjRBeUd0UE1jR1JkeDjSAcwCQVVfeXFMUHRCLXQwNEtCZktKWV9vRkZIQVRzSGhFQnktU0xMNFgyUVF0YzBQN1hLU09yNmFGR1VEQ1pDRnZoWll5WGlnSUg3MlJOTUlwLTJGWFpvWFFJV1BDMzRFclZTOWtVTERXT2x0WEdEWHZxZndZU1VMQUFHYy1HaXBTY09zb1pOVTRNUlVob01WZXkwWXgyM2daUnRNNnVET3ZIbWIzM0tMbXluNzJ0QlFEM1BLdFR0alFvZVR0b0hNQ0pKUEhzcDdUTXpEMC1HaTc2Skt1czUwdGtzdFlneFYzWVJkSktkZkZUREJZODE5SktoVzhKUldMaDVuVHdHNE9VMk03ajlUMTJhdnhTNkxsamNWUEhpN0tobjY1Um5ra3B5NnR2TngwX1d0c2ZKYWo0eFN3X0VBVnI0b1NQczQzazR3aHE5U2djVWtLVUY?oc=5"" target=""_blank"">School closing and delays, NJ travel ban, state of emergency declared: Millions in New York City stuck at</a>&nbsp;&nbsp;<font color=""#6f6f6f"">The Economic Times</font>"
Circle K,Rishi Nagar,Closing,Southern California Motorists Received Temporary Gas Price Relief Amid Surging Costs and Refinery Disruptions - avandatimes.com,https://news.google.com/rss/articles/CBMi1gFBVV95cUxQZzBWVWg5ZXpwenhKcHdKMzBOZU9RWHZwY2M4RnVDblI3Vng4NUhzXzJoT2w1Q20wMjhvZWJ0ZXJZai11c3F4RnF2WFFTa0RleE81Mnl2XzhRU080V09SZzI1d3BSeHFuZ3Nfc2FLTjgyS1V1YkpYNFlzNVBuSUIxajBtenlFeF9TazRaTjBXTk5mSEM2TXJ3YVZ0ZWs5T1JNcy13cWpQZmg3ZENuMkM5U3loNDdram9nOEdNQkdQYzJnbmFxY1dsanZWLWRJa0lYU2JwUmpn?oc=5,"Tue, 24 Feb 2026 02:04:29 GMT","<a href=""https://news.google.com/rss/articles/CBMi1gFBVV95cUxQZzBWVWg5ZXpwenhKcHdKMzBOZU9RWHZwY2M4RnVDblI3Vng4NUhzXzJoT2w1Q20wMjhvZWJ0ZXJZai11c3F4RnF2WFFTa0RleE81Mnl2XzhRU080V09SZzI1d3BSeHFuZ3Nfc2FLTjgyS1V1YkpYNFlzNVBuSUIxajBtenlFeF9TazRaTjBXTk5mSEM2TXJ3YVZ0ZWs5T1JNcy13cWpQZmg3ZENuMkM5U3loNDdram9nOEdNQkdQYzJnbmFxY1dsanZWLWRJa0lYU2JwUmpn?oc=5"" target=""_blank"">Southern California Motorists Received Temporary Gas Price Relief Amid Surging Costs and Refinery Disruptions</a>&nbsp;&nbsp;<font color=""#6f6f6f"">avandatimes.com</font>"
Dollar General,Shuvechha Dere,Opening,"Dollar General opens new store in Somerville, grand opening set for Feb. 28 - Hartselle Enquirer",https://news.google.com/rss/articles/CBMisgFBVV95cUxNUDl6a1RUYm84MUVWRS1PRi02RXVFX0hKZ29XcFlrZ2tFWWk1S1ljWHFKVzFtcEtOeEVSR0c5OVc1d0VQSVNZNVBkOUZ6a3Zja0ZqUktJYkZlZ29WUnk4ZW5sUU43eE5PME1hdnI0cHM4aGJkdWR2NmN2OE9pUTFwVTFsMHFfa1RhRlRaa3BsaGVSeEZfNkhpWFBCVXp3Nl9GeTk3ZkRGQ1RJcDlZR29FcnVn?oc=5,"Mon, 23 Feb 2026 14:39:33 GMT","<a href=""https://news.google.com/rss/articles/CBMisgFBVV95cUxNUDl6a1RUYm84MUVWRS1PRi02RXVFX0hKZ29XcFlrZ2tFWWk1S1ljWHFKVzFtcEtOeEVSR0c5OVc1d0VQSVNZNVBkOUZ6a3Zja0ZqUktJYkZlZ29WUnk4ZW5sUU43eE5PME1hdnI0cHM4aGJkdWR2NmN2OE9pUTFwVTFsMHFfa1RhRlRaa3BsaGVSeEZfNkhpWFBCVXp3Nl9GeTk3ZkRGQ1RJcDlZR29FcnVn?oc=5"" target=""_blank"">Dollar General opens new store in Somerville, grand opening set for Feb. 28</a>&nbsp;&nbsp;<font color=""#6f6f6f"">Hartselle Enquirer</font>"
Dogtopia,Suryakant Rajput,Closing,Which Bergen County NJ Schools Are Closed Or Delayed Tuesday Amid Blizzard And High Snow Totals? See List - Patch,https://news.google.com/rss/articles/CBMiugFBVV95cUxQd05NOEdBdlRUajZvbmlhc0hLY0pOdmxNYlFxRlJlWTlsdHVIeW92LXRfT216Um1nUGlGU2staDAxeTRwNC1HVFk5d1BuNGY5dHhpNmlYeHNJVWhhZWU0Y2NuZklqMnpnclR5dW9ZZmpRUUJyeDRPOXdIX0FEM0NCN1pqN19DVUplX0tBZGlFQXRfSC04VFZLTDBCaWZHeTdwdzUyQWt1eWFRUnMxSHpFMU00YjBnTFF0UkHSAecBQVVfeXFMTUhWSHZkaEZ5Zi1tS0RVeWpLanJiTUV0OW52b3lSRThFSE9YZzRUSFJDQjRZY0F6dnhTdDJCbGxOdDd4TTdPMkNteW9OdlVOdnIwUExzakNqUVhRQ0h6RnZFQzZVUlM5c0owTUgwNURPMUUyNjdiMnc4NmNVX1g1M1JvYlRZamxqMUp6RFgwZDlXVE5BVjVVMGxCejFEN2ltODZMRWt3cDJnSkZlc1pYb2c3dmtuSlNGLTNaOTUzTmIwTkVhMGRBLThvUmRNR01udENnRXZJQTBGTTVqUDlubnNmMFZzeV9N?oc=5,"Mon, 23 Feb 2026 20:13:10 GMT","<a href=""https://news.google.com/rss/articles/CBMiugFBVV95cUxQd05NOEdBdlRUajZvbmlhc0hLY0pOdmxNYlFxRlJlWTlsdHVIeW92LXRfT216Um1nUGlGU2staDAxeTRwNC1HVFk5d1BuNGY5dHhpNmlYeHNJVWhhZWU0Y2NuZklqMnpnclR5dW9ZZmpRUUJyeDRPOXdIX0FEM0NCN1pqN19DVUplX0tBZGlFQXRfSC04VFZLTDBCaWZHeTdwdzUyQWt1eWFRUnMxSHpFMU00YjBnTFF0UkHSAecBQVVfeXFMTUhWSHZkaEZ5Zi1tS0RVeWpLanJiTUV0OW52b3lSRThFSE9YZzRUSFJDQjRZY0F6dnhTdDJCbGxOdDd4TTdPMkNteW9OdlVOdnIwUExzakNqUVhRQ0h6RnZFQzZVUlM5c0owTUgwNURPMUUyNjdiMnc4NmNVX1g1M1JvYlRZamxqMUp6RFgwZDlXVE5BVjVVMGxCejFEN2ltODZMRWt3cDJnSkZlc1pYb2c3dmtuSlNGLTNaOTUzTmIwTkVhMGRBLThvUmRNR01udENnRXZJQTBGTTVqUDlubnNmMFZzeV9N?oc=5"" target=""_blank"">Which Bergen County NJ Schools Are Closed Or Delayed Tuesday Amid Blizzard And High Snow Totals? See List</a>&nbsp;&nbsp;<font color=""#6f6f6f"">Patch</font>"
Hollywood Feed,Suryakant Rajput,Opening,"Healthy, happy & holistic: Hollywood Feed expands in the Charlotte area – sponsored by Hollywood Feed - WCNC",https://news.google.com/rss/articles/CBMirwJBVV95cUxNc09YdEIxTjZqakFWa3l0cFlnOV9LT1IwWEVxbFdpQlJ4OFVwMzgxSF85czBUdnA1czZEWmtBU2NoLUEzT0VJbXAwbFZldDN4OVE2aG9vTzJLa3NzRGVoVjNjZ2s5b3lrS0toSC1DR1U0NVhrOVE2Vm5YZkJBeG9CR3FoZTJpVi1oMjlSMjBCNTlYWVZjWHZfU3VDaVZNYlgyUC1XdUhGU19iZGRWVWl5SGFTeVJGN3VuZlF1dmhkR2RkRlBLWVhMU1BkLUUzWWVodDRoRmNCdzUtX1RlSTlaOGVIei11N1pBMHZXalBYckhLQjVxX3ZhaHdpNXlrSDZLX3NZNXZkUFN6TGs1THdWV3AzOU1Kc2txZ2F2LTVEWm95ZXdWSE5uZ3JkME42ckk?oc=5,"Mon, 23 Feb 2026 17:14:00 GMT","<a href=""https://news.google.com/rss/articles/CBMirwJBVV95cUxNc09YdEIxTjZqakFWa3l0cFlnOV9LT1IwWEVxbFdpQlJ4OFVwMzgxSF85czBUdnA1czZEWmtBU2NoLUEzT0VJbXAwbFZldDN4OVE2aG9vTzJLa3NzRGVoVjNjZ2s5b3lrS0toSC1DR1U0NVhrOVE2Vm5YZkJBeG9CR3FoZTJpVi1oMjlSMjBCNTlYWVZjWHZfU3VDaVZNYlgyUC1XdUhGU19iZGRWVWl5SGFTeVJGN3VuZlF1dmhkR2RkRlBLWVhMU1BkLUUzWWVodDRoRmNCdzUtX1RlSTlaOGVIei11N1pBMHZXalBYckhLQjVxX3ZhaHdpNXlrSDZLX3NZNXZkUFN6TGs1THdWV3AzOU1Kc2txZ2F2LTVEWm95ZXdWSE5uZ3JkME42ckk?oc=5"" target=""_blank"">Healthy, happy & holistic: Hollywood Feed expands in the Charlotte area – sponsored by Hollywood Feed</a>&nbsp;&nbsp;<font color=""#6f6f6f"">WCNC</font>"
Hollywood Feed,Suryakant Rajput,Opening,"Healthy, happy & holistic: Hollywood Feed expands in the Charlotte area – sponsored by Hollywood Feed - WCNC",https://news.google.com/rss/articles/CBMirAJBVV95cUxQUmUtblp4UGZGVmsycGNId3NxZkRYMDItRUFqdTEzczBqU0hfYkhfUVJwMEM2cjRIb2psZW5ZdVQ4WHd2WXAwemxrNUdSQlp3TlBJT0xTSi1TbmZ0ZFZMd2tyRWFzOWFmYXRadWo3WEh3TWpQMkdyZm5nU3h5cXZOblVvRmM5SW4wcWw0R3BHTWZGb0l1OWxpV29KRjlTMEc5aTQtVkV4cEVGemhRbUtIVHh1bE14bGViRDZ1M0x0Vnh1bHpPcUJCdExfSVVJMlBBTE9IMWl1UEtZakE0RTBNbDBfY1BqbEswckNnRVltQXhzYzIxejhnelJHRTFGcEdQaG4takU4WEE1YUlrMzVlZElydmxIaklYT1cxOXZZb3Utc3gwQ0ptNlNLTWQ?oc=5,"Mon, 23 Feb 2026 17:11:00 GMT","<a href=""https://news.google.com/rss/articles/CBMirAJBVV95cUxQUmUtblp4UGZGVmsycGNId3NxZkRYMDItRUFqdTEzczBqU0hfYkhfUVJwMEM2cjRIb2psZW5ZdVQ4WHd2WXAwemxrNUdSQlp3TlBJT0xTSi1TbmZ0ZFZMd2tyRWFzOWFmYXRadWo3WEh3TWpQMkdyZm5nU3h5cXZOblVvRmM5SW4wcWw0R3BHTWZGb0l1OWxpV29KRjlTMEc5aTQtVkV4cEVGemhRbUtIVHh1bE14bGViRDZ1M0x0Vnh1bHpPcUJCdExfSVVJMlBBTE9IMWl1UEtZakE0RTBNbDBfY1BqbEswckNnRVltQXhzYzIxejhnelJHRTFGcEdQaG4takU4WEE1YUlrMzVlZElydmxIaklYT1cxOXZZb3Utc3gwQ0ptNlNLTWQ?oc=5"" target=""_blank"">Healthy, happy & holistic: Hollywood Feed expands in the Charlotte area – sponsored by Hollywood Feed</a>&nbsp;&nbsp;<font color=""#6f6f6f"">WCNC</font>"
Domino's Pizza,Vishwas Shah,Closing,Domino's just revealed how it plans to win pizza wars after Pizza Hut store closures—it's good news for fast food lovers - Fast Company,https://news.google.com/rss/articles/CBMi7wFBVV95cUxNNVNTaTB3RDE3VGF2MUtpRjVWYlJqODN0dENXcl83WkJuT1NpdVl5dVlBOFVIbTNnNEVMVUNpMzdOZER5Y1lBY2xteU9wT05CcFZ0ckhRU2lmUTdIdzBwOG05MnpKNmltV2RGZVItMHV1OHJRT25DTVY4eVJ5SnJld0xCMHFRSE1RR21OTHZmYndaRmIxbE5ZblVkNEZoeWZSeXhUdWY1Yk8ya25SVWxQT2VIamhNVEtkeUUyTTAxTF9fNlpmN1lnRlNBa3N6QUpVcVI0aXEtaTQ0OU1aRzlxSVFnY19PLTZaRzQ0WjlSNA?oc=5,"Mon, 23 Feb 2026 18:43:38 GMT","<a href=""https://news.google.com/rss/articles/CBMi7wFBVV95cUxNNVNTaTB3RDE3VGF2MUtpRjVWYlJqODN0dENXcl83WkJuT1NpdVl5dVlBOFVIbTNnNEVMVUNpMzdOZER5Y1lBY2xteU9wT05CcFZ0ckhRU2lmUTdIdzBwOG05MnpKNmltV2RGZVItMHV1OHJRT25DTVY4eVJ5SnJld0xCMHFRSE1RR21OTHZmYndaRmIxbE5ZblVkNEZoeWZSeXhUdWY1Yk8ya25SVWxQT2VIamhNVEtkeUUyTTAxTF9fNlpmN1lnRlNBa3N6QUpVcVI0aXEtaTQ0OU1aRzlxSVFnY19PLTZaRzQ0WjlSNA?oc=5"" target=""_blank"">Domino's just revealed how it plans to win pizza wars after Pizza Hut store closures—it's good news for fast food lovers</a>&nbsp;&nbsp;<font color=""#6f6f6f"">Fast Company</font>"
